# OBJ generated by ONSHAPE BY PTC INC, 1.215 Units = meters
mtllib Pointer.mtl
g Part 1
v -0.0586674 0.005 0.025 
v -0.0586674 0.00497069 0.0244594 
v -0.0586674 0.0048831 0.0239251 
v -0.0586674 0.00473827 0.0234035 
v -0.0586674 0.00453788 0.0229006 
v -0.0586674 0.00428429 0.0224222 
v -0.0586674 0.00398047 0.0219741 
v -0.0586674 0.00362998 0.0215615 
v -0.0586674 0.00323693 0.0211892 
v -0.0586674 0.00280594 0.0208616 
v -0.0586674 0.00234204 0.0205824 
v -0.0586674 0.00185069 0.0203551 
v -0.0586674 0.00133764 0.0201823 
v -0.0586674 0.00080891 0.0200659 
v -0.0586674 0.000270695 0.0200073 
v -0.0586674 -0.000270695 0.0200073 
v -0.0586674 -0.00080891 0.0200659 
v -0.0586674 -0.00133764 0.0201823 
v -0.0586674 -0.00185069 0.0203551 
v -0.0586674 -0.00234204 0.0205824 
v -0.0586674 -0.00280594 0.0208616 
v -0.0586674 -0.00323693 0.0211892 
v -0.0586674 -0.00362998 0.0215615 
v -0.0586674 -0.00398047 0.0219741 
v -0.0586674 -0.00428429 0.0224222 
v -0.0586674 -0.00453788 0.0229006 
v -0.0586674 -0.00473827 0.0234035 
v -0.0586674 -0.0048831 0.0239251 
v -0.0586674 -0.00497069 0.0244594 
v -0.0586674 -0.005 0.025 
v -0.0586674 -0.00497069 0.0255406 
v -0.0586674 -0.0048831 0.0260749 
v -0.0586674 -0.00473827 0.0265965 
v -0.0586674 -0.00453788 0.0270994 
v -0.0586674 -0.00428429 0.0275778 
v -0.0586674 -0.00398047 0.0280259 
v -0.0586674 -0.00362998 0.0284385 
v -0.0586674 -0.00323693 0.0288108 
v -0.0586674 -0.00280594 0.0291384 
v -0.0586674 -0.00234204 0.0294176 
v -0.0586674 -0.00185069 0.0296449 
v -0.0586674 -0.00133764 0.0298177 
v -0.0586674 -0.00080891 0.0299341 
v -0.0586674 -0.000270695 0.0299927 
v -0.0586674 0.000270695 0.0299927 
v -0.0586674 0.00080891 0.0299341 
v -0.0586674 0.00133764 0.0298177 
v -0.0586674 0.00185069 0.0296449 
v -0.0586674 0.00234204 0.0294176 
v -0.0586674 0.00280594 0.0291384 
v -0.0586674 0.00323693 0.0288108 
v -0.0586674 0.00362998 0.0284385 
v -0.0586674 0.00398047 0.0280259 
v -0.0586674 0.00428429 0.0275778 
v -0.0586674 0.00453788 0.0270994 
v -0.0586674 0.00473827 0.0265965 
v -0.0586674 0.0048831 0.0260749 
v -0.0586674 0.00497069 0.0255406 
v -0.0680013 -4.33681e-19 0.025 
v -0.005 0.005 0.025 
v -0.005 0.00497069 0.0255406 
v -0.005 0.0048831 0.0260749 
v -0.005 0.00473827 0.0265965 
v -0.005 0.00453788 0.0270994 
v -0.005 0.00428429 0.0275778 
v -0.005 0.00398047 0.0280259 
v -0.005 0.00362998 0.0284385 
v -0.005 0.00323693 0.0288108 
v -0.005 0.00280594 0.0291384 
v -0.005 0.00234204 0.0294176 
v -0.005 0.00185069 0.0296449 
v -0.005 0.00133764 0.0298177 
v -0.005 0.00080891 0.0299341 
v -0.005 0.000270695 0.0299927 
v -0.005 -0.000270695 0.0299927 
v -0.005 -0.00080891 0.0299341 
v -0.005 -0.00133764 0.0298177 
v -0.005 -0.00185069 0.0296449 
v -0.005 -0.00234204 0.0294176 
v -0.005 -0.00280594 0.0291384 
v -0.005 -0.00323693 0.0288108 
v -0.005 -0.00362998 0.0284385 
v -0.005 -0.00398047 0.0280259 
v -0.005 -0.00428429 0.0275778 
v -0.005 -0.00453788 0.0270994 
v -0.005 -0.00473827 0.0265965 
v -0.005 -0.0048831 0.0260749 
v -0.005 -0.00497069 0.0255406 
v -0.005 -0.005 0.025 
v -0.005 -0.00497069 0.0244594 
v -0.005 -0.0048831 0.0239251 
v -0.005 -0.00473827 0.0234035 
v -0.005 -0.00453788 0.0229006 
v -0.005 -0.00428429 0.0224222 
v -0.005 -0.00398047 0.0219741 
v -0.005 -0.00362998 0.0215615 
v -0.005 -0.00323693 0.0211892 
v -0.005 -0.00280594 0.0208616 
v -0.005 -0.00234204 0.0205824 
v -0.005 -0.00185069 0.0203551 
v -0.005 -0.00133764 0.0201823 
v -0.005 -0.00080891 0.0200659 
v -0.005 -0.000270695 0.0200073 
v -0.005 0.000270695 0.0200073 
v -0.005 0.00080891 0.0200659 
v -0.005 0.00133764 0.0201823 
v -0.005 0.00185069 0.0203551 
v -0.005 0.00234204 0.0205824 
v -0.005 0.00280594 0.0208616 
v -0.005 0.00323693 0.0211892 
v -0.005 0.00362998 0.0215615 
v -0.005 0.00398047 0.0219741 
v -0.005 0.00428429 0.0224222 
v -0.005 0.00453788 0.0229006 
v -0.005 0.00473827 0.0234035 
v -0.005 0.0048831 0.0239251 
v -0.005 0.00497069 0.0244594 
v -0.005 0.0233457 0.00128428 
v -0.005 0.0229389 0.000954915 
v -0.005 -0.0225 0.000669873 
v -0.005 -0.0229389 0.000954915 
v -0.005 0.025 0.005 
v -0.005 0.0237157 0.00165435 
v -0.005 -0.02 0 
v -0.005 -0.0233457 0.00128428 
v -0.005 -0.0237157 0.00165435 
v -0.005 -0.0220337 0.000432273 
v -0.005 -0.0210396 0.000109262 
v -0.005 -0.0249726 0.00447736 
v -0.005 -0.025 0.005 
v -0.005 -0.0247553 0.00345492 
v -0.005 -0.0248907 0.00396044 
v -0.005 -0.0240451 0.00206107 
v -0.005 -0.0243301 0.0025 
v -0.005 0.025 0.040718 
v -0.005 0.0247553 0.00345492 
v -0.005 0.0245677 0.00296632 
v -0.005 0.0249726 0.00447736 
v -0.005 0.0248907 0.00396044 
v -0.005 0.0225 0.000669873 
v -0.005 0.0220337 0.000432273 
v -0.005 0.0240451 0.00206107 
v -0.005 -0.0205226 2.73905e-05 
v -0.005 -0.0215451 0.000244717 
v -0.005 -0.0245677 0.00296632 
v -0.005 -0.025 0.040718 
v -0.005 0.0243301 0.0025 
v -0.005 0.0215451 0.000244717 
v -0.005 0.0210396 0.000109262 
v -0.005 0.0205226 2.73905e-05 
v -0.005 0.02 0 
v 0.035 -0.025 0.03 
v 0.035 0.025 0.03 
v 2.58833e-18 -0.025 0.005 
v 1.67487e-18 -0.0249726 0.00447736 
v 1.68991e-18 -0.0248907 0.00396044 
v 1.7148e-18 -0.0247553 0.00345492 
v 1.74925e-18 -0.0245677 0.00296632 
v 1.7929e-18 -0.0243301 0.0025 
v 1.84526e-18 -0.0240451 0.00206107 
v 1.90576e-18 -0.0237157 0.00165435 
v 1.97374e-18 -0.0233457 0.00128428 
v 2.04845e-18 -0.0229389 0.000954915 
v 2.12908e-18 -0.0225 0.000669873 
v 2.21475e-18 -0.0220337 0.000432273 
v 2.3045e-18 -0.0215451 0.000244717 
v 2.39736e-18 -0.0210396 0.000109262 
v 2.49232e-18 -0.0205226 2.73905e-05 
v 1.78976e-18 -0.02 0 
v -4.32305e-18 0.025 0.005 
v -3.52448e-18 0.0249726 0.00447736 
v -3.52448e-18 0.0248907 0.00396044 
v -3.52448e-18 0.0247553 0.00345492 
v -3.52448e-18 0.0245677 0.00296632 
v -3.52448e-18 0.0243301 0.0025 
v -3.52448e-18 0.0240451 0.00206107 
v -3.52448e-18 0.0237157 0.00165435 
v -3.52448e-18 0.0233457 0.00128428 
v -3.52448e-18 0.0229389 0.000954915 
v -3.52448e-18 0.0225 0.000669873 
v -3.52448e-18 0.0220337 0.000432273 
v -3.52448e-18 0.0215451 0.000244717 
v -3.52448e-18 0.0210396 0.000109262 
v -3.52448e-18 0.0205226 2.73905e-05 
v -3.52448e-18 0.02 0 
v -4.32305e-18 0.025 0.03 
v 0.035 0.0205226 0.0250274 
v 0.035 0.02 0.025 
v 0.005 0.02 0.025 
v 0.00499315 0.0202617 0.0250069 
v 0.035 0.0210396 0.0251093 
v 0.00497261 0.0205226 0.0250274 
v 0.00493844 0.0207822 0.0250616 
v 0.035 0.0215451 0.0252447 
v 0.00489074 0.0210396 0.0251093 
v 0.00482963 0.0212941 0.0251704 
v 0.035 0.0220337 0.0254323 
v 0.00475528 0.0215451 0.0252447 
v 0.0046679 0.0217918 0.0253321 
v 0.035 0.0225 0.0256699 
v 0.00456773 0.0220337 0.0254323 
v 0.00445503 0.02227 0.025545 
v 0.035 0.0229389 0.0259549 
v 0.00433013 0.0225 0.0256699 
v 0.00419335 0.0227232 0.0258066 
v 0.035 0.0233457 0.0262843 
v 0.00404508 0.0229389 0.0259549 
v 0.035 0.0237157 0.0266543 
v 0.00371572 0.0233457 0.0262843 
v 0.035 0.0240451 0.0270611 
v 0.00334565 0.0237157 0.0266543 
v 0.035 0.0243301 0.0275 
v 0.00293893 0.0240451 0.0270611 
v 0.035 0.0245677 0.0279663 
v 0.0025 0.0243301 0.0275 
v 0.035 0.0247553 0.0284549 
v 0.00203368 0.0245677 0.0279663 
v 0.035 0.0248907 0.0289604 
v 0.00154508 0.0247553 0.0284549 
v 0.035 0.0249726 0.0294774 
v 0.00103956 0.0248907 0.0289604 
v 0.000522642 0.0249726 0.0294774 
v 0.000522642 0.0249726 0.005 
v 0.00103956 0.0248907 0.005 
v 0.00154508 0.0247553 0.005 
v 0.00203368 0.0245677 0.005 
v 0.0025 0.0243301 0.005 
v 0.00293893 0.0240451 0.005 
v 0.00334565 0.0237157 0.005 
v 0.00371572 0.0233457 0.005 
v 0.00404508 0.0229389 0.005 
v 0.00433013 0.0225 0.005 
v 0.00456773 0.0220337 0.005 
v 0.00475528 0.0215451 0.005 
v 0.00489074 0.0210396 0.005 
v 0.00497261 0.0205226 0.005 
v 0.005 0.02 0.005 
v 0.000522642 0.02 2.73905e-05 
v 0.00103956 0.02 0.000109262 
v 0.00154508 0.02 0.000244717 
v 0.00203368 0.02 0.000432273 
v 0.0025 0.02 0.000669873 
v 0.00293893 0.02 0.000954915 
v 0.00334565 0.02 0.00128428 
v 0.00371572 0.02 0.00165435 
v 0.00404508 0.02 0.00206107 
v 0.00433013 0.02 0.0025 
v 0.00456773 0.02 0.00296632 
v 0.00475528 0.02 0.00345492 
v 0.00489074 0.02 0.00396044 
v 0.00497261 0.02 0.00447736 
v 5.4631e-05 0.0249726 0.00448022 
v 0.000108663 0.0248907 0.00396614 
v 0.000108663 0.0249726 0.00448878 
v 0.000216136 0.0248907 0.00398316 
v 0.000161505 0.0249726 0.00450294 
v 0.000321241 0.0248907 0.00401132 
v 0.000212578 0.0249726 0.00452254 
v 0.000422827 0.0248907 0.00405032 
v 0.000261321 0.0249726 0.00454738 
v 0.000519779 0.0248907 0.00409972 
v 0.000307201 0.0249726 0.00457717 
v 0.000611037 0.0248907 0.00415898 
v 0.000349716 0.0249726 0.0046116 
v 0.0006956 0.0248907 0.00422746 
v 0.000388399 0.0249726 0.00465028 
v 0.000772542 0.0248907 0.0043044 
v 0.000422827 0.0249726 0.0046928 
v 0.00084102 0.0248907 0.00438896 
v 0.000452622 0.0249726 0.00473868 
v 0.000900284 0.0248907 0.00448022 
v 0.000477458 0.0249726 0.00478742 
v 0.000949684 0.0248907 0.00457717 
v 0.000497062 0.0249726 0.00483849 
v 0.000988679 0.0248907 0.00467876 
v 0.000511221 0.0249726 0.00489134 
v 0.00101684 0.0248907 0.00478386 
v 0.000519779 0.0249726 0.00494537 
v 0.00103386 0.0248907 0.00489134 
v 0.000161505 0.0247553 0.00346338 
v 0.000321241 0.0247553 0.00348868 
v 0.000477458 0.0247553 0.00353054 
v 0.000628443 0.0247553 0.00358849 
v 0.000772542 0.0247553 0.00366192 
v 0.000908178 0.0247553 0.00375 
v 0.00103386 0.0247553 0.00385178 
v 0.00114822 0.0247553 0.00396614 
v 0.00125 0.0247553 0.00409182 
v 0.00133808 0.0247553 0.00422746 
v 0.00141151 0.0247553 0.00437156 
v 0.00146946 0.0247553 0.00452254 
v 0.00151132 0.0247553 0.00467876 
v 0.00153662 0.0247553 0.00483849 
v 0.000212578 0.0245677 0.00297746 
v 0.000422827 0.0245677 0.00301076 
v 0.000628443 0.0245677 0.00306585 
v 0.000827173 0.0245677 0.00314214 
v 0.00101684 0.0245677 0.00323878 
v 0.00119537 0.0245677 0.00335472 
v 0.0013608 0.0245677 0.00348868 
v 0.00151132 0.0245677 0.0036392 
v 0.00164528 0.0245677 0.00380463 
v 0.00176122 0.0245677 0.00398316 
v 0.00185786 0.0245677 0.00417283 
v 0.00193415 0.0245677 0.00437156 
v 0.00198924 0.0245677 0.00457717 
v 0.00202254 0.0245677 0.00478742 
v 0.000261321 0.0243301 0.0025137 
v 0.000519779 0.0243301 0.00255463 
v 0.000772542 0.0243301 0.00262236 
v 0.00101684 0.0243301 0.00271614 
v 0.00125 0.0243301 0.00283494 
v 0.00146946 0.0243301 0.00297746 
v 0.00167283 0.0243301 0.00314214 
v 0.00185786 0.0243301 0.00332717 
v 0.00202254 0.0243301 0.00353054 
v 0.00216506 0.0243301 0.00375 
v 0.00228386 0.0243301 0.00398316 
v 0.00237764 0.0243301 0.00422746 
v 0.00244537 0.0243301 0.00448022 
v 0.0024863 0.0243301 0.00473868 
v 0.000307201 0.0240451 0.00207717 
v 0.000611037 0.0240451 0.0021253 
v 0.000908178 0.0240451 0.00220492 
v 0.00119537 0.0240451 0.00231516 
v 0.00146946 0.0240451 0.00245482 
v 0.00172746 0.0240451 0.00262236 
v 0.00196653 0.0240451 0.00281595 
v 0.00218405 0.0240451 0.00303347 
v 0.00237764 0.0240451 0.00327254 
v 0.00254518 0.0240451 0.00353054 
v 0.00268484 0.0240451 0.00380463 
v 0.00279508 0.0240451 0.00409182 
v 0.0028747 0.0240451 0.00438896 
v 0.00292283 0.0240451 0.0046928 
v 0.000349716 0.0237157 0.00167267 
v 0.0006956 0.0237157 0.00172746 
v 0.00103386 0.0237157 0.00181809 
v 0.0013608 0.0237157 0.00194359 
v 0.00167283 0.0237157 0.00210258 
v 0.00196653 0.0237157 0.00229331 
v 0.00223868 0.0237157 0.0025137 
v 0.0024863 0.0237157 0.00276132 
v 0.00270669 0.0237157 0.00303347 
v 0.00289742 0.0237157 0.00332717 
v 0.00305641 0.0237157 0.0036392 
v 0.00318191 0.0237157 0.00396614 
v 0.00327254 0.0237157 0.0043044 
v 0.00332733 0.0237157 0.00465028 
v 0.000388399 0.0233457 0.00130463 
v 0.000772542 0.0233457 0.00136547 
v 0.00114822 0.0233457 0.00146614 
v 0.00151132 0.0233457 0.00160552 
v 0.00185786 0.0233457 0.00178209 
v 0.00218405 0.0233457 0.00199392 
v 0.0024863 0.0233457 0.00223868 
v 0.00276132 0.0233457 0.0025137 
v 0.00300608 0.0233457 0.00281595 
v 0.00321791 0.0233457 0.00314214 
v 0.00339448 0.0233457 0.00348868 
v 0.00353386 0.0233457 0.00385178 
v 0.00363453 0.0233457 0.00422746 
v 0.00369537 0.0233457 0.0046116 
v 0.000422827 0.0229389 0.000977074 
v 0.00084102 0.0229389 0.00104331 
v 0.00125 0.0229389 0.0011529 
v 0.00164528 0.0229389 0.00130463 
v 0.00202254 0.0229389 0.00149685 
v 0.00237764 0.0229389 0.00172746 
v 0.00270669 0.0229389 0.00199392 
v 0.00300608 0.0229389 0.00229331 
v 0.00327254 0.0229389 0.00262236 
v 0.00350315 0.0229389 0.00297746 
v 0.00369537 0.0229389 0.00335472 
v 0.0038471 0.0229389 0.00375 
v 0.00395669 0.0229389 0.00415898 
v 0.00402293 0.0229389 0.00457717 
v 0.000452622 0.0225 0.000693594 
v 0.000900284 0.0225 0.000764497 
v 0.00133808 0.0225 0.000881804 
v 0.00176122 0.0225 0.00104423 
v 0.00216506 0.0225 0.00125 
v 0.00254518 0.0225 0.00149685 
v 0.00289742 0.0225 0.00178209 
v 0.00321791 0.0225 0.00210258 
v 0.00350315 0.0225 0.00245482 
v 0.00375 0.0225 0.00283494 
v 0.00395577 0.0225 0.00323878 
v 0.0041182 0.0225 0.00366192 
v 0.0042355 0.0225 0.00409972 
v 0.00430641 0.0225 0.00454738 
v 0.000477458 0.0220337 0.000457295 
v 0.000949684 0.0220337 0.000532089 
v 0.00141151 0.0220337 0.000655833 
v 0.00185786 0.0220337 0.000827173 
v 0.00228386 0.0220337 0.00104423 
v 0.00268484 0.0220337 0.00130463 
v 0.00305641 0.0220337 0.00160552 
v 0.00339448 0.0220337 0.00194359 
v 0.00369537 0.0220337 0.00231516 
v 0.00395577 0.0220337 0.00271614 
v 0.00417283 0.0220337 0.00314214 
v 0.00434417 0.0220337 0.00358849 
v 0.00446791 0.0220337 0.00405032 
v 0.0045427 0.0220337 0.00452254 
v 0.000497062 0.0215451 0.000270767 
v 0.000988679 0.0215451 0.000348632 
v 0.00146946 0.0215451 0.000477458 
v 0.00193415 0.0215451 0.000655833 
v 0.00237764 0.0215451 0.000881804 
v 0.00279508 0.0215451 0.0011529 
v 0.00318191 0.0215451 0.00146614 
v 0.00353386 0.0215451 0.00181809 
v 0.0038471 0.0215451 0.00220492 
v 0.0041182 0.0215451 0.00262236 
v 0.00434417 0.0215451 0.00306585 
v 0.00452254 0.0215451 0.00353054 
v 0.00465137 0.0215451 0.00401132 
v 0.00472923 0.0215451 0.00450294 
v 0.000511221 0.0210396 0.000136054 
v 0.00101684 0.0210396 0.000216136 
v 0.00151132 0.0210396 0.000348632 
v 0.00198924 0.0210396 0.000532089 
v 0.00244537 0.0210396 0.000764497 
v 0.0028747 0.0210396 0.00104331 
v 0.00327254 0.0210396 0.00136547 
v 0.00363453 0.0210396 0.00172746 
v 0.00395669 0.0210396 0.0021253 
v 0.0042355 0.0210396 0.00255463 
v 0.00446791 0.0210396 0.00301076 
v 0.00465137 0.0210396 0.00348868 
v 0.00478386 0.0210396 0.00398316 
v 0.00486395 0.0210396 0.00448878 
v 0.000519779 0.0205226 5.4631e-05 
v 0.00103386 0.0205226 0.000136054 
v 0.00153662 0.0205226 0.000270767 
v 0.00202254 0.0205226 0.000457295 
v 0.0024863 0.0205226 0.000693594 
v 0.00292283 0.0205226 0.000977074 
v 0.00332733 0.0205226 0.00130463 
v 0.00369537 0.0205226 0.00167267 
v 0.00402293 0.0205226 0.00207717 
v 0.00430641 0.0205226 0.0025137 
v 0.0045427 0.0205226 0.00297746 
v 0.00472923 0.0205226 0.00346338 
v 0.00486395 0.0205226 0.00396614 
v 0.00494537 0.0205226 0.00448022 
v 0.005 0.00531229 0.025 
v 0.005 0.00531229 0.005 
v 0.03 0.00531229 0.025 
v 0.0305226 0.0052849 0.025 
v 0.0333457 0.00402802 0.025 
v 0.0329389 0.00435738 0.025 
v 0.0340451 0.00325122 0.025 
v 0.0337157 0.00365795 0.025 
v 0.0310396 0.00520303 0.025 
v 0.0320337 0.00488002 0.025 
v 0.0315451 0.00506758 0.025 
v 0.0325 0.00464242 0.025 
v 0.0347553 0.00185738 0.025 
v 0.0345677 0.00234598 0.025 
v 0.0343301 0.00281229 0.025 
v 0.035 0.000312294 0.025 
v 0.0349726 0.000834936 0.025 
v 0.0348907 0.00135185 0.025 
v 0.03 0.00531229 0.005 
v 0.00499315 0.00530544 0.00473832 
v 0.00497261 0.0052849 0.00447736 
v 0.00493844 0.00525074 0.00421783 
v 0.00489074 0.00520303 0.00396044 
v 0.00482963 0.00514192 0.0037059 
v 0.00475528 0.00506758 0.00345492 
v 0.0046679 0.0049802 0.00320816 
v 0.00456773 0.00488002 0.00296632 
v 0.00445503 0.00476733 0.00273005 
v 0.00433013 0.00464242 0.0025 
v 0.00419335 0.00450565 0.0022768 
v 0.00404508 0.00435738 0.00206107 
v 0.00371572 0.00402802 0.00165435 
v 0.00334565 0.00365795 0.00128428 
v 0.00293893 0.00325122 0.000954915 
v 0.0025 0.00281229 0.000669873 
v 0.00203368 0.00234598 0.000432273 
v 0.00154508 0.00185738 0.000244717 
v 0.00103956 0.00135185 0.000109262 
v 0.000522642 0.000834936 2.73905e-05 
v -5.50337e-20 0.000312294 0 
v 0.0305226 0.0052849 0.005 
v 0.0310396 0.00520303 0.005 
v 0.0315451 0.00506758 0.005 
v 0.0320337 0.00488002 0.005 
v 0.0325 0.00464242 0.005 
v 0.0329389 0.00435738 0.005 
v 0.0333457 0.00402802 0.005 
v 0.0337157 0.00365795 0.005 
v 0.0340451 0.00325122 0.005 
v 0.0343301 0.00281229 0.005 
v 0.0345677 0.00234598 0.005 
v 0.0347553 0.00185738 0.005 
v 0.0348907 0.00135185 0.005 
v 0.0349726 0.000834936 0.005 
v 0.035 0.000312294 0.005 
v 0.03 0.000312294 0 
v 0.03 0.000834936 2.73905e-05 
v 0.03 0.00135185 0.000109262 
v 0.03 0.00185738 0.000244717 
v 0.03 0.00234598 0.000432273 
v 0.03 0.00281229 0.000669873 
v 0.03 0.00325122 0.000954915 
v 0.03 0.00365795 0.00128428 
v 0.03 0.00402802 0.00165435 
v 0.03 0.00435738 0.00206107 
v 0.03 0.00464242 0.0025 
v 0.03 0.00488002 0.00296632 
v 0.03 0.00506758 0.00345492 
v 0.03 0.00520303 0.00396044 
v 0.03 0.0052849 0.00447736 
v 0.0310396 0.000312294 0.000109262 
v 0.0305226 0.000312294 2.73905e-05 
v 0.0315451 0.000312294 0.000244717 
v 0.0320337 0.000312294 0.000432273 
v 0.0325 0.000312294 0.000669873 
v 0.0329389 0.000312294 0.000954915 
v 0.0333457 0.000312294 0.00128428 
v 0.0337157 0.000312294 0.00165435 
v 0.0340451 0.000312294 0.00206107 
v 0.0343301 0.000312294 0.0025 
v 0.0345677 0.000312294 0.00296632 
v 0.0347553 0.000312294 0.00345492 
v 0.0348907 0.000312294 0.00396044 
v 0.0349726 0.000312294 0.00447736 
v 0.0305198 0.000366925 2.73905e-05 
v 0.0310339 0.000420957 0.000109262 
v 0.0305112 0.000420957 2.73905e-05 
v 0.0310168 0.00052843 0.000109262 
v 0.0304971 0.000473799 2.73905e-05 
v 0.0309887 0.000633535 0.000109262 
v 0.0304775 0.000524872 2.73905e-05 
v 0.0309497 0.00073512 0.000109262 
v 0.0304526 0.000573615 2.73905e-05 
v 0.0309003 0.000832073 0.000109262 
v 0.0304228 0.000619495 2.73905e-05 
v 0.030841 0.000923331 0.000109262 
v 0.0303884 0.00066201 2.73905e-05 
v 0.0307725 0.00100789 0.000109262 
v 0.0303497 0.000700693 2.73905e-05 
v 0.0306956 0.00108484 0.000109262 
v 0.0303072 0.00073512 2.73905e-05 
v 0.030611 0.00115331 0.000109262 
v 0.0302613 0.000764915 2.73905e-05 
v 0.0305198 0.00121258 0.000109262 
v 0.0302126 0.000789751 2.73905e-05 
v 0.0304228 0.00126198 0.000109262 
v 0.0301615 0.000809356 2.73905e-05 
v 0.0303212 0.00130097 0.000109262 
v 0.0301087 0.000823515 2.73905e-05 
v 0.0302161 0.00132914 0.000109262 
v 0.0300546 0.000832073 2.73905e-05 
v 0.0301087 0.00134616 0.000109262 
v 0.0315366 0.000473799 0.000244717 
v 0.0315113 0.000633535 0.000244717 
v 0.0314695 0.000789751 0.000244717 
v 0.0314115 0.000940736 0.000244717 
v 0.0313381 0.00108484 0.000244717 
v 0.03125 0.00122047 0.000244717 
v 0.0311482 0.00134616 0.000244717 
v 0.0310339 0.00146052 0.000244717 
v 0.0309082 0.00156229 0.000244717 
v 0.0307725 0.00165038 0.000244717 
v 0.0306284 0.0017238 0.000244717 
v 0.0304775 0.00178176 0.000244717 
v 0.0303212 0.00182361 0.000244717 
v 0.0301615 0.00184891 0.000244717 
v 0.0320225 0.000524872 0.000432273 
v 0.0319892 0.00073512 0.000432273 
v 0.0319341 0.000940736 0.000432273 
v 0.0318579 0.00113947 0.000432273 
v 0.0317612 0.00132914 0.000432273 
v 0.0316453 0.00150766 0.000432273 
v 0.0315113 0.00167309 0.000432273 
v 0.0313608 0.00182361 0.000432273 
v 0.0311954 0.00195758 0.000432273 
v 0.0310168 0.00207352 0.000432273 
v 0.0308272 0.00217016 0.000432273 
v 0.0306284 0.00224644 0.000432273 
v 0.0304228 0.00230154 0.000432273 
v 0.0302126 0.00233484 0.000432273 
v 0.0324863 0.000573615 0.000669873 
v 0.0324454 0.000832073 0.000669873 
v 0.0323776 0.00108484 0.000669873 
v 0.0322839 0.00132914 0.000669873 
v 0.0321651 0.00156229 0.000669873 
v 0.0320225 0.00178176 0.000669873 
v 0.0318579 0.00198512 0.000669873 
v 0.0316728 0.00217016 0.000669873 
v 0.0314695 0.00233484 0.000669873 
v 0.03125 0.00247736 0.000669873 
v 0.0310168 0.00259616 0.000669873 
v 0.0307725 0.00268994 0.000669873 
v 0.0305198 0.00275766 0.000669873 
v 0.0302613 0.0027986 0.000669873 
v 0.0329228 0.000619495 0.000954915 
v 0.0328747 0.000923331 0.000954915 
v 0.0327951 0.00122047 0.000954915 
v 0.0326848 0.00150766 0.000954915 
v 0.0325452 0.00178176 0.000954915 
v 0.0323776 0.00203975 0.000954915 
v 0.032184 0.00227882 0.000954915 
v 0.0319665 0.00249634 0.000954915 
v 0.0317275 0.00268994 0.000954915 
v 0.0314695 0.00285748 0.000954915 
v 0.0311954 0.00299714 0.000954915 
v 0.0309082 0.00310738 0.000954915 
v 0.030611 0.003187 0.000954915 
v 0.0303072 0.00323512 0.000954915 
v 0.0333273 0.00066201 0.00128428 
v 0.0332725 0.00100789 0.00128428 
v 0.0331819 0.00134616 0.00128428 
v 0.0330564 0.00167309 0.00128428 
v 0.0328974 0.00198512 0.00128428 
v 0.0327067 0.00227882 0.00128428 
v 0.0324863 0.00255097 0.00128428 
v 0.0322387 0.0027986 0.00128428 
v 0.0319665 0.00301898 0.00128428 
v 0.0316728 0.00320971 0.00128428 
v 0.0313608 0.0033687 0.00128428 
v 0.0310339 0.0034942 0.00128428 
v 0.0306956 0.00358484 0.00128428 
v 0.0303497 0.00363962 0.00128428 
v 0.0336954 0.000700693 0.00165435 
v 0.0336345 0.00108484 0.00165435 
v 0.0335339 0.00146052 0.00165435 
v 0.0333945 0.00182361 0.00165435 
v 0.0332179 0.00217016 0.00165435 
v 0.0330061 0.00249634 0.00165435 
v 0.0327613 0.0027986 0.00165435 
v 0.0324863 0.00307361 0.00165435 
v 0.032184 0.00331838 0.00165435 
v 0.0318579 0.00353021 0.00165435 
v 0.0315113 0.00370678 0.00165435 
v 0.0311482 0.00384616 0.00165435 
v 0.0307725 0.00394682 0.00165435 
v 0.0303884 0.00400766 0.00165435 
v 0.0340229 0.00073512 0.00206107 
v 0.0339567 0.00115331 0.00206107 
v 0.0338471 0.00156229 0.00206107 
v 0.0336954 0.00195758 0.00206107 
v 0.0335031 0.00233484 0.00206107 
v 0.0332725 0.00268994 0.00206107 
v 0.0330061 0.00301898 0.00206107 
v 0.0327067 0.00331838 0.00206107 
v 0.0323776 0.00358484 0.00206107 
v 0.0320225 0.00381544 0.00206107 
v 0.0316453 0.00400766 0.00206107 
v 0.03125 0.0041594 0.00206107 
v 0.030841 0.00426898 0.00206107 
v 0.0304228 0.00433522 0.00206107 
v 0.0343064 0.000764915 0.0025 
v 0.0342355 0.00121258 0.0025 
v 0.0341182 0.00165038 0.0025 
v 0.0339558 0.00207352 0.0025 
v 0.03375 0.00247736 0.0025 
v 0.0335031 0.00285748 0.0025 
v 0.0332179 0.00320971 0.0025 
v 0.0328974 0.00353021 0.0025 
v 0.0325452 0.00381544 0.0025 
v 0.0321651 0.00406229 0.0025 
v 0.0317612 0.00426806 0.0025 
v 0.0313381 0.00443049 0.0025 
v 0.0309003 0.0045478 0.0025 
v 0.0304526 0.0046187 0.0025 
v 0.0345427 0.000789751 0.00296632 
v 0.0344679 0.00126198 0.00296632 
v 0.0343442 0.0017238 0.00296632 
v 0.0341728 0.00217016 0.00296632 
v 0.0339558 0.00259616 0.00296632 
v 0.0336954 0.00299714 0.00296632 
v 0.0333945 0.0033687 0.00296632 
v 0.0330564 0.00370678 0.00296632 
v 0.0326848 0.00400766 0.00296632 
v 0.0322839 0.00426806 0.00296632 
v 0.0318579 0.00448512 0.00296632 
v 0.0314115 0.00465646 0.00296632 
v 0.0309497 0.00478021 0.00296632 
v 0.0304775 0.004855 0.00296632 
v 0.0347292 0.000809356 0.00345492 
v 0.0346514 0.00130097 0.00345492 
v 0.0345225 0.00178176 0.00345492 
v 0.0343442 0.00224644 0.00345492 
v 0.0341182 0.00268994 0.00345492 
v 0.0338471 0.00310738 0.00345492 
v 0.0335339 0.0034942 0.00345492 
v 0.0331819 0.00384616 0.00345492 
v 0.0327951 0.0041594 0.00345492 
v 0.0323776 0.00443049 0.00345492 
v 0.0319341 0.00465646 0.00345492 
v 0.0314695 0.00483484 0.00345492 
v 0.0309887 0.00496366 0.00345492 
v 0.0304971 0.00504153 0.00345492 
v 0.0348639 0.000823515 0.00396044 
v 0.0347839 0.00132914 0.00396044 
v 0.0346514 0.00182361 0.00396044 
v 0.0344679 0.00230154 0.00396044 
v 0.0342355 0.00275766 0.00396044 
v 0.0339567 0.003187 0.00396044 
v 0.0336345 0.00358484 0.00396044 
v 0.0332725 0.00394682 0.00396044 
v 0.0328747 0.00426898 0.00396044 
v 0.0324454 0.0045478 0.00396044 
v 0.0319892 0.00478021 0.00396044 
v 0.0315113 0.00496366 0.00396044 
v 0.0310168 0.00509616 0.00396044 
v 0.0305112 0.00517624 0.00396044 
v 0.0349454 0.000832073 0.00447736 
v 0.0348639 0.00134616 0.00447736 
v 0.0347292 0.00184891 0.00447736 
v 0.0345427 0.00233484 0.00447736 
v 0.0343064 0.0027986 0.00447736 
v 0.0340229 0.00323512 0.00447736 
v 0.0336954 0.00363962 0.00447736 
v 0.0333273 0.00400766 0.00447736 
v 0.0329228 0.00433522 0.00447736 
v 0.0324863 0.0046187 0.00447736 
v 0.0320225 0.004855 0.00447736 
v 0.0315366 0.00504153 0.00447736 
v 0.0310339 0.00517624 0.00447736 
v 0.0305198 0.00525766 0.00447736 
v 0.035 -0.000312294 0.005 
v 0.0349726 -0.000312294 0.00447736 
v 0.0348907 -0.000312294 0.00396044 
v 0.0347553 -0.000312294 0.00345492 
v 0.0345677 -0.000312294 0.00296632 
v 0.0343301 -0.000312294 0.0025 
v 0.0340451 -0.000312294 0.00206107 
v 0.0337157 -0.000312294 0.00165435 
v 0.0333457 -0.000312294 0.00128428 
v 0.0329389 -0.000312294 0.000954915 
v 0.0325 -0.000312294 0.000669873 
v 0.0320337 -0.000312294 0.000432273 
v 0.0315451 -0.000312294 0.000244717 
v 0.0310396 -0.000312294 0.000109262 
v 0.0305226 -0.000312294 2.73905e-05 
v 0.03 -0.000312294 0 
v -1.67969e-18 -0.000312294 0 
v 0.000522642 -0.000834936 2.73905e-05 
v 0.000522642 -0.02 2.73905e-05 
v 0.00103956 -0.00135185 0.000109262 
v 0.00103956 -0.02 0.000109262 
v 0.00154508 -0.00185738 0.000244717 
v 0.00154508 -0.02 0.000244717 
v 0.00203368 -0.00234598 0.000432273 
v 0.00203368 -0.02 0.000432273 
v 0.0025 -0.00281229 0.000669873 
v 0.0025 -0.02 0.000669873 
v 0.00293893 -0.00325122 0.000954915 
v 0.00293893 -0.02 0.000954915 
v 0.00334565 -0.00365795 0.00128428 
v 0.00334565 -0.02 0.00128428 
v 0.00371572 -0.00402802 0.00165435 
v 0.00371572 -0.02 0.00165435 
v 0.00404508 -0.00435738 0.00206107 
v 0.00404508 -0.02 0.00206107 
v 0.00419335 -0.00450565 0.0022768 
v 0.00433013 -0.00464242 0.0025 
v 0.00433013 -0.02 0.0025 
v 0.00445503 -0.00476733 0.00273005 
v 0.00456773 -0.00488002 0.00296632 
v 0.00456773 -0.02 0.00296632 
v 0.0046679 -0.0049802 0.00320816 
v 0.00475528 -0.00506758 0.00345492 
v 0.00475528 -0.02 0.00345492 
v 0.00482963 -0.00514192 0.0037059 
v 0.00489074 -0.00520303 0.00396044 
v 0.00489074 -0.02 0.00396044 
v 0.00493844 -0.00525074 0.00421783 
v 0.00497261 -0.0052849 0.00447736 
v 0.00497261 -0.02 0.00447736 
v 0.00499315 -0.00530544 0.00473832 
v 0.005 -0.00531229 0.005 
v 0.005 -0.02 0.005 
v 0.03 -0.0052849 0.00447736 
v 0.03 -0.00531229 0.005 
v 0.03 -0.00520303 0.00396044 
v 0.03 -0.00506758 0.00345492 
v 0.03 -0.00488002 0.00296632 
v 0.03 -0.00464242 0.0025 
v 0.03 -0.00435738 0.00206107 
v 0.03 -0.00402802 0.00165435 
v 0.03 -0.00365795 0.00128428 
v 0.03 -0.00325122 0.000954915 
v 0.03 -0.00281229 0.000669873 
v 0.03 -0.00234598 0.000432273 
v 0.03 -0.00185738 0.000244717 
v 0.03 -0.00135185 0.000109262 
v 0.03 -0.000834936 2.73905e-05 
v 0.000522642 -0.0249726 0.005 
v 0.00103956 -0.0248907 0.005 
v 0.00154508 -0.0247553 0.005 
v 0.00203368 -0.0245677 0.005 
v 0.0025 -0.0243301 0.005 
v 0.00293893 -0.0240451 0.005 
v 0.00334565 -0.0237157 0.005 
v 0.00371572 -0.0233457 0.005 
v 0.00404508 -0.0229389 0.005 
v 0.00433013 -0.0225 0.005 
v 0.00456773 -0.0220337 0.005 
v 0.00475528 -0.0215451 0.005 
v 0.00489074 -0.0210396 0.005 
v 0.00497261 -0.0205226 0.005 
v 5.4631e-05 -0.0205198 2.73905e-05 
v 0.000108663 -0.0210339 0.000109262 
v 0.000108663 -0.0205112 2.73905e-05 
v 0.000216136 -0.0210168 0.000109262 
v 0.000161505 -0.0204971 2.73905e-05 
v 0.000321241 -0.0209887 0.000109262 
v 0.000212578 -0.0204775 2.73905e-05 
v 0.000422827 -0.0209497 0.000109262 
v 0.000261321 -0.0204526 2.73905e-05 
v 0.000519779 -0.0209003 0.000109262 
v 0.000307201 -0.0204228 2.73905e-05 
v 0.000611037 -0.020841 0.000109262 
v 0.000349716 -0.0203884 2.73905e-05 
v 0.0006956 -0.0207725 0.000109262 
v 0.000388399 -0.0203497 2.73905e-05 
v 0.000772542 -0.0206956 0.000109262 
v 0.000422827 -0.0203072 2.73905e-05 
v 0.00084102 -0.020611 0.000109262 
v 0.000452622 -0.0202613 2.73905e-05 
v 0.000900284 -0.0205198 0.000109262 
v 0.000477458 -0.0202126 2.73905e-05 
v 0.000949684 -0.0204228 0.000109262 
v 0.000497062 -0.0201615 2.73905e-05 
v 0.000988679 -0.0203212 0.000109262 
v 0.000511221 -0.0201087 2.73905e-05 
v 0.00101684 -0.0202161 0.000109262 
v 0.000519779 -0.0200546 2.73905e-05 
v 0.00103386 -0.0201087 0.000109262 
v 0.000161505 -0.0215366 0.000244717 
v 0.000321241 -0.0215113 0.000244717 
v 0.000477458 -0.0214695 0.000244717 
v 0.000628443 -0.0214115 0.000244717 
v 0.000772542 -0.0213381 0.000244717 
v 0.000908178 -0.02125 0.000244717 
v 0.00103386 -0.0211482 0.000244717 
v 0.00114822 -0.0210339 0.000244717 
v 0.00125 -0.0209082 0.000244717 
v 0.00133808 -0.0207725 0.000244717 
v 0.00141151 -0.0206284 0.000244717 
v 0.00146946 -0.0204775 0.000244717 
v 0.00151132 -0.0203212 0.000244717 
v 0.00153662 -0.0201615 0.000244717 
v 0.000212578 -0.0220225 0.000432273 
v 0.000422827 -0.0219892 0.000432273 
v 0.000628443 -0.0219341 0.000432273 
v 0.000827173 -0.0218579 0.000432273 
v 0.00101684 -0.0217612 0.000432273 
v 0.00119537 -0.0216453 0.000432273 
v 0.0013608 -0.0215113 0.000432273 
v 0.00151132 -0.0213608 0.000432273 
v 0.00164528 -0.0211954 0.000432273 
v 0.00176122 -0.0210168 0.000432273 
v 0.00185786 -0.0208272 0.000432273 
v 0.00193415 -0.0206284 0.000432273 
v 0.00198924 -0.0204228 0.000432273 
v 0.00202254 -0.0202126 0.000432273 
v 0.000261321 -0.0224863 0.000669873 
v 0.000519779 -0.0224454 0.000669873 
v 0.000772542 -0.0223776 0.000669873 
v 0.00101684 -0.0222839 0.000669873 
v 0.00125 -0.0221651 0.000669873 
v 0.00146946 -0.0220225 0.000669873 
v 0.00167283 -0.0218579 0.000669873 
v 0.00185786 -0.0216728 0.000669873 
v 0.00202254 -0.0214695 0.000669873 
v 0.00216506 -0.02125 0.000669873 
v 0.00228386 -0.0210168 0.000669873 
v 0.00237764 -0.0207725 0.000669873 
v 0.00244537 -0.0205198 0.000669873 
v 0.0024863 -0.0202613 0.000669873 
v 0.000307201 -0.0229228 0.000954915 
v 0.000611037 -0.0228747 0.000954915 
v 0.000908178 -0.0227951 0.000954915 
v 0.00119537 -0.0226848 0.000954915 
v 0.00146946 -0.0225452 0.000954915 
v 0.00172746 -0.0223776 0.000954915 
v 0.00196653 -0.022184 0.000954915 
v 0.00218405 -0.0219665 0.000954915 
v 0.00237764 -0.0217275 0.000954915 
v 0.00254518 -0.0214695 0.000954915 
v 0.00268484 -0.0211954 0.000954915 
v 0.00279508 -0.0209082 0.000954915 
v 0.0028747 -0.020611 0.000954915 
v 0.00292283 -0.0203072 0.000954915 
v 0.000349716 -0.0233273 0.00128428 
v 0.0006956 -0.0232725 0.00128428 
v 0.00103386 -0.0231819 0.00128428 
v 0.0013608 -0.0230564 0.00128428 
v 0.00167283 -0.0228974 0.00128428 
v 0.00196653 -0.0227067 0.00128428 
v 0.00223868 -0.0224863 0.00128428 
v 0.0024863 -0.0222387 0.00128428 
v 0.00270669 -0.0219665 0.00128428 
v 0.00289742 -0.0216728 0.00128428 
v 0.00305641 -0.0213608 0.00128428 
v 0.00318191 -0.0210339 0.00128428 
v 0.00327254 -0.0206956 0.00128428 
v 0.00332733 -0.0203497 0.00128428 
v 0.000388399 -0.0236954 0.00165435 
v 0.000772542 -0.0236345 0.00165435 
v 0.00114822 -0.0235339 0.00165435 
v 0.00151132 -0.0233945 0.00165435 
v 0.00185786 -0.0232179 0.00165435 
v 0.00218405 -0.0230061 0.00165435 
v 0.0024863 -0.0227613 0.00165435 
v 0.00276132 -0.0224863 0.00165435 
v 0.00300608 -0.022184 0.00165435 
v 0.00321791 -0.0218579 0.00165435 
v 0.00339448 -0.0215113 0.00165435 
v 0.00353386 -0.0211482 0.00165435 
v 0.00363453 -0.0207725 0.00165435 
v 0.00369537 -0.0203884 0.00165435 
v 0.000422827 -0.0240229 0.00206107 
v 0.00084102 -0.0239567 0.00206107 
v 0.00125 -0.0238471 0.00206107 
v 0.00164528 -0.0236954 0.00206107 
v 0.00202254 -0.0235031 0.00206107 
v 0.00237764 -0.0232725 0.00206107 
v 0.00270669 -0.0230061 0.00206107 
v 0.00300608 -0.0227067 0.00206107 
v 0.00327254 -0.0223776 0.00206107 
v 0.00350315 -0.0220225 0.00206107 
v 0.00369537 -0.0216453 0.00206107 
v 0.0038471 -0.02125 0.00206107 
v 0.00395669 -0.020841 0.00206107 
v 0.00402293 -0.0204228 0.00206107 
v 0.000452622 -0.0243064 0.0025 
v 0.000900284 -0.0242355 0.0025 
v 0.00133808 -0.0241182 0.0025 
v 0.00176122 -0.0239558 0.0025 
v 0.00216506 -0.02375 0.0025 
v 0.00254518 -0.0235031 0.0025 
v 0.00289742 -0.0232179 0.0025 
v 0.00321791 -0.0228974 0.0025 
v 0.00350315 -0.0225452 0.0025 
v 0.00375 -0.0221651 0.0025 
v 0.00395577 -0.0217612 0.0025 
v 0.0041182 -0.0213381 0.0025 
v 0.0042355 -0.0209003 0.0025 
v 0.00430641 -0.0204526 0.0025 
v 0.000477458 -0.0245427 0.00296632 
v 0.000949684 -0.0244679 0.00296632 
v 0.00141151 -0.0243442 0.00296632 
v 0.00185786 -0.0241728 0.00296632 
v 0.00228386 -0.0239558 0.00296632 
v 0.00268484 -0.0236954 0.00296632 
v 0.00305641 -0.0233945 0.00296632 
v 0.00339448 -0.0230564 0.00296632 
v 0.00369537 -0.0226848 0.00296632 
v 0.00395577 -0.0222839 0.00296632 
v 0.00417283 -0.0218579 0.00296632 
v 0.00434417 -0.0214115 0.00296632 
v 0.00446791 -0.0209497 0.00296632 
v 0.0045427 -0.0204775 0.00296632 
v 0.000497062 -0.0247292 0.00345492 
v 0.000988679 -0.0246514 0.00345492 
v 0.00146946 -0.0245225 0.00345492 
v 0.00193415 -0.0243442 0.00345492 
v 0.00237764 -0.0241182 0.00345492 
v 0.00279508 -0.0238471 0.00345492 
v 0.00318191 -0.0235339 0.00345492 
v 0.00353386 -0.0231819 0.00345492 
v 0.0038471 -0.0227951 0.00345492 
v 0.0041182 -0.0223776 0.00345492 
v 0.00434417 -0.0219341 0.00345492 
v 0.00452254 -0.0214695 0.00345492 
v 0.00465137 -0.0209887 0.00345492 
v 0.00472923 -0.0204971 0.00345492 
v 0.000511221 -0.0248639 0.00396044 
v 0.00101684 -0.0247839 0.00396044 
v 0.00151132 -0.0246514 0.00396044 
v 0.00198924 -0.0244679 0.00396044 
v 0.00244537 -0.0242355 0.00396044 
v 0.0028747 -0.0239567 0.00396044 
v 0.00327254 -0.0236345 0.00396044 
v 0.00363453 -0.0232725 0.00396044 
v 0.00395669 -0.0228747 0.00396044 
v 0.0042355 -0.0224454 0.00396044 
v 0.00446791 -0.0219892 0.00396044 
v 0.00465137 -0.0215113 0.00396044 
v 0.00478386 -0.0210168 0.00396044 
v 0.00486395 -0.0205112 0.00396044 
v 0.000519779 -0.0249454 0.00447736 
v 0.00103386 -0.0248639 0.00447736 
v 0.00153662 -0.0247292 0.00447736 
v 0.00202254 -0.0245427 0.00447736 
v 0.0024863 -0.0243064 0.00447736 
v 0.00292283 -0.0240229 0.00447736 
v 0.00332733 -0.0236954 0.00447736 
v 0.00369537 -0.0233273 0.00447736 
v 0.00402293 -0.0229228 0.00447736 
v 0.00430641 -0.0224863 0.00447736 
v 0.0045427 -0.0220225 0.00447736 
v 0.00472923 -0.0215366 0.00447736 
v 0.00486395 -0.0210339 0.00447736 
v 0.00494537 -0.0205198 0.00447736 
v 0 -0.025 0.03 
v 0.005 -0.02 0.025 
v 0.00499315 -0.0202617 0.0250069 
v 0.00497261 -0.0205226 0.0250274 
v 0.00493844 -0.0207822 0.0250616 
v 0.00489074 -0.0210396 0.0251093 
v 0.00482963 -0.0212941 0.0251704 
v 0.00475528 -0.0215451 0.0252447 
v 0.0046679 -0.0217918 0.0253321 
v 0.00456773 -0.0220337 0.0254323 
v 0.00445503 -0.02227 0.025545 
v 0.00433013 -0.0225 0.0256699 
v 0.00419335 -0.0227232 0.0258066 
v 0.00404508 -0.0229389 0.0259549 
v 0.00371572 -0.0233457 0.0262843 
v 0.00334565 -0.0237157 0.0266543 
v 0.00293893 -0.0240451 0.0270611 
v 0.0025 -0.0243301 0.0275 
v 0.00203368 -0.0245677 0.0279663 
v 0.00154508 -0.0247553 0.0284549 
v 0.00103956 -0.0248907 0.0289604 
v 0.000522642 -0.0249726 0.0294774 
v 0.005 -0.00531229 0.025 
v 0.035 -0.0249726 0.0294774 
v 0.035 -0.0248907 0.0289604 
v 0.035 -0.0247553 0.0284549 
v 0.035 -0.0245677 0.0279663 
v 0.035 -0.0243301 0.0275 
v 0.035 -0.0240451 0.0270611 
v 0.035 -0.0237157 0.0266543 
v 0.035 -0.0233457 0.0262843 
v 0.035 -0.0229389 0.0259549 
v 0.035 -0.0225 0.0256699 
v 0.035 -0.0220337 0.0254323 
v 0.035 -0.0215451 0.0252447 
v 0.035 -0.0210396 0.0251093 
v 0.035 -0.0205226 0.0250274 
v 0.035 -0.02 0.025 
v 0.035 -0.000312294 0.025 
v 0.03 -0.00531229 0.025 
v 0.0320337 -0.00488002 0.025 
v 0.0325 -0.00464242 0.025 
v 0.0310396 -0.00520303 0.025 
v 0.0315451 -0.00506758 0.025 
v 0.0305226 -0.0052849 0.025 
v 0.0329389 -0.00435738 0.025 
v 0.0343301 -0.00281229 0.025 
v 0.0345677 -0.00234598 0.025 
v 0.0333457 -0.00402802 0.025 
v 0.0337157 -0.00365795 0.025 
v 0.0347553 -0.00185738 0.025 
v 0.0348907 -0.00135185 0.025 
v 0.0340451 -0.00325122 0.025 
v 0.0349726 -0.000834936 0.025 
v 0.0305226 -0.0052849 0.005 
v 0.0310396 -0.00520303 0.005 
v 0.0315451 -0.00506758 0.005 
v 0.0320337 -0.00488002 0.005 
v 0.0325 -0.00464242 0.005 
v 0.0329389 -0.00435738 0.005 
v 0.0333457 -0.00402802 0.005 
v 0.0337157 -0.00365795 0.005 
v 0.0340451 -0.00325122 0.005 
v 0.0343301 -0.00281229 0.005 
v 0.0345677 -0.00234598 0.005 
v 0.0347553 -0.00185738 0.005 
v 0.0348907 -0.00135185 0.005 
v 0.0349726 -0.000834936 0.005 
v 0.0300546 -0.000832073 2.73905e-05 
v 0.0301087 -0.00134616 0.000109262 
v 0.0301087 -0.000823515 2.73905e-05 
v 0.0302161 -0.00132914 0.000109262 
v 0.0301615 -0.000809356 2.73905e-05 
v 0.0303212 -0.00130097 0.000109262 
v 0.0302126 -0.000789751 2.73905e-05 
v 0.0304228 -0.00126198 0.000109262 
v 0.0302613 -0.000764915 2.73905e-05 
v 0.0305198 -0.00121258 0.000109262 
v 0.0303072 -0.00073512 2.73905e-05 
v 0.030611 -0.00115331 0.000109262 
v 0.0303497 -0.000700693 2.73905e-05 
v 0.0306956 -0.00108484 0.000109262 
v 0.0303884 -0.00066201 2.73905e-05 
v 0.0307725 -0.00100789 0.000109262 
v 0.0304228 -0.000619495 2.73905e-05 
v 0.030841 -0.000923331 0.000109262 
v 0.0304526 -0.000573615 2.73905e-05 
v 0.0309003 -0.000832073 0.000109262 
v 0.0304775 -0.000524872 2.73905e-05 
v 0.0309497 -0.00073512 0.000109262 
v 0.0304971 -0.000473799 2.73905e-05 
v 0.0309887 -0.000633535 0.000109262 
v 0.0305112 -0.000420957 2.73905e-05 
v 0.0310168 -0.00052843 0.000109262 
v 0.0305198 -0.000366925 2.73905e-05 
v 0.0310339 -0.000420957 0.000109262 
v 0.0301615 -0.00184891 0.000244717 
v 0.0303212 -0.00182361 0.000244717 
v 0.0304775 -0.00178176 0.000244717 
v 0.0306284 -0.0017238 0.000244717 
v 0.0307725 -0.00165038 0.000244717 
v 0.0309082 -0.00156229 0.000244717 
v 0.0310339 -0.00146052 0.000244717 
v 0.0311482 -0.00134616 0.000244717 
v 0.03125 -0.00122047 0.000244717 
v 0.0313381 -0.00108484 0.000244717 
v 0.0314115 -0.000940736 0.000244717 
v 0.0314695 -0.000789751 0.000244717 
v 0.0315113 -0.000633535 0.000244717 
v 0.0315366 -0.000473799 0.000244717 
v 0.0302126 -0.00233484 0.000432273 
v 0.0304228 -0.00230154 0.000432273 
v 0.0306284 -0.00224644 0.000432273 
v 0.0308272 -0.00217016 0.000432273 
v 0.0310168 -0.00207352 0.000432273 
v 0.0311954 -0.00195758 0.000432273 
v 0.0313608 -0.00182361 0.000432273 
v 0.0315113 -0.00167309 0.000432273 
v 0.0316453 -0.00150766 0.000432273 
v 0.0317612 -0.00132914 0.000432273 
v 0.0318579 -0.00113947 0.000432273 
v 0.0319341 -0.000940736 0.000432273 
v 0.0319892 -0.00073512 0.000432273 
v 0.0320225 -0.000524872 0.000432273 
v 0.0302613 -0.0027986 0.000669873 
v 0.0305198 -0.00275766 0.000669873 
v 0.0307725 -0.00268994 0.000669873 
v 0.0310168 -0.00259616 0.000669873 
v 0.03125 -0.00247736 0.000669873 
v 0.0314695 -0.00233484 0.000669873 
v 0.0316728 -0.00217016 0.000669873 
v 0.0318579 -0.00198512 0.000669873 
v 0.0320225 -0.00178176 0.000669873 
v 0.0321651 -0.00156229 0.000669873 
v 0.0322839 -0.00132914 0.000669873 
v 0.0323776 -0.00108484 0.000669873 
v 0.0324454 -0.000832073 0.000669873 
v 0.0324863 -0.000573615 0.000669873 
v 0.0303072 -0.00323512 0.000954915 
v 0.030611 -0.003187 0.000954915 
v 0.0309082 -0.00310738 0.000954915 
v 0.0311954 -0.00299714 0.000954915 
v 0.0314695 -0.00285748 0.000954915 
v 0.0317275 -0.00268994 0.000954915 
v 0.0319665 -0.00249634 0.000954915 
v 0.032184 -0.00227882 0.000954915 
v 0.0323776 -0.00203975 0.000954915 
v 0.0325452 -0.00178176 0.000954915 
v 0.0326848 -0.00150766 0.000954915 
v 0.0327951 -0.00122047 0.000954915 
v 0.0328747 -0.000923331 0.000954915 
v 0.0329228 -0.000619495 0.000954915 
v 0.0303497 -0.00363962 0.00128428 
v 0.0306956 -0.00358484 0.00128428 
v 0.0310339 -0.0034942 0.00128428 
v 0.0313608 -0.0033687 0.00128428 
v 0.0316728 -0.00320971 0.00128428 
v 0.0319665 -0.00301898 0.00128428 
v 0.0322387 -0.0027986 0.00128428 
v 0.0324863 -0.00255097 0.00128428 
v 0.0327067 -0.00227882 0.00128428 
v 0.0328974 -0.00198512 0.00128428 
v 0.0330564 -0.00167309 0.00128428 
v 0.0331819 -0.00134616 0.00128428 
v 0.0332725 -0.00100789 0.00128428 
v 0.0333273 -0.00066201 0.00128428 
v 0.0303884 -0.00400766 0.00165435 
v 0.0307725 -0.00394682 0.00165435 
v 0.0311482 -0.00384616 0.00165435 
v 0.0315113 -0.00370678 0.00165435 
v 0.0318579 -0.00353021 0.00165435 
v 0.032184 -0.00331838 0.00165435 
v 0.0324863 -0.00307361 0.00165435 
v 0.0327613 -0.0027986 0.00165435 
v 0.0330061 -0.00249634 0.00165435 
v 0.0332179 -0.00217016 0.00165435 
v 0.0333945 -0.00182361 0.00165435 
v 0.0335339 -0.00146052 0.00165435 
v 0.0336345 -0.00108484 0.00165435 
v 0.0336954 -0.000700693 0.00165435 
v 0.0304228 -0.00433522 0.00206107 
v 0.030841 -0.00426898 0.00206107 
v 0.03125 -0.0041594 0.00206107 
v 0.0316453 -0.00400766 0.00206107 
v 0.0320225 -0.00381544 0.00206107 
v 0.0323776 -0.00358484 0.00206107 
v 0.0327067 -0.00331838 0.00206107 
v 0.0330061 -0.00301898 0.00206107 
v 0.0332725 -0.00268994 0.00206107 
v 0.0335031 -0.00233484 0.00206107 
v 0.0336954 -0.00195758 0.00206107 
v 0.0338471 -0.00156229 0.00206107 
v 0.0339567 -0.00115331 0.00206107 
v 0.0340229 -0.00073512 0.00206107 
v 0.0304526 -0.0046187 0.0025 
v 0.0309003 -0.0045478 0.0025 
v 0.0313381 -0.00443049 0.0025 
v 0.0317612 -0.00426806 0.0025 
v 0.0321651 -0.00406229 0.0025 
v 0.0325452 -0.00381544 0.0025 
v 0.0328974 -0.00353021 0.0025 
v 0.0332179 -0.00320971 0.0025 
v 0.0335031 -0.00285748 0.0025 
v 0.03375 -0.00247736 0.0025 
v 0.0339558 -0.00207352 0.0025 
v 0.0341182 -0.00165038 0.0025 
v 0.0342355 -0.00121258 0.0025 
v 0.0343064 -0.000764915 0.0025 
v 0.0304775 -0.004855 0.00296632 
v 0.0309497 -0.00478021 0.00296632 
v 0.0314115 -0.00465646 0.00296632 
v 0.0318579 -0.00448512 0.00296632 
v 0.0322839 -0.00426806 0.00296632 
v 0.0326848 -0.00400766 0.00296632 
v 0.0330564 -0.00370678 0.00296632 
v 0.0333945 -0.0033687 0.00296632 
v 0.0336954 -0.00299714 0.00296632 
v 0.0339558 -0.00259616 0.00296632 
v 0.0341728 -0.00217016 0.00296632 
v 0.0343442 -0.0017238 0.00296632 
v 0.0344679 -0.00126198 0.00296632 
v 0.0345427 -0.000789751 0.00296632 
v 0.0304971 -0.00504153 0.00345492 
v 0.0309887 -0.00496366 0.00345492 
v 0.0314695 -0.00483484 0.00345492 
v 0.0319341 -0.00465646 0.00345492 
v 0.0323776 -0.00443049 0.00345492 
v 0.0327951 -0.0041594 0.00345492 
v 0.0331819 -0.00384616 0.00345492 
v 0.0335339 -0.0034942 0.00345492 
v 0.0338471 -0.00310738 0.00345492 
v 0.0341182 -0.00268994 0.00345492 
v 0.0343442 -0.00224644 0.00345492 
v 0.0345225 -0.00178176 0.00345492 
v 0.0346514 -0.00130097 0.00345492 
v 0.0347292 -0.000809356 0.00345492 
v 0.0305112 -0.00517624 0.00396044 
v 0.0310168 -0.00509616 0.00396044 
v 0.0315113 -0.00496366 0.00396044 
v 0.0319892 -0.00478021 0.00396044 
v 0.0324454 -0.0045478 0.00396044 
v 0.0328747 -0.00426898 0.00396044 
v 0.0332725 -0.00394682 0.00396044 
v 0.0336345 -0.00358484 0.00396044 
v 0.0339567 -0.003187 0.00396044 
v 0.0342355 -0.00275766 0.00396044 
v 0.0344679 -0.00230154 0.00396044 
v 0.0346514 -0.00182361 0.00396044 
v 0.0347839 -0.00132914 0.00396044 
v 0.0348639 -0.000823515 0.00396044 
v 0.0305198 -0.00525766 0.00447736 
v 0.0310339 -0.00517624 0.00447736 
v 0.0315366 -0.00504153 0.00447736 
v 0.0320225 -0.004855 0.00447736 
v 0.0324863 -0.0046187 0.00447736 
v 0.0329228 -0.00433522 0.00447736 
v 0.0333273 -0.00400766 0.00447736 
v 0.0336954 -0.00363962 0.00447736 
v 0.0340229 -0.00323512 0.00447736 
v 0.0343064 -0.0027986 0.00447736 
v 0.0345427 -0.00233484 0.00447736 
v 0.0347292 -0.00184891 0.00447736 
v 0.0348639 -0.00134616 0.00447736 
v 0.0349454 -0.000832073 0.00447736 
vn -0.472199 0.881492 0 
vn -0.472199 0.876324 -0.095306 
vn -0.472199 0.880199 -0.047723 
vn -0.472199 0.860883 -0.189495 
vn -0.472199 0.869879 -0.14261 
vn -0.472199 0.835349 -0.281462 
vn -0.472199 0.849361 -0.235824 
vn -0.472199 0.80002 -0.370129 
vn -0.472199 0.818885 -0.326274 
vn -0.472199 0.755313 -0.454456 
vn -0.472199 0.778809 -0.412898 
vn -0.472199 0.70175 -0.533456 
vn -0.472199 0.729601 -0.494682 
vn -0.472199 0.639959 -0.606201 
vn -0.472199 0.67184 -0.570666 
vn -0.472199 0.570666 -0.67184 
vn -0.472199 0.606201 -0.639959 
vn -0.472199 0.494682 -0.729601 
vn -0.472199 0.533456 -0.70175 
vn -0.472199 0.412898 -0.778809 
vn -0.472199 0.454456 -0.755313 
vn -0.472199 0.326274 -0.818885 
vn -0.472199 0.370129 -0.80002 
vn -0.472199 0.235824 -0.849361 
vn -0.472199 0.281462 -0.835349 
vn -0.472199 0.14261 -0.869879 
vn -0.472199 0.189495 -0.860883 
vn -0.472199 0.047723 -0.880199 
vn -0.472199 0.095306 -0.876324 
vn -0.472199 -0.047723 -0.880199 
vn -0.472199 -1.73102e-15 -0.881492 
vn -0.472199 -0.14261 -0.869879 
vn -0.472199 -0.095306 -0.876324 
vn -0.472199 -0.235824 -0.849361 
vn -0.472199 -0.189495 -0.860883 
vn -0.472199 -0.326274 -0.818885 
vn -0.472199 -0.281462 -0.835349 
vn -0.472199 -0.412898 -0.778809 
vn -0.472199 -0.370129 -0.80002 
vn -0.472199 -0.494682 -0.729601 
vn -0.472199 -0.454456 -0.755313 
vn -0.472199 -0.570666 -0.67184 
vn -0.472199 -0.533456 -0.70175 
vn -0.472199 -0.639959 -0.606201 
vn -0.472199 -0.606201 -0.639959 
vn -0.472199 -0.70175 -0.533456 
vn -0.472199 -0.67184 -0.570666 
vn -0.472199 -0.755313 -0.454456 
vn -0.472199 -0.729601 -0.494682 
vn -0.472199 -0.80002 -0.370129 
vn -0.472199 -0.778809 -0.412898 
vn -0.472199 -0.835349 -0.281462 
vn -0.472199 -0.818885 -0.326274 
vn -0.472199 -0.860883 -0.189495 
vn -0.472199 -0.849361 -0.235824 
vn -0.472199 -0.876324 -0.095306 
vn -0.472199 -0.869879 -0.14261 
vn -0.472199 -0.881492 -1.83497e-16 
vn -0.472199 -0.880199 -0.047723 
vn -0.472199 -0.876324 0.095306 
vn -0.472199 -0.880199 0.047723 
vn -0.472199 -0.860883 0.189495 
vn -0.472199 -0.869879 0.14261 
vn -0.472199 -0.835349 0.281462 
vn -0.472199 -0.849361 0.235824 
vn -0.472199 -0.80002 0.370129 
vn -0.472199 -0.818885 0.326274 
vn -0.472199 -0.755313 0.454456 
vn -0.472199 -0.778809 0.412898 
vn -0.472199 -0.70175 0.533456 
vn -0.472199 -0.729601 0.494682 
vn -0.472199 -0.639959 0.606201 
vn -0.472199 -0.67184 0.570666 
vn -0.472199 -0.570666 0.67184 
vn -0.472199 -0.606201 0.639959 
vn -0.472199 -0.494682 0.729601 
vn -0.472199 -0.533456 0.70175 
vn -0.472199 -0.412898 0.778809 
vn -0.472199 -0.454456 0.755313 
vn -0.472199 -0.326274 0.818885 
vn -0.472199 -0.370129 0.80002 
vn -0.472199 -0.235824 0.849361 
vn -0.472199 -0.281462 0.835349 
vn -0.472199 -0.14261 0.869879 
vn -0.472199 -0.189495 0.860883 
vn -0.472199 -0.047723 0.880199 
vn -0.472199 -0.095306 0.876324 
vn -0.472199 0.047723 0.880199 
vn -0.472199 -3.40736e-16 0.881492 
vn -0.472199 0.14261 0.869879 
vn -0.472199 0.095306 0.876324 
vn -0.472199 0.235824 0.849361 
vn -0.472199 0.189495 0.860883 
vn -0.472199 0.326274 0.818885 
vn -0.472199 0.281462 0.835349 
vn -0.472199 0.412898 0.778809 
vn -0.472199 0.370129 0.80002 
vn -0.472199 0.494682 0.729601 
vn -0.472199 0.454456 0.755313 
vn -0.472199 0.570666 0.67184 
vn -0.472199 0.533456 0.70175 
vn -0.472199 0.639959 0.606201 
vn -0.472199 0.606201 0.639959 
vn -0.472199 0.70175 0.533456 
vn -0.472199 0.67184 0.570666 
vn -0.472199 0.755313 0.454456 
vn -0.472199 0.729601 0.494682 
vn -0.472199 0.80002 0.370129 
vn -0.472199 0.778809 0.412898 
vn -0.472199 0.835349 0.281462 
vn -0.472199 0.818885 0.326274 
vn -0.472199 0.860883 0.189495 
vn -0.472199 0.849361 0.235824 
vn -0.472199 0.876324 0.095306 
vn -0.472199 0.869879 0.14261 
vn -0.472199 0.880199 0.047723 
vn -6.88368e-18 1 0 
vn -6.84333e-18 0.994138 0.108119 
vn -6.72274e-18 0.976621 0.21497 
vn -6.52334e-18 0.947653 0.319302 
vn -6.24746e-18 0.907575 0.419889 
vn -5.89833e-18 0.856857 0.515554 
vn -5.48005e-18 0.796093 0.605174 
vn -4.99752e-18 0.725995 0.687699 
vn -4.4564e-18 0.647386 0.762162 
vn -3.86303e-18 0.561187 0.827689 
vn -3.22437e-18 0.468408 0.883512 
vn -2.54791e-18 0.370138 0.928977 
vn -1.84158e-18 0.267528 0.96355 
vn -1.11366e-18 0.161782 0.986827 
vn -3.72675e-19 0.0541389 0.998533 
vn 3.72675e-19 -0.0541389 0.998533 
vn 1.11366e-18 -0.161782 0.986827 
vn 1.84158e-18 -0.267528 0.96355 
vn 2.54791e-18 -0.370138 0.928977 
vn 3.22437e-18 -0.468408 0.883512 
vn 3.86303e-18 -0.561187 0.827689 
vn 4.4564e-18 -0.647386 0.762162 
vn 4.99752e-18 -0.725995 0.687699 
vn 5.48005e-18 -0.796093 0.605174 
vn 5.89833e-18 -0.856857 0.515554 
vn 6.24746e-18 -0.907575 0.419889 
vn 6.52334e-18 -0.947653 0.319302 
vn 6.72274e-18 -0.976621 0.21497 
vn 6.84333e-18 -0.994138 0.108119 
vn 6.88368e-18 -1 1.22465e-16 
vn 6.84333e-18 -0.994138 -0.108119 
vn 6.72274e-18 -0.976621 -0.21497 
vn 6.52334e-18 -0.947653 -0.319302 
vn 6.24746e-18 -0.907575 -0.419889 
vn 5.89833e-18 -0.856857 -0.515554 
vn 5.48005e-18 -0.796093 -0.605174 
vn 4.99752e-18 -0.725995 -0.687699 
vn 4.4564e-18 -0.647386 -0.762162 
vn 3.86303e-18 -0.561187 -0.827689 
vn 3.22437e-18 -0.468408 -0.883512 
vn 2.54791e-18 -0.370138 -0.928977 
vn 1.84158e-18 -0.267528 -0.96355 
vn 1.11366e-18 -0.161782 -0.986827 
vn 3.72675e-19 -0.0541389 -0.998533 
vn -3.72675e-19 0.0541389 -0.998533 
vn -1.11366e-18 0.161782 -0.986827 
vn -1.84158e-18 0.267528 -0.96355 
vn -2.54791e-18 0.370138 -0.928977 
vn -3.22437e-18 0.468408 -0.883512 
vn -3.86303e-18 0.561187 -0.827689 
vn -4.4564e-18 0.647386 -0.762162 
vn -4.99752e-18 0.725995 -0.687699 
vn -5.48005e-18 0.796093 -0.605174 
vn -5.89833e-18 0.856857 -0.515554 
vn -6.24746e-18 0.907575 -0.419889 
vn -6.52334e-18 0.947653 -0.319302 
vn -6.72274e-18 0.976621 -0.21497 
vn -6.84333e-18 0.994138 -0.108119 
vn -1 -1.73472e-16 0 
vn 0.258819 0 0.965926 
vn 0 -1 1.83697e-16 
vn 0 -0.994522 -0.104528 
vn 0 -0.978148 -0.207912 
vn 0 -0.951057 -0.309017 
vn 0 -0.913545 -0.406737 
vn 0 -0.866025 -0.5 
vn 0 -0.809017 -0.587785 
vn 0 -0.743145 -0.669131 
vn 0 -0.669131 -0.743145 
vn 0 -0.587785 -0.809017 
vn 0 -0.5 -0.866025 
vn 0 -0.406737 -0.913545 
vn 0 -0.309017 -0.951057 
vn 0 -0.207912 -0.978148 
vn 0 -0.104528 -0.994522 
vn 0 -2.44929e-16 -1 
vn 0 1 6.12323e-17 
vn 0 0.994522 -0.104528 
vn 0 0.978148 -0.207912 
vn 0 0.951057 -0.309017 
vn 0 0.913545 -0.406737 
vn 0 0.866025 -0.5 
vn 0 0.809017 -0.587785 
vn 0 0.743145 -0.669131 
vn 0 0.669131 -0.743145 
vn 0 0.587785 -0.809017 
vn 0 0.5 -0.866025 
vn 0 0.406737 -0.913545 
vn 0 0.309017 -0.951057 
vn 0 0.207912 -0.978148 
vn 0 0.104528 -0.994522 
vn 0 1.22465e-16 -1 
vn 0 1 0 
vn 0 0.104528 -0.994522 
vn 0 0 -1 
vn 0 0.052336 -0.99863 
vn 0 0.207912 -0.978148 
vn 0 0.104528 -0.994522 
vn 0 0.156434 -0.987688 
vn 0 0.309017 -0.951057 
vn 0 0.207912 -0.978148 
vn 0 0.258819 -0.965926 
vn 0 0.406737 -0.913545 
vn 0 0.309017 -0.951057 
vn 0 0.358368 -0.93358 
vn 0 0.5 -0.866025 
vn 0 0.406737 -0.913545 
vn 0 0.45399 -0.891007 
vn 0 0.587785 -0.809017 
vn 0 0.5 -0.866025 
vn 0 0.544639 -0.838671 
vn 0 0.669131 -0.743145 
vn 0 0.587785 -0.809017 
vn 0 0.743145 -0.669131 
vn 0 0.669131 -0.743145 
vn 0 0.809017 -0.587785 
vn 0 0.743145 -0.669131 
vn 0 0.866025 -0.5 
vn 0 0.809017 -0.587785 
vn 0 0.913545 -0.406737 
vn 0 0.866025 -0.5 
vn 0 0.951057 -0.309017 
vn 0 0.913545 -0.406737 
vn 0 0.978148 -0.207912 
vn 0 0.951057 -0.309017 
vn 0 0.994522 -0.104528 
vn 0 0.978148 -0.207912 
vn 0 1 -6.12323e-17 
vn 0 0.994522 -0.104528 
vn 0.104528 0.994522 0 
vn 0.207912 0.978148 0 
vn 0.309017 0.951057 0 
vn 0.406737 0.913545 0 
vn 0.5 0.866025 0 
vn 0.587785 0.809017 0 
vn 0.669131 0.743145 0 
vn 0.743145 0.669131 0 
vn 0.809017 0.587785 0 
vn 0.838671 0.544639 0 
vn 0.866025 0.5 0 
vn 0.891007 0.45399 0 
vn 0.913545 0.406737 0 
vn 0.93358 0.358368 0 
vn 0.951057 0.309017 0 
vn 0.965926 0.258819 0 
vn 0.978148 0.207912 0 
vn 0.987688 0.156434 0 
vn 0.994522 0.104528 0 
vn 0.99863 0.052336 0 
vn 1 0 0 
vn 0 0.978148 -0.207912 
vn 0 0.994522 -0.104528 
vn 0.0109262 0.994522 -0.103956 
vn 0.0217327 0.978148 -0.206773 
vn 0.0217327 0.994522 -0.102244 
vn 0.0432273 0.978148 -0.203368 
vn 0.0323011 0.994522 -0.0994125 
vn 0.0642482 0.978148 -0.197736 
vn 0.0425156 0.994522 -0.0954915 
vn 0.0845653 0.978148 -0.189937 
vn 0.0522642 0.994522 -0.0905243 
vn 0.103956 0.978148 -0.180057 
vn 0.0614403 0.994522 -0.0845653 
vn 0.122207 0.978148 -0.168204 
vn 0.0699432 0.994522 -0.0776798 
vn 0.13912 0.978148 -0.154508 
vn 0.0776798 0.994522 -0.0699432 
vn 0.154508 0.978148 -0.13912 
vn 0.0845653 0.994522 -0.0614403 
vn 0.168204 0.978148 -0.122207 
vn 0.0905243 0.994522 -0.0522642 
vn 0.180057 0.978148 -0.103956 
vn 0.0954915 0.994522 -0.0425156 
vn 0.189937 0.978148 -0.0845653 
vn 0.0994125 0.994522 -0.0323011 
vn 0.197736 0.978148 -0.0642482 
vn 0.102244 0.994522 -0.0217327 
vn 0.203368 0.978148 -0.0432273 
vn 0.103956 0.994522 -0.0109262 
vn 0.206773 0.978148 -0.0217327 
vn 0.104528 0.994522 -1.45062e-17 
vn 0 0.951057 -0.309017 
vn 0.0323011 0.951057 -0.307324 
vn 0.0642482 0.951057 -0.302264 
vn 0.0954915 0.951057 -0.293893 
vn 0.125689 0.951057 -0.282301 
vn 0.154508 0.951057 -0.267617 
vn 0.181636 0.951057 -0.25 
vn 0.206773 0.951057 -0.229644 
vn 0.229644 0.951057 -0.206773 
vn 0.25 0.951057 -0.181636 
vn 0.267617 0.951057 -0.154508 
vn 0.282301 0.951057 -0.125689 
vn 0.293893 0.951057 -0.0954915 
vn 0.302264 0.951057 -0.0642482 
vn 0.307324 0.951057 -0.0323011 
vn 0.207912 0.978148 -2.88535e-17 
vn 0 0.913545 -0.406737 
vn 0.0425156 0.913545 -0.404508 
vn 0.0845653 0.913545 -0.397848 
vn 0.125689 0.913545 -0.38683 
vn 0.165435 0.913545 -0.371572 
vn 0.203368 0.913545 -0.352244 
vn 0.239074 0.913545 -0.329057 
vn 0.27216 0.913545 -0.302264 
vn 0.302264 0.913545 -0.27216 
vn 0.329057 0.913545 -0.239074 
vn 0.352244 0.913545 -0.203368 
vn 0.371572 0.913545 -0.165435 
vn 0.38683 0.913545 -0.125689 
vn 0.397848 0.913545 -0.0845653 
vn 0.404508 0.913545 -0.0425156 
vn 0.309017 0.951057 -4.28847e-17 
vn 0 0.866025 -0.5 
vn 0.0522642 0.866025 -0.497261 
vn 0.103956 0.866025 -0.489074 
vn 0.154508 0.866025 -0.475528 
vn 0.203368 0.866025 -0.456773 
vn 0.25 0.866025 -0.433013 
vn 0.293893 0.866025 -0.404508 
vn 0.334565 0.866025 -0.371572 
vn 0.371572 0.866025 -0.334565 
vn 0.404508 0.866025 -0.293893 
vn 0.433013 0.866025 -0.25 
vn 0.456773 0.866025 -0.203368 
vn 0.475528 0.866025 -0.154508 
vn 0.489074 0.866025 -0.103956 
vn 0.497261 0.866025 -0.0522642 
vn 0.406737 0.913545 -5.6446e-17 
vn 0 0.809017 -0.587785 
vn 0.0614403 0.809017 -0.584565 
vn 0.122207 0.809017 -0.574941 
vn 0.181636 0.809017 -0.559017 
vn 0.239074 0.809017 -0.536969 
vn 0.293893 0.809017 -0.509037 
vn 0.345492 0.809017 -0.475528 
vn 0.393305 0.809017 -0.43681 
vn 0.43681 0.809017 -0.393305 
vn 0.475528 0.809017 -0.345492 
vn 0.509037 0.809017 -0.293893 
vn 0.536969 0.809017 -0.239074 
vn 0.559017 0.809017 -0.181636 
vn 0.574941 0.809017 -0.122207 
vn 0.584565 0.809017 -0.0614403 
vn 0.5 0.866025 -6.93889e-17 
vn 0 0.743145 -0.669131 
vn 0.0699432 0.743145 -0.665465 
vn 0.13912 0.743145 -0.654508 
vn 0.206773 0.743145 -0.636381 
vn 0.27216 0.743145 -0.611281 
vn 0.334565 0.743145 -0.579484 
vn 0.393305 0.743145 -0.541338 
vn 0.447736 0.743145 -0.497261 
vn 0.497261 0.743145 -0.447736 
vn 0.541338 0.743145 -0.393305 
vn 0.579484 0.743145 -0.334565 
vn 0.611281 0.743145 -0.27216 
vn 0.636381 0.743145 -0.206773 
vn 0.654508 0.743145 -0.13912 
vn 0.665465 0.743145 -0.0699432 
vn 0.587785 0.809017 -8.15716e-17 
vn 0 0.669131 -0.743145 
vn 0.0776798 0.669131 -0.739074 
vn 0.154508 0.669131 -0.726905 
vn 0.229644 0.669131 -0.706773 
vn 0.302264 0.669131 -0.678897 
vn 0.371572 0.669131 -0.643582 
vn 0.43681 0.669131 -0.601217 
vn 0.497261 0.669131 -0.552264 
vn 0.552264 0.669131 -0.497261 
vn 0.601217 0.669131 -0.43681 
vn 0.643582 0.669131 -0.371572 
vn 0.678897 0.669131 -0.302264 
vn 0.706773 0.669131 -0.229644 
vn 0.726905 0.669131 -0.154508 
vn 0.739074 0.669131 -0.0776798 
vn 0.669131 0.743145 -9.28605e-17 
vn 0 0.587785 -0.809017 
vn 0.0845653 0.587785 -0.804585 
vn 0.168204 0.587785 -0.791338 
vn 0.25 0.587785 -0.769421 
vn 0.329057 0.587785 -0.739074 
vn 0.404508 0.587785 -0.700629 
vn 0.475528 0.587785 -0.654508 
vn 0.541338 0.587785 -0.601217 
vn 0.601217 0.587785 -0.541338 
vn 0.654508 0.587785 -0.475528 
vn 0.700629 0.587785 -0.404508 
vn 0.739074 0.587785 -0.329057 
vn 0.769421 0.587785 -0.25 
vn 0.791338 0.587785 -0.168204 
vn 0.804585 0.587785 -0.0845653 
vn 0.743145 0.669131 -1.03132e-16 
vn 0 0.5 -0.866025 
vn 0.0905243 0.5 -0.861281 
vn 0.180057 0.5 -0.847101 
vn 0.267617 0.5 -0.823639 
vn 0.352244 0.5 -0.791154 
vn 0.433013 0.5 -0.75 
vn 0.509037 0.5 -0.700629 
vn 0.579484 0.5 -0.643582 
vn 0.643582 0.5 -0.579484 
vn 0.700629 0.5 -0.509037 
vn 0.75 0.5 -0.433013 
vn 0.791154 0.5 -0.352244 
vn 0.823639 0.5 -0.267617 
vn 0.847101 0.5 -0.180057 
vn 0.861281 0.5 -0.0905243 
vn 0.809017 0.587785 -1.12274e-16 
vn 0 0.406737 -0.913545 
vn 0.0954915 0.406737 -0.908541 
vn 0.189937 0.406737 -0.893582 
vn 0.282301 0.406737 -0.868833 
vn 0.371572 0.406737 -0.834565 
vn 0.456773 0.406737 -0.791154 
vn 0.536969 0.406737 -0.739074 
vn 0.611281 0.406737 -0.678897 
vn 0.678897 0.406737 -0.611281 
vn 0.739074 0.406737 -0.536969 
vn 0.791154 0.406737 -0.456773 
vn 0.834565 0.406737 -0.371572 
vn 0.868833 0.406737 -0.282301 
vn 0.893582 0.406737 -0.189937 
vn 0.908541 0.406737 -0.0954915 
vn 0.866025 0.5 -1.20185e-16 
vn 0 0.309017 -0.951057 
vn 0.0994125 0.309017 -0.945847 
vn 0.197736 0.309017 -0.930274 
vn 0.293893 0.309017 -0.904508 
vn 0.38683 0.309017 -0.868833 
vn 0.475528 0.309017 -0.823639 
vn 0.559017 0.309017 -0.769421 
vn 0.636381 0.309017 -0.706773 
vn 0.706773 0.309017 -0.636381 
vn 0.769421 0.309017 -0.559017 
vn 0.823639 0.309017 -0.475528 
vn 0.868833 0.309017 -0.38683 
vn 0.904508 0.309017 -0.293893 
vn 0.930274 0.309017 -0.197736 
vn 0.945847 0.309017 -0.0994125 
vn 0.913545 0.406737 -1.2678e-16 
vn 0 0.207912 -0.978148 
vn 0.102244 0.207912 -0.972789 
vn 0.203368 0.207912 -0.956773 
vn 0.302264 0.207912 -0.930274 
vn 0.397848 0.207912 -0.893582 
vn 0.489074 0.207912 -0.847101 
vn 0.574941 0.207912 -0.791338 
vn 0.654508 0.207912 -0.726905 
vn 0.726905 0.207912 -0.654508 
vn 0.791338 0.207912 -0.574941 
vn 0.847101 0.207912 -0.489074 
vn 0.893582 0.207912 -0.397848 
vn 0.930274 0.207912 -0.302264 
vn 0.956773 0.207912 -0.203368 
vn 0.972789 0.207912 -0.102244 
vn 0.951057 0.309017 -1.31986e-16 
vn 0 0.104528 -0.994522 
vn 0.103956 0.104528 -0.989074 
vn 0.206773 0.104528 -0.972789 
vn 0.307324 0.104528 -0.945847 
vn 0.404508 0.104528 -0.908541 
vn 0.497261 0.104528 -0.861281 
vn 0.584565 0.104528 -0.804585 
vn 0.665465 0.104528 -0.739074 
vn 0.739074 0.104528 -0.665465 
vn 0.804585 0.104528 -0.584565 
vn 0.861281 0.104528 -0.497261 
vn 0.908541 0.104528 -0.404508 
vn 0.945847 0.104528 -0.307324 
vn 0.972789 0.104528 -0.206773 
vn 0.989074 0.104528 -0.103956 
vn 0.978148 0.207912 -1.35745e-16 
vn 0 0 -1 
vn 0.104528 0 -0.994522 
vn 0.207912 0 -0.978148 
vn 0.309017 0 -0.951057 
vn 0.406737 0 -0.913545 
vn 0.5 0 -0.866025 
vn 0.587785 0 -0.809017 
vn 0.669131 0 -0.743145 
vn 0.743145 0 -0.669131 
vn 0.809017 0 -0.587785 
vn 0.866025 0 -0.5 
vn 0.913545 0 -0.406737 
vn 0.951057 0 -0.309017 
vn 0.978148 0 -0.207912 
vn 0.994522 0 -0.104528 
vn 0.994522 0.104528 -1.38018e-16 
vn 1 0 -1.38778e-16 
vn 6.11484e-17 1 0 
vn 0 0 -1 
vn 0.994522 1.75259e-16 -0.104528 
vn 1 1.76224e-16 1.22465e-16 
vn 0.99863 1.73472e-16 -0.052336 
vn 0.978148 1.72373e-16 -0.207912 
vn 0.994522 1.73472e-16 -0.104528 
vn 0.987688 1.73472e-16 -0.156434 
vn 0.951057 1.67599e-16 -0.309017 
vn 0.978148 1.73472e-16 -0.207912 
vn 0.965926 1.73472e-16 -0.258819 
vn 0.913545 1.60989e-16 -0.406737 
vn 0.951057 1.73472e-16 -0.309017 
vn 0.93358 1.73472e-16 -0.358368 
vn 0.866025 1.52614e-16 -0.5 
vn 0.913545 1.73472e-16 -0.406737 
vn 0.891007 1.73472e-16 -0.45399 
vn 0.809017 1.42568e-16 -0.587785 
vn 0.866025 1.73472e-16 -0.5 
vn 0.838671 1.73472e-16 -0.544639 
vn 0.743145 1.3096e-16 -0.669131 
vn 0.809017 1.73472e-16 -0.587785 
vn 0.669131 1.17917e-16 -0.743145 
vn 0.743145 1.73472e-16 -0.669131 
vn 0.587785 1.03582e-16 -0.809017 
vn 0.669131 8.67362e-17 -0.743145 
vn 0.5 8.8112e-17 -0.866025 
vn 0.587785 8.67362e-17 -0.809017 
vn 0.406737 7.16768e-17 -0.913545 
vn 0.5 8.67362e-17 -0.866025 
vn 0.309017 5.44562e-17 -0.951057 
vn 0.406737 8.67362e-17 -0.913545 
vn 0.207912 3.6639e-17 -0.978148 
vn 0.309017 4.33681e-17 -0.951057 
vn 0.104528 1.84204e-17 -0.994522 
vn 0.207912 4.33681e-17 -0.978148 
vn 1.83697e-16 3.23718e-32 -1 
vn 0.104528 2.1684e-17 -0.994522 
vn -6.12323e-17 1 0 
vn 0.104528 0.994522 0 
vn 0.207912 0.978148 0 
vn 0.309017 0.951057 0 
vn 0.406737 0.913545 0 
vn 0.5 0.866025 0 
vn 0.587785 0.809017 0 
vn 0.669131 0.743145 0 
vn 0.743145 0.669131 0 
vn 0.809017 0.587785 0 
vn 0.866025 0.5 0 
vn 0.913545 0.406737 0 
vn 0.951057 0.309017 0 
vn 0.978148 0.207912 0 
vn 0.994522 0.104528 0 
vn 1 1.22465e-16 0 
vn -2.65553e-32 1.83697e-16 -1 
vn 0 0.104528 -0.994522 
vn 0 0.207912 -0.978148 
vn 0 0.309017 -0.951057 
vn 0 0.406737 -0.913545 
vn 0 0.5 -0.866025 
vn 0 0.587785 -0.809017 
vn 0 0.669131 -0.743145 
vn 0 0.743145 -0.669131 
vn 0 0.809017 -0.587785 
vn 0 0.838671 -0.544639 
vn 0 0.866025 -0.5 
vn 0 0.891007 -0.45399 
vn 0 0.913545 -0.406737 
vn 0 0.93358 -0.358368 
vn 0 0.951057 -0.309017 
vn 0 0.965926 -0.258819 
vn 0 0.978148 -0.207912 
vn 0 0.987688 -0.156434 
vn 0 0.994522 -0.104528 
vn 0 0.99863 -0.052336 
vn -1.4456e-16 1 1.22465e-16 
vn 0.207912 0 -0.978148 
vn 0.104528 0 -0.994522 
vn 0.103956 0.0109262 -0.994522 
vn 0.206773 0.0217327 -0.978148 
vn 0.102244 0.0217327 -0.994522 
vn 0.203368 0.0432273 -0.978148 
vn 0.0994125 0.0323011 -0.994522 
vn 0.197736 0.0642482 -0.978148 
vn 0.0954915 0.0425156 -0.994522 
vn 0.189937 0.0845653 -0.978148 
vn 0.0905243 0.0522642 -0.994522 
vn 0.180057 0.103956 -0.978148 
vn 0.0845653 0.0614403 -0.994522 
vn 0.168204 0.122207 -0.978148 
vn 0.0776798 0.0699432 -0.994522 
vn 0.154508 0.13912 -0.978148 
vn 0.0699432 0.0776798 -0.994522 
vn 0.13912 0.154508 -0.978148 
vn 0.0614403 0.0845653 -0.994522 
vn 0.122207 0.168204 -0.978148 
vn 0.0522642 0.0905243 -0.994522 
vn 0.103956 0.180057 -0.978148 
vn 0.0425156 0.0954915 -0.994522 
vn 0.0845653 0.189937 -0.978148 
vn 0.0323011 0.0994125 -0.994522 
vn 0.0642482 0.197736 -0.978148 
vn 0.0217327 0.102244 -0.994522 
vn 0.0432273 0.203368 -0.978148 
vn 0.0109262 0.103956 -0.994522 
vn 0.0217327 0.206773 -0.978148 
vn 1.45062e-17 0.104528 -0.994522 
vn 0.309017 0 -0.951057 
vn 0.307324 0.0323011 -0.951057 
vn 0.302264 0.0642482 -0.951057 
vn 0.293893 0.0954915 -0.951057 
vn 0.282301 0.125689 -0.951057 
vn 0.267617 0.154508 -0.951057 
vn 0.25 0.181636 -0.951057 
vn 0.229644 0.206773 -0.951057 
vn 0.206773 0.229644 -0.951057 
vn 0.181636 0.25 -0.951057 
vn 0.154508 0.267617 -0.951057 
vn 0.125689 0.282301 -0.951057 
vn 0.0954915 0.293893 -0.951057 
vn 0.0642482 0.302264 -0.951057 
vn 0.0323011 0.307324 -0.951057 
vn 2.88535e-17 0.207912 -0.978148 
vn 0.406737 0 -0.913545 
vn 0.404508 0.0425156 -0.913545 
vn 0.397848 0.0845653 -0.913545 
vn 0.38683 0.125689 -0.913545 
vn 0.371572 0.165435 -0.913545 
vn 0.352244 0.203368 -0.913545 
vn 0.329057 0.239074 -0.913545 
vn 0.302264 0.27216 -0.913545 
vn 0.27216 0.302264 -0.913545 
vn 0.239074 0.329057 -0.913545 
vn 0.203368 0.352244 -0.913545 
vn 0.165435 0.371572 -0.913545 
vn 0.125689 0.38683 -0.913545 
vn 0.0845653 0.397848 -0.913545 
vn 0.0425156 0.404508 -0.913545 
vn 4.28847e-17 0.309017 -0.951057 
vn 0.5 0 -0.866025 
vn 0.497261 0.0522642 -0.866025 
vn 0.489074 0.103956 -0.866025 
vn 0.475528 0.154508 -0.866025 
vn 0.456773 0.203368 -0.866025 
vn 0.433013 0.25 -0.866025 
vn 0.404508 0.293893 -0.866025 
vn 0.371572 0.334565 -0.866025 
vn 0.334565 0.371572 -0.866025 
vn 0.293893 0.404508 -0.866025 
vn 0.25 0.433013 -0.866025 
vn 0.203368 0.456773 -0.866025 
vn 0.154508 0.475528 -0.866025 
vn 0.103956 0.489074 -0.866025 
vn 0.0522642 0.497261 -0.866025 
vn 5.6446e-17 0.406737 -0.913545 
vn 0.587785 0 -0.809017 
vn 0.584565 0.0614403 -0.809017 
vn 0.574941 0.122207 -0.809017 
vn 0.559017 0.181636 -0.809017 
vn 0.536969 0.239074 -0.809017 
vn 0.509037 0.293893 -0.809017 
vn 0.475528 0.345492 -0.809017 
vn 0.43681 0.393305 -0.809017 
vn 0.393305 0.43681 -0.809017 
vn 0.345492 0.475528 -0.809017 
vn 0.293893 0.509037 -0.809017 
vn 0.239074 0.536969 -0.809017 
vn 0.181636 0.559017 -0.809017 
vn 0.122207 0.574941 -0.809017 
vn 0.0614403 0.584565 -0.809017 
vn 6.93889e-17 0.5 -0.866025 
vn 0.669131 0 -0.743145 
vn 0.665465 0.0699432 -0.743145 
vn 0.654508 0.13912 -0.743145 
vn 0.636381 0.206773 -0.743145 
vn 0.611281 0.27216 -0.743145 
vn 0.579484 0.334565 -0.743145 
vn 0.541338 0.393305 -0.743145 
vn 0.497261 0.447736 -0.743145 
vn 0.447736 0.497261 -0.743145 
vn 0.393305 0.541338 -0.743145 
vn 0.334565 0.579484 -0.743145 
vn 0.27216 0.611281 -0.743145 
vn 0.206773 0.636381 -0.743145 
vn 0.13912 0.654508 -0.743145 
vn 0.0699432 0.665465 -0.743145 
vn 8.15716e-17 0.587785 -0.809017 
vn 0.743145 0 -0.669131 
vn 0.739074 0.0776798 -0.669131 
vn 0.726905 0.154508 -0.669131 
vn 0.706773 0.229644 -0.669131 
vn 0.678897 0.302264 -0.669131 
vn 0.643582 0.371572 -0.669131 
vn 0.601217 0.43681 -0.669131 
vn 0.552264 0.497261 -0.669131 
vn 0.497261 0.552264 -0.669131 
vn 0.43681 0.601217 -0.669131 
vn 0.371572 0.643582 -0.669131 
vn 0.302264 0.678897 -0.669131 
vn 0.229644 0.706773 -0.669131 
vn 0.154508 0.726905 -0.669131 
vn 0.0776798 0.739074 -0.669131 
vn 9.28605e-17 0.669131 -0.743145 
vn 0.809017 0 -0.587785 
vn 0.804585 0.0845653 -0.587785 
vn 0.791338 0.168204 -0.587785 
vn 0.769421 0.25 -0.587785 
vn 0.739074 0.329057 -0.587785 
vn 0.700629 0.404508 -0.587785 
vn 0.654508 0.475528 -0.587785 
vn 0.601217 0.541338 -0.587785 
vn 0.541338 0.601217 -0.587785 
vn 0.475528 0.654508 -0.587785 
vn 0.404508 0.700629 -0.587785 
vn 0.329057 0.739074 -0.587785 
vn 0.25 0.769421 -0.587785 
vn 0.168204 0.791338 -0.587785 
vn 0.0845653 0.804585 -0.587785 
vn 1.03132e-16 0.743145 -0.669131 
vn 0.866025 0 -0.5 
vn 0.861281 0.0905243 -0.5 
vn 0.847101 0.180057 -0.5 
vn 0.823639 0.267617 -0.5 
vn 0.791154 0.352244 -0.5 
vn 0.75 0.433013 -0.5 
vn 0.700629 0.509037 -0.5 
vn 0.643582 0.579484 -0.5 
vn 0.579484 0.643582 -0.5 
vn 0.509037 0.700629 -0.5 
vn 0.433013 0.75 -0.5 
vn 0.352244 0.791154 -0.5 
vn 0.267617 0.823639 -0.5 
vn 0.180057 0.847101 -0.5 
vn 0.0905243 0.861281 -0.5 
vn 1.12274e-16 0.809017 -0.587785 
vn 0.913545 0 -0.406737 
vn 0.908541 0.0954915 -0.406737 
vn 0.893582 0.189937 -0.406737 
vn 0.868833 0.282301 -0.406737 
vn 0.834565 0.371572 -0.406737 
vn 0.791154 0.456773 -0.406737 
vn 0.739074 0.536969 -0.406737 
vn 0.678897 0.611281 -0.406737 
vn 0.611281 0.678897 -0.406737 
vn 0.536969 0.739074 -0.406737 
vn 0.456773 0.791154 -0.406737 
vn 0.371572 0.834565 -0.406737 
vn 0.282301 0.868833 -0.406737 
vn 0.189937 0.893582 -0.406737 
vn 0.0954915 0.908541 -0.406737 
vn 1.20185e-16 0.866025 -0.5 
vn 0.951057 0 -0.309017 
vn 0.945847 0.0994125 -0.309017 
vn 0.930274 0.197736 -0.309017 
vn 0.904508 0.293893 -0.309017 
vn 0.868833 0.38683 -0.309017 
vn 0.823639 0.475528 -0.309017 
vn 0.769421 0.559017 -0.309017 
vn 0.706773 0.636381 -0.309017 
vn 0.636381 0.706773 -0.309017 
vn 0.559017 0.769421 -0.309017 
vn 0.475528 0.823639 -0.309017 
vn 0.38683 0.868833 -0.309017 
vn 0.293893 0.904508 -0.309017 
vn 0.197736 0.930274 -0.309017 
vn 0.0994125 0.945847 -0.309017 
vn 1.2678e-16 0.913545 -0.406737 
vn 0.978148 0 -0.207912 
vn 0.972789 0.102244 -0.207912 
vn 0.956773 0.203368 -0.207912 
vn 0.930274 0.302264 -0.207912 
vn 0.893582 0.397848 -0.207912 
vn 0.847101 0.489074 -0.207912 
vn 0.791338 0.574941 -0.207912 
vn 0.726905 0.654508 -0.207912 
vn 0.654508 0.726905 -0.207912 
vn 0.574941 0.791338 -0.207912 
vn 0.489074 0.847101 -0.207912 
vn 0.397848 0.893582 -0.207912 
vn 0.302264 0.930274 -0.207912 
vn 0.203368 0.956773 -0.207912 
vn 0.102244 0.972789 -0.207912 
vn 1.31986e-16 0.951057 -0.309017 
vn 0.994522 0 -0.104528 
vn 0.989074 0.103956 -0.104528 
vn 0.972789 0.206773 -0.104528 
vn 0.945847 0.307324 -0.104528 
vn 0.908541 0.404508 -0.104528 
vn 0.861281 0.497261 -0.104528 
vn 0.804585 0.584565 -0.104528 
vn 0.739074 0.665465 -0.104528 
vn 0.665465 0.739074 -0.104528 
vn 0.584565 0.804585 -0.104528 
vn 0.497261 0.861281 -0.104528 
vn 0.404508 0.908541 -0.104528 
vn 0.307324 0.945847 -0.104528 
vn 0.206773 0.972789 -0.104528 
vn 0.103956 0.989074 -0.104528 
vn 1.35745e-16 0.978148 -0.207912 
vn 1 0 0 
vn 0.994522 0.104528 0 
vn 0.978148 0.207912 0 
vn 0.951057 0.309017 0 
vn 0.913545 0.406737 0 
vn 0.866025 0.5 0 
vn 0.809017 0.587785 0 
vn 0.743145 0.669131 0 
vn 0.669131 0.743145 0 
vn 0.587785 0.809017 0 
vn 0.5 0.866025 0 
vn 0.406737 0.913545 0 
vn 0.309017 0.951057 0 
vn 0.207912 0.978148 0 
vn 0.104528 0.994522 0 
vn 1.38018e-16 0.994522 -0.104528 
vn 1.38778e-16 1 0 
vn 0 6.50521e-17 -1 
vn 1 0 6.12323e-17 
vn 0.994522 0 -0.104528 
vn 0.978148 0 -0.207912 
vn 0.951057 0 -0.309017 
vn 0.913545 0 -0.406737 
vn 0.866025 0 -0.5 
vn 0.809017 0 -0.587785 
vn 0.743145 0 -0.669131 
vn 0.669131 0 -0.743145 
vn 0.587785 0 -0.809017 
vn 0.5 0 -0.866025 
vn 0.406737 0 -0.913545 
vn 0.309017 0 -0.951057 
vn 0.207912 0 -0.978148 
vn 0.104528 0 -0.994522 
vn 1.22465e-16 0 -1 
vn 0.207912 4.33681e-17 -0.978148 
vn 0.309017 4.33681e-17 -0.951057 
vn 0.406737 8.67362e-17 -0.913545 
vn 0.5 8.67362e-17 -0.866025 
vn 0.587785 8.67362e-17 -0.809017 
vn 0.669131 8.67362e-17 -0.743145 
vn 0.743145 1.73472e-16 -0.669131 
vn 0.809017 1.73472e-16 -0.587785 
vn 0.838671 1.73472e-16 -0.544639 
vn 0.866025 1.73472e-16 -0.5 
vn 0.891007 1.73472e-16 -0.45399 
vn 0.913545 1.73472e-16 -0.406737 
vn 0.93358 1.73472e-16 -0.358368 
vn 0.951057 1.73472e-16 -0.309017 
vn 0.965926 1.73472e-16 -0.258819 
vn 0.978148 1.73472e-16 -0.207912 
vn 0.987688 1.73472e-16 -0.156434 
vn 0.994522 1.73472e-16 -0.104528 
vn 0.99863 1.73472e-16 -0.052336 
vn 1 1.76224e-16 1.22465e-16 
vn 1.43768e-16 -0.994522 -0.104528 
vn 1.4456e-16 -1 1.22465e-16 
vn 0 -0.99863 -0.052336 
vn 1.41401e-16 -0.978148 -0.207912 
vn 0 -0.994522 -0.104528 
vn 0 -0.987688 -0.156434 
vn 1.37485e-16 -0.951057 -0.309017 
vn 0 -0.978148 -0.207912 
vn 0 -0.965926 -0.258819 
vn 1.32062e-16 -0.913545 -0.406737 
vn 0 -0.951057 -0.309017 
vn 0 -0.93358 -0.358368 
vn 1.25193e-16 -0.866025 -0.5 
vn 0 -0.913545 -0.406737 
vn 0 -0.891007 -0.45399 
vn 1.16952e-16 -0.809017 -0.587785 
vn 0 -0.866025 -0.5 
vn 0 -0.838671 -0.544639 
vn 1.07429e-16 -0.743145 -0.669131 
vn 0 -0.809017 -0.587785 
vn 9.67297e-17 -0.669131 -0.743145 
vn 0 -0.743145 -0.669131 
vn 8.49704e-17 -0.587785 -0.809017 
vn 0 -0.669131 -0.743145 
vn 7.22801e-17 -0.5 -0.866025 
vn 0 -0.587785 -0.809017 
vn 5.8798e-17 -0.406737 -0.913545 
vn 0 -0.5 -0.866025 
vn 4.46716e-17 -0.309017 -0.951057 
vn 0 -0.406737 -0.913545 
vn 3.00558e-17 -0.207912 -0.978148 
vn 0 -0.309017 -0.951057 
vn 1.51107e-17 -0.104528 -0.994522 
vn 0 -0.207912 -0.978148 
vn 2.65553e-32 -1.83697e-16 -1 
vn 0 -0.104528 -0.994522 
vn -3.81928e-17 -0.207912 -0.978148 
vn 0.0109262 -0.103956 -0.994522 
vn 0.0217327 -0.206773 -0.978148 
vn 0.0217327 -0.102244 -0.994522 
vn 0.0432273 -0.203368 -0.978148 
vn 0.0323011 -0.0994125 -0.994522 
vn 0.0642482 -0.197736 -0.978148 
vn 0.0425156 -0.0954915 -0.994522 
vn 0.0845653 -0.189937 -0.978148 
vn 0.0522642 -0.0905243 -0.994522 
vn 0.103956 -0.180057 -0.978148 
vn 0.0614403 -0.0845653 -0.994522 
vn 0.122207 -0.168204 -0.978148 
vn 0.0699432 -0.0776798 -0.994522 
vn 0.13912 -0.154508 -0.978148 
vn 0.0776798 -0.0699432 -0.994522 
vn 0.154508 -0.13912 -0.978148 
vn 0.0845653 -0.0614403 -0.994522 
vn 0.168204 -0.122207 -0.978148 
vn 0.0905243 -0.0522642 -0.994522 
vn 0.180057 -0.103956 -0.978148 
vn 0.0954915 -0.0425156 -0.994522 
vn 0.189937 -0.0845653 -0.978148 
vn 0.0994125 -0.0323011 -0.994522 
vn 0.197736 -0.0642482 -0.978148 
vn 0.102244 -0.0217327 -0.994522 
vn 0.203368 -0.0432273 -0.978148 
vn 0.103956 -0.0109262 -0.994522 
vn 0.206773 -0.0217327 -0.978148 
vn 0.104528 -3.37078e-17 -0.994522 
vn -5.67655e-17 -0.309017 -0.951057 
vn 0.0323011 -0.307324 -0.951057 
vn 0.0642482 -0.302264 -0.951057 
vn 0.0954915 -0.293893 -0.951057 
vn 0.125689 -0.282301 -0.951057 
vn 0.154508 -0.267617 -0.951057 
vn 0.181636 -0.25 -0.951057 
vn 0.206773 -0.229644 -0.951057 
vn 0.229644 -0.206773 -0.951057 
vn 0.25 -0.181636 -0.951057 
vn 0.267617 -0.154508 -0.951057 
vn 0.282301 -0.125689 -0.951057 
vn 0.293893 -0.0954915 -0.951057 
vn 0.302264 -0.0642482 -0.951057 
vn 0.307324 -0.0323011 -0.951057 
vn 0.207912 -6.70463e-17 -0.978148 
vn -7.47163e-17 -0.406737 -0.913545 
vn 0.0425156 -0.404508 -0.913545 
vn 0.0845653 -0.397848 -0.913545 
vn 0.125689 -0.38683 -0.913545 
vn 0.165435 -0.371572 -0.913545 
vn 0.203368 -0.352244 -0.913545 
vn 0.239074 -0.329057 -0.913545 
vn 0.27216 -0.302264 -0.913545 
vn 0.302264 -0.27216 -0.913545 
vn 0.329057 -0.239074 -0.913545 
vn 0.352244 -0.203368 -0.913545 
vn 0.371572 -0.165435 -0.913545 
vn 0.38683 -0.125689 -0.913545 
vn 0.397848 -0.0845653 -0.913545 
vn 0.404508 -0.0425156 -0.913545 
vn 0.309017 -9.96502e-17 -0.951057 
vn -9.18485e-17 -0.5 -0.866025 
vn 0.0522642 -0.497261 -0.866025 
vn 0.103956 -0.489074 -0.866025 
vn 0.154508 -0.475528 -0.866025 
vn 0.203368 -0.456773 -0.866025 
vn 0.25 -0.433013 -0.866025 
vn 0.293893 -0.404508 -0.866025 
vn 0.334565 -0.371572 -0.866025 
vn 0.371572 -0.334565 -0.866025 
vn 0.404508 -0.293893 -0.866025 
vn 0.433013 -0.25 -0.866025 
vn 0.456773 -0.203368 -0.866025 
vn 0.475528 -0.154508 -0.866025 
vn 0.489074 -0.103956 -0.866025 
vn 0.497261 -0.0522642 -0.866025 
vn 0.406737 -1.31162e-16 -0.913545 
vn -1.07974e-16 -0.587785 -0.809017 
vn 0.0614403 -0.584565 -0.809017 
vn 0.122207 -0.574941 -0.809017 
vn 0.181636 -0.559017 -0.809017 
vn 0.239074 -0.536969 -0.809017 
vn 0.293893 -0.509037 -0.809017 
vn 0.345492 -0.475528 -0.809017 
vn 0.393305 -0.43681 -0.809017 
vn 0.43681 -0.393305 -0.809017 
vn 0.475528 -0.345492 -0.809017 
vn 0.509037 -0.293893 -0.809017 
vn 0.536969 -0.239074 -0.809017 
vn 0.559017 -0.181636 -0.809017 
vn 0.574941 -0.122207 -0.809017 
vn 0.584565 -0.0614403 -0.809017 
vn 0.5 -1.61237e-16 -0.866025 
vn -1.22917e-16 -0.669131 -0.743145 
vn 0.0699432 -0.665465 -0.743145 
vn 0.13912 -0.654508 -0.743145 
vn 0.206773 -0.636381 -0.743145 
vn 0.27216 -0.611281 -0.743145 
vn 0.334565 -0.579484 -0.743145 
vn 0.393305 -0.541338 -0.743145 
vn 0.447736 -0.497261 -0.743145 
vn 0.497261 -0.447736 -0.743145 
vn 0.541338 -0.393305 -0.743145 
vn 0.579484 -0.334565 -0.743145 
vn 0.611281 -0.27216 -0.743145 
vn 0.636381 -0.206773 -0.743145 
vn 0.654508 -0.13912 -0.743145 
vn 0.665465 -0.0699432 -0.743145 
vn 0.587785 -1.89546e-16 -0.809017 
vn -1.36513e-16 -0.743145 -0.669131 
vn 0.0776798 -0.739074 -0.669131 
vn 0.154508 -0.726905 -0.669131 
vn 0.229644 -0.706773 -0.669131 
vn 0.302264 -0.678897 -0.669131 
vn 0.371572 -0.643582 -0.669131 
vn 0.43681 -0.601217 -0.669131 
vn 0.497261 -0.552264 -0.669131 
vn 0.552264 -0.497261 -0.669131 
vn 0.601217 -0.43681 -0.669131 
vn 0.643582 -0.371572 -0.669131 
vn 0.678897 -0.302264 -0.669131 
vn 0.706773 -0.229644 -0.669131 
vn 0.726905 -0.154508 -0.669131 
vn 0.739074 -0.0776798 -0.669131 
vn 0.669131 -2.15778e-16 -0.743145 
vn -1.48614e-16 -0.809017 -0.587785 
vn 0.0845653 -0.804585 -0.587785 
vn 0.168204 -0.791338 -0.587785 
vn 0.25 -0.769421 -0.587785 
vn 0.329057 -0.739074 -0.587785 
vn 0.404508 -0.700629 -0.587785 
vn 0.475528 -0.654508 -0.587785 
vn 0.541338 -0.601217 -0.587785 
vn 0.601217 -0.541338 -0.587785 
vn 0.654508 -0.475528 -0.587785 
vn 0.700629 -0.404508 -0.587785 
vn 0.739074 -0.329057 -0.587785 
vn 0.769421 -0.25 -0.587785 
vn 0.791338 -0.168204 -0.587785 
vn 0.804585 -0.0845653 -0.587785 
vn 0.743145 -2.39646e-16 -0.669131 
vn -1.59086e-16 -0.866025 -0.5 
vn 0.0905243 -0.861281 -0.5 
vn 0.180057 -0.847101 -0.5 
vn 0.267617 -0.823639 -0.5 
vn 0.352244 -0.791154 -0.5 
vn 0.433013 -0.75 -0.5 
vn 0.509037 -0.700629 -0.5 
vn 0.579484 -0.643582 -0.5 
vn 0.643582 -0.579484 -0.5 
vn 0.700629 -0.509037 -0.5 
vn 0.75 -0.433013 -0.5 
vn 0.791154 -0.352244 -0.5 
vn 0.823639 -0.267617 -0.5 
vn 0.847101 -0.180057 -0.5 
vn 0.861281 -0.0905243 -0.5 
vn 0.809017 -2.60888e-16 -0.587785 
vn -1.67816e-16 -0.913545 -0.406737 
vn 0.0954915 -0.908541 -0.406737 
vn 0.189937 -0.893582 -0.406737 
vn 0.282301 -0.868833 -0.406737 
vn 0.371572 -0.834565 -0.406737 
vn 0.456773 -0.791154 -0.406737 
vn 0.536969 -0.739074 -0.406737 
vn 0.611281 -0.678897 -0.406737 
vn 0.678897 -0.611281 -0.406737 
vn 0.739074 -0.536969 -0.406737 
vn 0.791154 -0.456773 -0.406737 
vn 0.834565 -0.371572 -0.406737 
vn 0.868833 -0.282301 -0.406737 
vn 0.893582 -0.189937 -0.406737 
vn 0.908541 -0.0954915 -0.406737 
vn 0.866025 -2.79271e-16 -0.5 
vn -1.74706e-16 -0.951057 -0.309017 
vn 0.0994125 -0.945847 -0.309017 
vn 0.197736 -0.930274 -0.309017 
vn 0.293893 -0.904508 -0.309017 
vn 0.38683 -0.868833 -0.309017 
vn 0.475528 -0.823639 -0.309017 
vn 0.559017 -0.769421 -0.309017 
vn 0.636381 -0.706773 -0.309017 
vn 0.706773 -0.636381 -0.309017 
vn 0.769421 -0.559017 -0.309017 
vn 0.823639 -0.475528 -0.309017 
vn 0.868833 -0.38683 -0.309017 
vn 0.904508 -0.293893 -0.309017 
vn 0.930274 -0.197736 -0.309017 
vn 0.945847 -0.0994125 -0.309017 
vn 0.913545 -2.94595e-16 -0.406737 
vn -1.79683e-16 -0.978148 -0.207912 
vn 0.102244 -0.972789 -0.207912 
vn 0.203368 -0.956773 -0.207912 
vn 0.302264 -0.930274 -0.207912 
vn 0.397848 -0.893582 -0.207912 
vn 0.489074 -0.847101 -0.207912 
vn 0.574941 -0.791338 -0.207912 
vn 0.654508 -0.726905 -0.207912 
vn 0.726905 -0.654508 -0.207912 
vn 0.791338 -0.574941 -0.207912 
vn 0.847101 -0.489074 -0.207912 
vn 0.893582 -0.397848 -0.207912 
vn 0.930274 -0.302264 -0.207912 
vn 0.956773 -0.203368 -0.207912 
vn 0.972789 -0.102244 -0.207912 
vn 0.951057 -3.06692e-16 -0.309017 
vn -1.82691e-16 -0.994522 -0.104528 
vn 0.103956 -0.989074 -0.104528 
vn 0.206773 -0.972789 -0.104528 
vn 0.307324 -0.945847 -0.104528 
vn 0.404508 -0.908541 -0.104528 
vn 0.497261 -0.861281 -0.104528 
vn 0.584565 -0.804585 -0.104528 
vn 0.665465 -0.739074 -0.104528 
vn 0.739074 -0.665465 -0.104528 
vn 0.804585 -0.584565 -0.104528 
vn 0.861281 -0.497261 -0.104528 
vn 0.908541 -0.404508 -0.104528 
vn 0.945847 -0.307324 -0.104528 
vn 0.972789 -0.206773 -0.104528 
vn 0.989074 -0.103956 -0.104528 
vn 0.978148 -3.15428e-16 -0.207912 
vn -1.83697e-16 -1 0 
vn 0.104528 -0.994522 0 
vn 0.207912 -0.978148 0 
vn 0.309017 -0.951057 0 
vn 0.406737 -0.913545 0 
vn 0.5 -0.866025 0 
vn 0.587785 -0.809017 0 
vn 0.669131 -0.743145 0 
vn 0.743145 -0.669131 0 
vn 0.809017 -0.587785 0 
vn 0.866025 -0.5 0 
vn 0.913545 -0.406737 0 
vn 0.951057 -0.309017 0 
vn 0.978148 -0.207912 0 
vn 0.994522 -0.104528 0 
vn 0.994522 -3.20708e-16 -0.104528 
vn 1 -3.22475e-16 0 
vn 6.11484e-17 0 -1 
vn 0 -1 0 
vn 0.994522 -0.104528 0 
vn 1 1.22465e-16 0 
vn 0.99863 -0.052336 0 
vn 0.978148 -0.207912 0 
vn 0.994522 -0.104528 0 
vn 0.987688 -0.156434 0 
vn 0.951057 -0.309017 0 
vn 0.978148 -0.207912 0 
vn 0.965926 -0.258819 0 
vn 0.913545 -0.406737 0 
vn 0.951057 -0.309017 0 
vn 0.93358 -0.358368 0 
vn 0.866025 -0.5 0 
vn 0.913545 -0.406737 0 
vn 0.891007 -0.45399 0 
vn 0.809017 -0.587785 0 
vn 0.866025 -0.5 0 
vn 0.838671 -0.544639 0 
vn 0.743145 -0.669131 0 
vn 0.809017 -0.587785 0 
vn 0.669131 -0.743145 0 
vn 0.743145 -0.669131 0 
vn 0.587785 -0.809017 0 
vn 0.669131 -0.743145 0 
vn 0.5 -0.866025 0 
vn 0.587785 -0.809017 0 
vn 0.406737 -0.913545 0 
vn 0.5 -0.866025 0 
vn 0.309017 -0.951057 0 
vn 0.406737 -0.913545 0 
vn 0.207912 -0.978148 0 
vn 0.309017 -0.951057 0 
vn 0.104528 -0.994522 0 
vn 0.207912 -0.978148 0 
vn 1.83697e-16 -1 0 
vn 0.104528 -0.994522 0 
vn 1 1.76224e-16 0 
vn 0 -1 -1.83697e-16 
vn 0 -0.994522 -0.104528 
vn 0 -0.978148 -0.207912 
vn 0 -0.951057 -0.309017 
vn 0 -0.913545 -0.406737 
vn 0 -0.866025 -0.5 
vn 0 -0.809017 -0.587785 
vn 0 -0.743145 -0.669131 
vn 0 -0.669131 -0.743145 
vn 0 -0.587785 -0.809017 
vn 0 -0.544639 -0.838671 
vn 0 -0.5 -0.866025 
vn 0 -0.45399 -0.891007 
vn 0 -0.406737 -0.913545 
vn 0 -0.358368 -0.93358 
vn 0 -0.309017 -0.951057 
vn 0 -0.258819 -0.965926 
vn 0 -0.207912 -0.978148 
vn 0 -0.156434 -0.987688 
vn 0 -0.104528 -0.994522 
vn 0 -0.052336 -0.99863 
vn 0 1.22465e-16 -1 
vn 1 0 0 
vn 1.4456e-16 -1 0 
vn 0.104528 -0.994522 0 
vn 0.207912 -0.978148 0 
vn 0.309017 -0.951057 0 
vn 0.406737 -0.913545 0 
vn 0.5 -0.866025 0 
vn 0.587785 -0.809017 0 
vn 0.669131 -0.743145 0 
vn 0.743145 -0.669131 0 
vn 0.809017 -0.587785 0 
vn 0.866025 -0.5 0 
vn 0.913545 -0.406737 0 
vn 0.951057 -0.309017 0 
vn 0.978148 -0.207912 0 
vn 0.994522 -0.104528 0 
vn 1 -2.44929e-16 0 
vn -3.81928e-17 -0.207912 -0.978148 
vn -1.92016e-17 -0.104528 -0.994522 
vn 0.0109262 -0.103956 -0.994522 
vn 0.0217327 -0.206773 -0.978148 
vn 0.0217327 -0.102244 -0.994522 
vn 0.0432273 -0.203368 -0.978148 
vn 0.0323011 -0.0994125 -0.994522 
vn 0.0642482 -0.197736 -0.978148 
vn 0.0425156 -0.0954915 -0.994522 
vn 0.0845653 -0.189937 -0.978148 
vn 0.0522642 -0.0905243 -0.994522 
vn 0.103956 -0.180057 -0.978148 
vn 0.0614403 -0.0845653 -0.994522 
vn 0.122207 -0.168204 -0.978148 
vn 0.0699432 -0.0776798 -0.994522 
vn 0.13912 -0.154508 -0.978148 
vn 0.0776798 -0.0699432 -0.994522 
vn 0.154508 -0.13912 -0.978148 
vn 0.0845653 -0.0614403 -0.994522 
vn 0.168204 -0.122207 -0.978148 
vn 0.0905243 -0.0522642 -0.994522 
vn 0.180057 -0.103956 -0.978148 
vn 0.0954915 -0.0425156 -0.994522 
vn 0.189937 -0.0845653 -0.978148 
vn 0.0994125 -0.0323011 -0.994522 
vn 0.197736 -0.0642482 -0.978148 
vn 0.102244 -0.0217327 -0.994522 
vn 0.203368 -0.0432273 -0.978148 
vn 0.103956 -0.0109262 -0.994522 
vn 0.206773 -0.0217327 -0.978148 
vn 0.104528 -1.45062e-17 -0.994522 
vn -5.67655e-17 -0.309017 -0.951057 
vn 0.0323011 -0.307324 -0.951057 
vn 0.0642482 -0.302264 -0.951057 
vn 0.0954915 -0.293893 -0.951057 
vn 0.125689 -0.282301 -0.951057 
vn 0.154508 -0.267617 -0.951057 
vn 0.181636 -0.25 -0.951057 
vn 0.206773 -0.229644 -0.951057 
vn 0.229644 -0.206773 -0.951057 
vn 0.25 -0.181636 -0.951057 
vn 0.267617 -0.154508 -0.951057 
vn 0.282301 -0.125689 -0.951057 
vn 0.293893 -0.0954915 -0.951057 
vn 0.302264 -0.0642482 -0.951057 
vn 0.307324 -0.0323011 -0.951057 
vn 0.207912 -2.88535e-17 -0.978148 
vn -7.47163e-17 -0.406737 -0.913545 
vn 0.0425156 -0.404508 -0.913545 
vn 0.0845653 -0.397848 -0.913545 
vn 0.125689 -0.38683 -0.913545 
vn 0.165435 -0.371572 -0.913545 
vn 0.203368 -0.352244 -0.913545 
vn 0.239074 -0.329057 -0.913545 
vn 0.27216 -0.302264 -0.913545 
vn 0.302264 -0.27216 -0.913545 
vn 0.329057 -0.239074 -0.913545 
vn 0.352244 -0.203368 -0.913545 
vn 0.371572 -0.165435 -0.913545 
vn 0.38683 -0.125689 -0.913545 
vn 0.397848 -0.0845653 -0.913545 
vn 0.404508 -0.0425156 -0.913545 
vn 0.309017 -4.28847e-17 -0.951057 
vn -9.18485e-17 -0.5 -0.866025 
vn 0.0522642 -0.497261 -0.866025 
vn 0.103956 -0.489074 -0.866025 
vn 0.154508 -0.475528 -0.866025 
vn 0.203368 -0.456773 -0.866025 
vn 0.25 -0.433013 -0.866025 
vn 0.293893 -0.404508 -0.866025 
vn 0.334565 -0.371572 -0.866025 
vn 0.371572 -0.334565 -0.866025 
vn 0.404508 -0.293893 -0.866025 
vn 0.433013 -0.25 -0.866025 
vn 0.456773 -0.203368 -0.866025 
vn 0.475528 -0.154508 -0.866025 
vn 0.489074 -0.103956 -0.866025 
vn 0.497261 -0.0522642 -0.866025 
vn 0.406737 -5.6446e-17 -0.913545 
vn -1.07974e-16 -0.587785 -0.809017 
vn 0.0614403 -0.584565 -0.809017 
vn 0.122207 -0.574941 -0.809017 
vn 0.181636 -0.559017 -0.809017 
vn 0.239074 -0.536969 -0.809017 
vn 0.293893 -0.509037 -0.809017 
vn 0.345492 -0.475528 -0.809017 
vn 0.393305 -0.43681 -0.809017 
vn 0.43681 -0.393305 -0.809017 
vn 0.475528 -0.345492 -0.809017 
vn 0.509037 -0.293893 -0.809017 
vn 0.536969 -0.239074 -0.809017 
vn 0.559017 -0.181636 -0.809017 
vn 0.574941 -0.122207 -0.809017 
vn 0.584565 -0.0614403 -0.809017 
vn 0.5 -6.93889e-17 -0.866025 
vn -1.22917e-16 -0.669131 -0.743145 
vn 0.0699432 -0.665465 -0.743145 
vn 0.13912 -0.654508 -0.743145 
vn 0.206773 -0.636381 -0.743145 
vn 0.27216 -0.611281 -0.743145 
vn 0.334565 -0.579484 -0.743145 
vn 0.393305 -0.541338 -0.743145 
vn 0.447736 -0.497261 -0.743145 
vn 0.497261 -0.447736 -0.743145 
vn 0.541338 -0.393305 -0.743145 
vn 0.579484 -0.334565 -0.743145 
vn 0.611281 -0.27216 -0.743145 
vn 0.636381 -0.206773 -0.743145 
vn 0.654508 -0.13912 -0.743145 
vn 0.665465 -0.0699432 -0.743145 
vn 0.587785 -8.15716e-17 -0.809017 
vn -1.36513e-16 -0.743145 -0.669131 
vn 0.0776798 -0.739074 -0.669131 
vn 0.154508 -0.726905 -0.669131 
vn 0.229644 -0.706773 -0.669131 
vn 0.302264 -0.678897 -0.669131 
vn 0.371572 -0.643582 -0.669131 
vn 0.43681 -0.601217 -0.669131 
vn 0.497261 -0.552264 -0.669131 
vn 0.552264 -0.497261 -0.669131 
vn 0.601217 -0.43681 -0.669131 
vn 0.643582 -0.371572 -0.669131 
vn 0.678897 -0.302264 -0.669131 
vn 0.706773 -0.229644 -0.669131 
vn 0.726905 -0.154508 -0.669131 
vn 0.739074 -0.0776798 -0.669131 
vn 0.669131 -9.28605e-17 -0.743145 
vn -1.48614e-16 -0.809017 -0.587785 
vn 0.0845653 -0.804585 -0.587785 
vn 0.168204 -0.791338 -0.587785 
vn 0.25 -0.769421 -0.587785 
vn 0.329057 -0.739074 -0.587785 
vn 0.404508 -0.700629 -0.587785 
vn 0.475528 -0.654508 -0.587785 
vn 0.541338 -0.601217 -0.587785 
vn 0.601217 -0.541338 -0.587785 
vn 0.654508 -0.475528 -0.587785 
vn 0.700629 -0.404508 -0.587785 
vn 0.739074 -0.329057 -0.587785 
vn 0.769421 -0.25 -0.587785 
vn 0.791338 -0.168204 -0.587785 
vn 0.804585 -0.0845653 -0.587785 
vn 0.743145 -1.03132e-16 -0.669131 
vn -1.59086e-16 -0.866025 -0.5 
vn 0.0905243 -0.861281 -0.5 
vn 0.180057 -0.847101 -0.5 
vn 0.267617 -0.823639 -0.5 
vn 0.352244 -0.791154 -0.5 
vn 0.433013 -0.75 -0.5 
vn 0.509037 -0.700629 -0.5 
vn 0.579484 -0.643582 -0.5 
vn 0.643582 -0.579484 -0.5 
vn 0.700629 -0.509037 -0.5 
vn 0.75 -0.433013 -0.5 
vn 0.791154 -0.352244 -0.5 
vn 0.823639 -0.267617 -0.5 
vn 0.847101 -0.180057 -0.5 
vn 0.861281 -0.0905243 -0.5 
vn 0.809017 -1.12274e-16 -0.587785 
vn -1.67816e-16 -0.913545 -0.406737 
vn 0.0954915 -0.908541 -0.406737 
vn 0.189937 -0.893582 -0.406737 
vn 0.282301 -0.868833 -0.406737 
vn 0.371572 -0.834565 -0.406737 
vn 0.456773 -0.791154 -0.406737 
vn 0.536969 -0.739074 -0.406737 
vn 0.611281 -0.678897 -0.406737 
vn 0.678897 -0.611281 -0.406737 
vn 0.739074 -0.536969 -0.406737 
vn 0.791154 -0.456773 -0.406737 
vn 0.834565 -0.371572 -0.406737 
vn 0.868833 -0.282301 -0.406737 
vn 0.893582 -0.189937 -0.406737 
vn 0.908541 -0.0954915 -0.406737 
vn 0.866025 -1.20185e-16 -0.5 
vn -1.74706e-16 -0.951057 -0.309017 
vn 0.0994125 -0.945847 -0.309017 
vn 0.197736 -0.930274 -0.309017 
vn 0.293893 -0.904508 -0.309017 
vn 0.38683 -0.868833 -0.309017 
vn 0.475528 -0.823639 -0.309017 
vn 0.559017 -0.769421 -0.309017 
vn 0.636381 -0.706773 -0.309017 
vn 0.706773 -0.636381 -0.309017 
vn 0.769421 -0.559017 -0.309017 
vn 0.823639 -0.475528 -0.309017 
vn 0.868833 -0.38683 -0.309017 
vn 0.904508 -0.293893 -0.309017 
vn 0.930274 -0.197736 -0.309017 
vn 0.945847 -0.0994125 -0.309017 
vn 0.913545 -1.2678e-16 -0.406737 
vn -1.79683e-16 -0.978148 -0.207912 
vn 0.102244 -0.972789 -0.207912 
vn 0.203368 -0.956773 -0.207912 
vn 0.302264 -0.930274 -0.207912 
vn 0.397848 -0.893582 -0.207912 
vn 0.489074 -0.847101 -0.207912 
vn 0.574941 -0.791338 -0.207912 
vn 0.654508 -0.726905 -0.207912 
vn 0.726905 -0.654508 -0.207912 
vn 0.791338 -0.574941 -0.207912 
vn 0.847101 -0.489074 -0.207912 
vn 0.893582 -0.397848 -0.207912 
vn 0.930274 -0.302264 -0.207912 
vn 0.956773 -0.203368 -0.207912 
vn 0.972789 -0.102244 -0.207912 
vn 0.951057 -1.31986e-16 -0.309017 
vn -1.82691e-16 -0.994522 -0.104528 
vn 0.103956 -0.989074 -0.104528 
vn 0.206773 -0.972789 -0.104528 
vn 0.307324 -0.945847 -0.104528 
vn 0.404508 -0.908541 -0.104528 
vn 0.497261 -0.861281 -0.104528 
vn 0.584565 -0.804585 -0.104528 
vn 0.665465 -0.739074 -0.104528 
vn 0.739074 -0.665465 -0.104528 
vn 0.804585 -0.584565 -0.104528 
vn 0.861281 -0.497261 -0.104528 
vn 0.908541 -0.404508 -0.104528 
vn 0.945847 -0.307324 -0.104528 
vn 0.972789 -0.206773 -0.104528 
vn 0.989074 -0.103956 -0.104528 
vn 0.978148 -1.35745e-16 -0.207912 
vn -1.83697e-16 -1 0 
vn 0.104528 -0.994522 0 
vn 0.207912 -0.978148 0 
vn 0.309017 -0.951057 0 
vn 0.406737 -0.913545 0 
vn 0.5 -0.866025 0 
vn 0.587785 -0.809017 0 
vn 0.669131 -0.743145 0 
vn 0.743145 -0.669131 0 
vn 0.809017 -0.587785 0 
vn 0.866025 -0.5 0 
vn 0.913545 -0.406737 0 
vn 0.951057 -0.309017 0 
vn 0.978148 -0.207912 0 
vn 0.994522 -0.104528 0 
vn 0.994522 -1.38018e-16 -0.104528 
vn 1 -1.38778e-16 0 
vn 0 0 -1 
usemtl 0.615686_0.811765_0.929412_0.000000_0.000000
o mesh0
f 1//1 2//2 59//3 
f 2//2 3//4 59//5 
f 3//4 4//6 59//7 
f 4//6 5//8 59//9 
f 5//8 6//10 59//11 
f 6//10 7//12 59//13 
f 7//12 8//14 59//15 
f 8//14 9//16 59//17 
f 9//16 10//18 59//19 
f 10//18 11//20 59//21 
f 11//20 12//22 59//23 
f 12//22 13//24 59//25 
f 13//24 14//26 59//27 
f 14//26 15//28 59//29 
f 15//28 16//30 59//31 
f 16//30 17//32 59//33 
f 17//32 18//34 59//35 
f 18//34 19//36 59//37 
f 19//36 20//38 59//39 
f 20//38 21//40 59//41 
f 21//40 22//42 59//43 
f 22//42 23//44 59//45 
f 23//44 24//46 59//47 
f 24//46 25//48 59//49 
f 25//48 26//50 59//51 
f 26//50 27//52 59//53 
f 27//52 28//54 59//55 
f 28//54 29//56 59//57 
f 29//56 30//58 59//59 
f 30//58 31//60 59//61 
f 31//60 32//62 59//63 
f 32//62 33//64 59//65 
f 33//64 34//66 59//67 
f 34//66 35//68 59//69 
f 35//68 36//70 59//71 
f 36//70 37//72 59//73 
f 37//72 38//74 59//75 
f 38//74 39//76 59//77 
f 39//76 40//78 59//79 
f 40//78 41//80 59//81 
f 41//80 42//82 59//83 
f 42//82 43//84 59//85 
f 43//84 44//86 59//87 
f 44//86 45//88 59//89 
f 45//88 46//90 59//91 
f 46//90 47//92 59//93 
f 47//92 48//94 59//95 
f 48//94 49//96 59//97 
f 49//96 50//98 59//99 
f 50//98 51//100 59//101 
f 51//100 52//102 59//103 
f 52//102 53//104 59//105 
f 53//104 54//106 59//107 
f 54//106 55//108 59//109 
f 55//108 56//110 59//111 
f 56//110 57//112 59//113 
f 57//112 58//114 59//115 
f 58//114 1//1 59//116 
o mesh1
f 60//117 1//117 58//118 
f 61//118 58//118 57//119 
f 62//119 57//119 56//120 
f 63//120 56//120 55//121 
f 64//121 55//121 54//122 
f 65//122 54//122 53//123 
f 66//123 53//123 52//124 
f 67//124 52//124 51//125 
f 68//125 51//125 50//126 
f 69//126 50//126 49//127 
f 70//127 49//127 48//128 
f 71//128 48//128 47//129 
f 72//129 47//129 46//130 
f 73//130 46//130 45//131 
f 74//131 45//131 44//132 
f 75//132 44//132 43//133 
f 76//133 43//133 42//134 
f 77//134 42//134 41//135 
f 78//135 41//135 40//136 
f 79//136 40//136 39//137 
f 80//137 39//137 38//138 
f 81//138 38//138 37//139 
f 82//139 37//139 36//140 
f 83//140 36//140 35//141 
f 84//141 35//141 34//142 
f 85//142 34//142 33//143 
f 86//143 33//143 32//144 
f 87//144 32//144 31//145 
f 88//145 31//145 30//146 
f 89//146 30//146 29//147 
f 90//147 29//147 28//148 
f 91//148 28//148 27//149 
f 92//149 27//149 26//150 
f 93//150 26//150 25//151 
f 94//151 25//151 24//152 
f 95//152 24//152 23//153 
f 96//153 23//153 22//154 
f 97//154 22//154 21//155 
f 98//155 21//155 20//156 
f 99//156 20//156 19//157 
f 100//157 19//157 18//158 
f 101//158 18//158 17//159 
f 102//159 17//159 16//160 
f 103//160 16//160 15//161 
f 104//161 15//161 14//162 
f 105//162 14//162 13//163 
f 106//163 13//163 12//164 
f 107//164 12//164 11//165 
f 108//165 11//165 10//166 
f 109//166 10//166 9//167 
f 110//167 9//167 8//168 
f 111//168 8//168 7//169 
f 112//169 7//169 6//170 
f 113//170 6//170 5//171 
f 114//171 5//171 4//172 
f 115//172 4//172 3//173 
f 116//173 3//173 2//174 
f 117//174 2//174 1//117 
f 1//117 60//117 117//174 
f 2//174 117//174 116//173 
f 3//173 116//173 115//172 
f 4//172 115//172 114//171 
f 5//171 114//171 113//170 
f 6//170 113//170 112//169 
f 7//169 112//169 111//168 
f 8//168 111//168 110//167 
f 9//167 110//167 109//166 
f 10//166 109//166 108//165 
f 11//165 108//165 107//164 
f 12//164 107//164 106//163 
f 13//163 106//163 105//162 
f 14//162 105//162 104//161 
f 15//161 104//161 103//160 
f 16//160 103//160 102//159 
f 17//159 102//159 101//158 
f 18//158 101//158 100//157 
f 19//157 100//157 99//156 
f 20//156 99//156 98//155 
f 21//155 98//155 97//154 
f 22//154 97//154 96//153 
f 23//153 96//153 95//152 
f 24//152 95//152 94//151 
f 25//151 94//151 93//150 
f 26//150 93//150 92//149 
f 27//149 92//149 91//148 
f 28//148 91//148 90//147 
f 29//147 90//147 89//146 
f 30//146 89//146 88//145 
f 31//145 88//145 87//144 
f 32//144 87//144 86//143 
f 33//143 86//143 85//142 
f 34//142 85//142 84//141 
f 35//141 84//141 83//140 
f 36//140 83//140 82//139 
f 37//139 82//139 81//138 
f 38//138 81//138 80//137 
f 39//137 80//137 79//136 
f 40//136 79//136 78//135 
f 41//135 78//135 77//134 
f 42//134 77//134 76//133 
f 43//133 76//133 75//132 
f 44//132 75//132 74//131 
f 45//131 74//131 73//130 
f 46//130 73//130 72//129 
f 47//129 72//129 71//128 
f 48//128 71//128 70//127 
f 49//127 70//127 69//126 
f 50//126 69//126 68//125 
f 51//125 68//125 67//124 
f 52//124 67//124 66//123 
f 53//123 66//123 65//122 
f 54//122 65//122 64//121 
f 55//121 64//121 63//120 
f 56//120 63//120 62//119 
f 57//119 62//119 61//118 
f 58//118 61//118 60//117 
o mesh2
f 111//175 118//175 119//175 
f 96//175 120//175 121//175 
f 122//175 117//175 60//175 
f 122//175 115//175 116//175 
f 111//175 123//175 118//175 
f 97//175 98//175 124//175 
f 96//175 125//175 126//175 
f 96//175 127//175 120//175 
f 96//175 97//175 128//175 
f 96//175 129//175 130//175 
f 96//175 131//175 132//175 
f 96//175 133//175 134//175 
f 135//175 64//175 65//175 
f 135//175 62//175 63//175 
f 135//175 60//175 61//175 
f 116//175 117//175 122//175 
f 111//175 136//175 137//175 
f 111//175 138//175 139//175 
f 111//175 112//175 122//175 
f 111//175 140//175 141//175 
f 111//175 142//175 123//175 
f 124//175 143//175 97//175 
f 121//175 125//175 96//175 
f 128//175 144//175 96//175 
f 132//175 129//175 96//175 
f 134//175 145//175 96//175 
f 146//175 135//175 74//175 
f 63//175 64//175 135//175 
f 60//175 135//175 122//175 
f 122//175 113//175 114//175 
f 137//175 147//175 111//175 
f 122//175 138//175 111//175 
f 111//175 148//175 149//175 
f 119//175 140//175 111//175 
f 110//175 150//175 151//175 
f 143//175 128//175 97//175 
f 144//175 127//175 96//175 
f 145//175 131//175 96//175 
f 74//175 75//175 146//175 
f 135//175 72//175 73//175 
f 135//175 69//175 70//175 
f 61//175 62//175 135//175 
f 122//175 112//175 113//175 
f 139//175 136//175 111//175 
f 141//175 148//175 111//175 
f 110//175 149//175 150//175 
f 151//175 107//175 108//175 
f 151//175 105//175 106//175 
f 98//175 99//175 124//175 
f 130//175 95//175 96//175 
f 130//175 93//175 94//175 
f 130//175 91//175 92//175 
f 146//175 86//175 87//175 
f 146//175 76//175 77//175 
f 73//175 74//175 135//175 
f 135//175 68//175 69//175 
f 135//175 66//175 67//175 
f 114//175 115//175 122//175 
f 149//175 110//175 111//175 
f 108//175 109//175 151//175 
f 151//175 104//175 105//175 
f 124//175 103//175 104//175 
f 124//175 101//175 102//175 
f 126//175 133//175 96//175 
f 92//175 93//175 130//175 
f 130//175 146//175 89//175 
f 87//175 88//175 146//175 
f 146//175 83//175 84//175 
f 146//175 81//175 82//175 
f 75//175 76//175 146//175 
f 70//175 71//175 135//175 
f 65//175 66//175 135//175 
f 151//175 109//175 110//175 
f 104//175 151//175 124//175 
f 124//175 100//175 101//175 
f 94//175 95//175 130//175 
f 89//175 90//175 130//175 
f 146//175 85//175 86//175 
f 82//175 83//175 146//175 
f 146//175 78//175 79//175 
f 71//175 72//175 135//175 
f 147//175 142//175 111//175 
f 102//175 103//175 124//175 
f 90//175 91//175 130//175 
f 84//175 85//175 146//175 
f 79//175 80//175 146//175 
f 67//175 68//175 135//175 
f 99//175 100//175 124//175 
f 80//175 81//175 146//175 
f 106//175 107//175 151//175 
f 77//175 78//175 146//175 
f 88//175 89//175 146//175 
o mesh3
f 152//176 153//176 135//176 
f 135//176 146//176 152//176 
o mesh4
f 154//177 130//177 129//178 
f 155//178 129//178 132//179 
f 156//179 132//179 131//180 
f 157//180 131//180 145//181 
f 158//181 145//181 134//182 
f 159//182 134//182 133//183 
f 160//183 133//183 126//184 
f 161//184 126//184 125//185 
f 162//185 125//185 121//186 
f 163//186 121//186 120//187 
f 164//187 120//187 127//188 
f 165//188 127//188 144//189 
f 166//189 144//189 128//190 
f 167//190 128//190 143//191 
f 168//191 143//191 124//192 
f 124//192 169//192 168//191 
f 143//191 168//191 167//190 
f 128//190 167//190 166//189 
f 144//189 166//189 165//188 
f 127//188 165//188 164//187 
f 120//187 164//187 163//186 
f 121//186 163//186 162//185 
f 125//185 162//185 161//184 
f 126//184 161//184 160//183 
f 133//183 160//183 159//182 
f 134//182 159//182 158//181 
f 145//181 158//181 157//180 
f 131//180 157//180 156//179 
f 132//179 156//179 155//178 
f 129//178 155//178 154//177 
o mesh5
f 122//193 170//193 171//194 
f 138//194 171//194 172//195 
f 139//195 172//195 173//196 
f 136//196 173//196 174//197 
f 137//197 174//197 175//198 
f 147//198 175//198 176//199 
f 142//199 176//199 177//200 
f 123//200 177//200 178//201 
f 118//201 178//201 179//202 
f 119//202 179//202 180//203 
f 140//203 180//203 181//204 
f 141//204 181//204 182//205 
f 148//205 182//205 183//206 
f 149//206 183//206 184//207 
f 150//207 184//207 185//208 
f 185//208 151//208 150//207 
f 184//207 150//207 149//206 
f 183//206 149//206 148//205 
f 182//205 148//205 141//204 
f 181//204 141//204 140//203 
f 180//203 140//203 119//202 
f 179//202 119//202 118//201 
f 178//201 118//201 123//200 
f 177//200 123//200 142//199 
f 176//199 142//199 147//198 
f 175//198 147//198 137//197 
f 174//197 137//197 136//196 
f 173//196 136//196 139//195 
f 172//195 139//195 138//194 
f 171//194 138//194 122//193 
o mesh6
f 122//209 135//209 186//209 
f 135//209 153//209 186//209 
f 186//209 170//209 122//209 
o mesh7
f 187//210 188//211 189//211 
f 189//211 190//212 187//210 
f 191//213 187//210 192//214 
f 192//214 193//215 191//213 
f 194//216 191//213 195//217 
f 195//217 196//218 194//216 
f 197//219 194//216 198//220 
f 198//220 199//221 197//219 
f 200//222 197//219 201//223 
f 201//223 202//224 200//222 
f 203//225 200//222 204//226 
f 204//226 205//227 203//225 
f 206//228 203//225 207//229 
f 208//230 206//228 209//231 
f 210//232 208//230 211//233 
f 212//234 210//232 213//235 
f 214//236 212//234 215//237 
f 216//238 214//236 217//239 
f 218//240 216//238 219//241 
f 220//242 218//240 221//243 
f 153//244 220//242 222//245 
f 222//245 186//244 153//244 
f 221//243 222//245 220//242 
f 219//241 221//243 218//240 
f 217//239 219//241 216//238 
f 215//237 217//239 214//236 
f 213//235 215//237 212//234 
f 211//233 213//235 210//232 
f 209//231 211//233 208//230 
f 207//229 209//231 206//228 
f 205//227 207//229 203//225 
f 202//224 204//226 200//222 
f 199//221 201//223 197//219 
f 196//218 198//220 194//216 
f 193//215 195//217 191//213 
f 190//212 192//214 187//210 
o mesh8
f 170//244 186//244 222//246 
f 223//246 222//246 221//247 
f 224//247 221//247 219//248 
f 225//248 219//248 217//249 
f 226//249 217//249 215//250 
f 227//250 215//250 213//251 
f 228//251 213//251 211//252 
f 229//252 211//252 209//253 
f 230//253 209//253 207//254 
f 231//254 205//255 204//256 
f 231//254 207//254 205//255 
f 232//256 202//257 201//258 
f 232//256 204//256 202//257 
f 233//258 199//259 198//260 
f 233//258 201//258 199//259 
f 234//260 196//261 195//262 
f 234//260 198//260 196//261 
f 235//262 193//263 192//264 
f 235//262 195//262 193//263 
f 236//264 190//265 189//266 
f 236//264 192//264 190//265 
f 189//266 237//266 236//264 
f 192//264 236//264 235//262 
f 195//262 235//262 234//260 
f 198//260 234//260 233//258 
f 201//258 233//258 232//256 
f 204//256 232//256 231//254 
f 207//254 231//254 230//253 
f 209//253 230//253 229//252 
f 211//252 229//252 228//251 
f 213//251 228//251 227//250 
f 215//250 227//250 226//249 
f 217//249 226//249 225//248 
f 219//248 225//248 224//247 
f 221//247 224//247 223//246 
f 222//246 223//246 170//244 
o mesh9
f 172//267 171//268 252//269 
f 253//270 252//269 254//271 
f 255//272 254//271 256//273 
f 257//274 256//273 258//275 
f 259//276 258//275 260//277 
f 261//278 260//277 262//279 
f 263//280 262//279 264//281 
f 265//282 264//281 266//283 
f 267//284 266//283 268//285 
f 269//286 268//285 270//287 
f 271//288 270//287 272//289 
f 273//290 272//289 274//291 
f 275//292 274//291 276//293 
f 277//294 276//293 278//295 
f 279//296 278//295 223//297 
f 173//298 172//267 253//270 
f 280//299 253//270 255//272 
f 281//300 255//272 257//274 
f 282//301 257//274 259//276 
f 283//302 259//276 261//278 
f 284//303 261//278 263//280 
f 285//304 263//280 265//282 
f 286//305 265//282 267//284 
f 287//306 267//284 269//286 
f 288//307 269//286 271//288 
f 289//308 271//288 273//290 
f 290//309 273//290 275//292 
f 291//310 275//292 277//294 
f 292//311 277//294 279//296 
f 293//312 279//296 224//313 
f 174//314 173//298 280//299 
f 294//315 280//299 281//300 
f 295//316 281//300 282//301 
f 296//317 282//301 283//302 
f 297//318 283//302 284//303 
f 298//319 284//303 285//304 
f 299//320 285//304 286//305 
f 300//321 286//305 287//306 
f 301//322 287//306 288//307 
f 302//323 288//307 289//308 
f 303//324 289//308 290//309 
f 304//325 290//309 291//310 
f 305//326 291//310 292//311 
f 306//327 292//311 293//312 
f 307//328 293//312 225//329 
f 175//330 174//314 294//315 
f 308//331 294//315 295//316 
f 309//332 295//316 296//317 
f 310//333 296//317 297//318 
f 311//334 297//318 298//319 
f 312//335 298//319 299//320 
f 313//336 299//320 300//321 
f 314//337 300//321 301//322 
f 315//338 301//322 302//323 
f 316//339 302//323 303//324 
f 317//340 303//324 304//325 
f 318//341 304//325 305//326 
f 319//342 305//326 306//327 
f 320//343 306//327 307//328 
f 321//344 307//328 226//345 
f 176//346 175//330 308//331 
f 322//347 308//331 309//332 
f 323//348 309//332 310//333 
f 324//349 310//333 311//334 
f 325//350 311//334 312//335 
f 326//351 312//335 313//336 
f 327//352 313//336 314//337 
f 328//353 314//337 315//338 
f 329//354 315//338 316//339 
f 330//355 316//339 317//340 
f 331//356 317//340 318//341 
f 332//357 318//341 319//342 
f 333//358 319//342 320//343 
f 334//359 320//343 321//344 
f 335//360 321//344 227//361 
f 177//362 176//346 322//347 
f 336//363 322//347 323//348 
f 337//364 323//348 324//349 
f 338//365 324//349 325//350 
f 339//366 325//350 326//351 
f 340//367 326//351 327//352 
f 341//368 327//352 328//353 
f 342//369 328//353 329//354 
f 343//370 329//354 330//355 
f 344//371 330//355 331//356 
f 345//372 331//356 332//357 
f 346//373 332//357 333//358 
f 347//374 333//358 334//359 
f 348//375 334//359 335//360 
f 349//376 335//360 228//377 
f 178//378 177//362 336//363 
f 350//379 336//363 337//364 
f 351//380 337//364 338//365 
f 352//381 338//365 339//366 
f 353//382 339//366 340//367 
f 354//383 340//367 341//368 
f 355//384 341//368 342//369 
f 356//385 342//369 343//370 
f 357//386 343//370 344//371 
f 358//387 344//371 345//372 
f 359//388 345//372 346//373 
f 360//389 346//373 347//374 
f 361//390 347//374 348//375 
f 362//391 348//375 349//376 
f 363//392 349//376 229//393 
f 179//394 178//378 350//379 
f 364//395 350//379 351//380 
f 365//396 351//380 352//381 
f 366//397 352//381 353//382 
f 367//398 353//382 354//383 
f 368//399 354//383 355//384 
f 369//400 355//384 356//385 
f 370//401 356//385 357//386 
f 371//402 357//386 358//387 
f 372//403 358//387 359//388 
f 373//404 359//388 360//389 
f 374//405 360//389 361//390 
f 375//406 361//390 362//391 
f 376//407 362//391 363//392 
f 377//408 363//392 230//409 
f 180//410 179//394 364//395 
f 378//411 364//395 365//396 
f 379//412 365//396 366//397 
f 380//413 366//397 367//398 
f 381//414 367//398 368//399 
f 382//415 368//399 369//400 
f 383//416 369//400 370//401 
f 384//417 370//401 371//402 
f 385//418 371//402 372//403 
f 386//419 372//403 373//404 
f 387//420 373//404 374//405 
f 388//421 374//405 375//406 
f 389//422 375//406 376//407 
f 390//423 376//407 377//408 
f 391//424 377//408 231//425 
f 181//426 180//410 378//411 
f 392//427 378//411 379//412 
f 393//428 379//412 380//413 
f 394//429 380//413 381//414 
f 395//430 381//414 382//415 
f 396//431 382//415 383//416 
f 397//432 383//416 384//417 
f 398//433 384//417 385//418 
f 399//434 385//418 386//419 
f 400//435 386//419 387//420 
f 401//436 387//420 388//421 
f 402//437 388//421 389//422 
f 403//438 389//422 390//423 
f 404//439 390//423 391//424 
f 405//440 391//424 232//441 
f 182//442 181//426 392//427 
f 406//443 392//427 393//428 
f 407//444 393//428 394//429 
f 408//445 394//429 395//430 
f 409//446 395//430 396//431 
f 410//447 396//431 397//432 
f 411//448 397//432 398//433 
f 412//449 398//433 399//434 
f 413//450 399//434 400//435 
f 414//451 400//435 401//436 
f 415//452 401//436 402//437 
f 416//453 402//437 403//438 
f 417//454 403//438 404//439 
f 418//455 404//439 405//440 
f 419//456 405//440 233//457 
f 183//458 182//442 406//443 
f 420//459 406//443 407//444 
f 421//460 407//444 408//445 
f 422//461 408//445 409//446 
f 423//462 409//446 410//447 
f 424//463 410//447 411//448 
f 425//464 411//448 412//449 
f 426//465 412//449 413//450 
f 427//466 413//450 414//451 
f 428//467 414//451 415//452 
f 429//468 415//452 416//453 
f 430//469 416//453 417//454 
f 431//470 417//454 418//455 
f 432//471 418//455 419//456 
f 433//472 419//456 234//473 
f 184//474 183//458 420//459 
f 434//475 420//459 421//460 
f 435//476 421//460 422//461 
f 436//477 422//461 423//462 
f 437//478 423//462 424//463 
f 438//479 424//463 425//464 
f 439//480 425//464 426//465 
f 440//481 426//465 427//466 
f 441//482 427//466 428//467 
f 442//483 428//467 429//468 
f 443//484 429//468 430//469 
f 444//485 430//469 431//470 
f 445//486 431//470 432//471 
f 446//487 432//471 433//472 
f 447//488 433//472 235//489 
f 185//490 184//474 434//475 
f 238//491 434//475 435//476 
f 239//492 435//476 436//477 
f 240//493 436//477 437//478 
f 241//494 437//478 438//479 
f 242//495 438//479 439//480 
f 243//496 439//480 440//481 
f 244//497 440//481 441//482 
f 245//498 441//482 442//483 
f 246//499 442//483 443//484 
f 247//500 443//484 444//485 
f 248//501 444//485 445//486 
f 249//502 445//486 446//487 
f 250//503 446//487 447//488 
f 251//504 447//488 236//505 
f 236//505 237//506 251//504 
f 447//488 251//504 250//503 
f 446//487 250//503 249//502 
f 445//486 249//502 248//501 
f 444//485 248//501 247//500 
f 443//484 247//500 246//499 
f 442//483 246//499 245//498 
f 441//482 245//498 244//497 
f 440//481 244//497 243//496 
f 439//480 243//496 242//495 
f 438//479 242//495 241//494 
f 437//478 241//494 240//493 
f 436//477 240//493 239//492 
f 435//476 239//492 238//491 
f 434//475 238//491 185//490 
f 235//489 236//505 447//488 
f 433//472 447//488 446//487 
f 432//471 446//487 445//486 
f 431//470 445//486 444//485 
f 430//469 444//485 443//484 
f 429//468 443//484 442//483 
f 428//467 442//483 441//482 
f 427//466 441//482 440//481 
f 426//465 440//481 439//480 
f 425//464 439//480 438//479 
f 424//463 438//479 437//478 
f 423//462 437//478 436//477 
f 422//461 436//477 435//476 
f 421//460 435//476 434//475 
f 420//459 434//475 184//474 
f 234//473 235//489 433//472 
f 419//456 433//472 432//471 
f 418//455 432//471 431//470 
f 417//454 431//470 430//469 
f 416//453 430//469 429//468 
f 415//452 429//468 428//467 
f 414//451 428//467 427//466 
f 413//450 427//466 426//465 
f 412//449 426//465 425//464 
f 411//448 425//464 424//463 
f 410//447 424//463 423//462 
f 409//446 423//462 422//461 
f 408//445 422//461 421//460 
f 407//444 421//460 420//459 
f 406//443 420//459 183//458 
f 233//457 234//473 419//456 
f 405//440 419//456 418//455 
f 404//439 418//455 417//454 
f 403//438 417//454 416//453 
f 402//437 416//453 415//452 
f 401//436 415//452 414//451 
f 400//435 414//451 413//450 
f 399//434 413//450 412//449 
f 398//433 412//449 411//448 
f 397//432 411//448 410//447 
f 396//431 410//447 409//446 
f 395//430 409//446 408//445 
f 394//429 408//445 407//444 
f 393//428 407//444 406//443 
f 392//427 406//443 182//442 
f 232//441 233//457 405//440 
f 391//424 405//440 404//439 
f 390//423 404//439 403//438 
f 389//422 403//438 402//437 
f 388//421 402//437 401//436 
f 387//420 401//436 400//435 
f 386//419 400//435 399//434 
f 385//418 399//434 398//433 
f 384//417 398//433 397//432 
f 383//416 397//432 396//431 
f 382//415 396//431 395//430 
f 381//414 395//430 394//429 
f 380//413 394//429 393//428 
f 379//412 393//428 392//427 
f 378//411 392//427 181//426 
f 231//425 232//441 391//424 
f 377//408 391//424 390//423 
f 376//407 390//423 389//422 
f 375//406 389//422 388//421 
f 374//405 388//421 387//420 
f 373//404 387//420 386//419 
f 372//403 386//419 385//418 
f 371//402 385//418 384//417 
f 370//401 384//417 383//416 
f 369//400 383//416 382//415 
f 368//399 382//415 381//414 
f 367//398 381//414 380//413 
f 366//397 380//413 379//412 
f 365//396 379//412 378//411 
f 364//395 378//411 180//410 
f 230//409 231//425 377//408 
f 363//392 377//408 376//407 
f 362//391 376//407 375//406 
f 361//390 375//406 374//405 
f 360//389 374//405 373//404 
f 359//388 373//404 372//403 
f 358//387 372//403 371//402 
f 357//386 371//402 370//401 
f 356//385 370//401 369//400 
f 355//384 369//400 368//399 
f 354//383 368//399 367//398 
f 353//382 367//398 366//397 
f 352//381 366//397 365//396 
f 351//380 365//396 364//395 
f 350//379 364//395 179//394 
f 229//393 230//409 363//392 
f 349//376 363//392 362//391 
f 348//375 362//391 361//390 
f 347//374 361//390 360//389 
f 346//373 360//389 359//388 
f 345//372 359//388 358//387 
f 344//371 358//387 357//386 
f 343//370 357//386 356//385 
f 342//369 356//385 355//384 
f 341//368 355//384 354//383 
f 340//367 354//383 353//382 
f 339//366 353//382 352//381 
f 338//365 352//381 351//380 
f 337//364 351//380 350//379 
f 336//363 350//379 178//378 
f 228//377 229//393 349//376 
f 335//360 349//376 348//375 
f 334//359 348//375 347//374 
f 333//358 347//374 346//373 
f 332//357 346//373 345//372 
f 331//356 345//372 344//371 
f 330//355 344//371 343//370 
f 329//354 343//370 342//369 
f 328//353 342//369 341//368 
f 327//352 341//368 340//367 
f 326//351 340//367 339//366 
f 325//350 339//366 338//365 
f 324//349 338//365 337//364 
f 323//348 337//364 336//363 
f 322//347 336//363 177//362 
f 227//361 228//377 335//360 
f 321//344 335//360 334//359 
f 320//343 334//359 333//358 
f 319//342 333//358 332//357 
f 318//341 332//357 331//356 
f 317//340 331//356 330//355 
f 316//339 330//355 329//354 
f 315//338 329//354 328//353 
f 314//337 328//353 327//352 
f 313//336 327//352 326//351 
f 312//335 326//351 325//350 
f 311//334 325//350 324//349 
f 310//333 324//349 323//348 
f 309//332 323//348 322//347 
f 308//331 322//347 176//346 
f 226//345 227//361 321//344 
f 307//328 321//344 320//343 
f 306//327 320//343 319//342 
f 305//326 319//342 318//341 
f 304//325 318//341 317//340 
f 303//324 317//340 316//339 
f 302//323 316//339 315//338 
f 301//322 315//338 314//337 
f 300//321 314//337 313//336 
f 299//320 313//336 312//335 
f 298//319 312//335 311//334 
f 297//318 311//334 310//333 
f 296//317 310//333 309//332 
f 295//316 309//332 308//331 
f 294//315 308//331 175//330 
f 225//329 226//345 307//328 
f 293//312 307//328 306//327 
f 292//311 306//327 305//326 
f 291//310 305//326 304//325 
f 290//309 304//325 303//324 
f 289//308 303//324 302//323 
f 288//307 302//323 301//322 
f 287//306 301//322 300//321 
f 286//305 300//321 299//320 
f 285//304 299//320 298//319 
f 284//303 298//319 297//318 
f 283//302 297//318 296//317 
f 282//301 296//317 295//316 
f 281//300 295//316 294//315 
f 280//299 294//315 174//314 
f 224//313 225//329 293//312 
f 279//296 293//312 292//311 
f 277//294 292//311 291//310 
f 275//292 291//310 290//309 
f 273//290 290//309 289//308 
f 271//288 289//308 288//307 
f 269//286 288//307 287//306 
f 267//284 287//306 286//305 
f 265//282 286//305 285//304 
f 263//280 285//304 284//303 
f 261//278 284//303 283//302 
f 259//276 283//302 282//301 
f 257//274 282//301 281//300 
f 255//272 281//300 280//299 
f 253//270 280//299 173//298 
f 223//297 224//313 279//296 
f 278//295 279//296 277//294 
f 276//293 277//294 275//292 
f 274//291 275//292 273//290 
f 272//289 273//290 271//288 
f 270//287 271//288 269//286 
f 268//285 269//286 267//284 
f 266//283 267//284 265//282 
f 264//281 265//282 263//280 
f 262//279 263//280 261//278 
f 260//277 261//278 259//276 
f 258//275 259//276 257//274 
f 256//273 257//274 255//272 
f 254//271 255//272 253//270 
f 252//269 253//270 172//267 
f 223//297 278//295 170//507 
f 278//295 276//293 170//507 
f 276//293 274//291 170//507 
f 274//291 272//289 170//507 
f 272//289 270//287 170//507 
f 270//287 268//285 170//507 
f 268//285 266//283 170//507 
f 266//283 264//281 170//507 
f 264//281 262//279 170//507 
f 262//279 260//277 170//507 
f 260//277 258//275 170//507 
f 258//275 256//273 170//507 
f 256//273 254//271 170//507 
f 254//271 252//269 170//507 
f 252//269 171//268 170//507 
o mesh10
f 448//506 449//506 237//506 
f 237//506 189//506 448//506 
o mesh11
f 189//508 188//508 450//508 
f 188//508 451//508 450//508 
f 188//508 452//508 453//508 
f 188//508 454//508 455//508 
f 188//508 456//508 451//508 
f 188//508 457//508 458//508 
f 455//508 452//508 188//508 
f 458//508 456//508 188//508 
f 453//508 459//508 188//508 
f 188//508 460//508 461//508 
f 459//508 457//508 188//508 
f 461//508 462//508 188//508 
f 188//508 463//508 464//508 
f 462//508 454//508 188//508 
f 464//508 465//508 188//508 
f 465//508 460//508 188//508 
f 450//508 448//508 189//508 
o mesh12
f 448//507 450//507 466//507 
f 466//507 449//507 448//507 
o mesh13
f 251//509 237//510 449//510 
f 449//510 467//511 251//509 
f 250//512 251//509 468//513 
f 468//513 469//514 250//512 
f 249//515 250//512 470//516 
f 470//516 471//517 249//515 
f 248//518 249//515 472//519 
f 472//519 473//520 248//518 
f 247//521 248//518 474//522 
f 474//522 475//523 247//521 
f 246//524 247//521 476//525 
f 476//525 477//526 246//524 
f 245//527 246//524 478//528 
f 244//529 245//527 479//530 
f 243//531 244//529 480//532 
f 242//533 243//531 481//534 
f 241//535 242//533 482//536 
f 240//537 241//535 483//538 
f 239//539 240//537 484//540 
f 238//541 239//539 485//542 
f 185//543 238//541 486//544 
f 486//544 487//543 185//543 
f 485//542 486//544 238//541 
f 484//540 485//542 239//539 
f 483//538 484//540 240//537 
f 482//536 483//538 241//535 
f 481//534 482//536 242//533 
f 480//532 481//534 243//531 
f 479//530 480//532 244//529 
f 478//528 479//530 245//527 
f 477//526 478//528 246//524 
f 475//523 476//525 247//521 
f 473//520 474//522 248//518 
f 471//517 472//519 249//515 
f 469//514 470//516 250//512 
f 467//511 468//513 251//509 
o mesh14
f 466//545 450//545 451//546 
f 488//546 451//546 456//547 
f 489//547 456//547 458//548 
f 490//548 458//548 457//549 
f 491//549 457//549 459//550 
f 492//550 459//550 453//551 
f 493//551 453//551 452//552 
f 494//552 452//552 455//553 
f 495//553 455//553 454//554 
f 496//554 454//554 462//555 
f 497//555 462//555 461//556 
f 498//556 461//556 460//557 
f 499//557 460//557 465//558 
f 500//558 465//558 464//559 
f 501//559 464//559 463//560 
f 463//560 502//560 501//559 
f 464//559 501//559 500//558 
f 465//558 500//558 499//557 
f 460//557 499//557 498//556 
f 461//556 498//556 497//555 
f 462//555 497//555 496//554 
f 454//554 496//554 495//553 
f 455//553 495//553 494//552 
f 452//552 494//552 493//551 
f 453//551 493//551 492//550 
f 459//550 492//550 491//549 
f 457//549 491//549 490//548 
f 458//548 490//548 489//547 
f 456//547 489//547 488//546 
f 451//546 488//546 466//545 
o mesh15
f 503//561 487//561 486//562 
f 504//562 486//562 485//563 
f 505//563 485//563 484//564 
f 506//564 484//564 483//565 
f 507//565 483//565 482//566 
f 508//566 482//566 481//567 
f 509//567 481//567 480//568 
f 510//568 480//568 479//569 
f 511//569 479//569 478//570 
f 512//570 477//571 476//572 
f 512//570 478//570 477//571 
f 513//572 475//573 474//574 
f 513//572 476//572 475//573 
f 514//574 473//575 472//576 
f 514//574 474//574 473//575 
f 515//576 471//577 470//578 
f 515//576 472//576 471//577 
f 516//578 469//579 468//580 
f 516//578 470//578 469//579 
f 517//580 467//581 449//582 
f 517//580 468//580 467//581 
f 449//582 466//582 517//580 
f 468//580 517//580 516//578 
f 470//578 516//578 515//576 
f 472//576 515//576 514//574 
f 474//574 514//574 513//572 
f 476//572 513//572 512//570 
f 478//570 512//570 511//569 
f 479//569 511//569 510//568 
f 480//568 510//568 509//567 
f 481//567 509//567 508//566 
f 482//566 508//566 507//565 
f 483//565 507//565 506//564 
f 484//564 506//564 505//563 
f 485//563 505//563 504//562 
f 486//562 504//562 503//561 
o mesh16
f 518//583 519//584 532//585 
f 533//586 532//585 534//587 
f 535//588 534//587 536//589 
f 537//590 536//589 538//591 
f 539//592 538//591 540//593 
f 541//594 540//593 542//595 
f 543//596 542//595 544//597 
f 545//598 544//597 546//599 
f 547//600 546//599 548//601 
f 549//602 548//601 550//603 
f 551//604 550//603 552//605 
f 553//606 552//605 554//607 
f 555//608 554//607 556//609 
f 557//610 556//609 558//611 
f 559//612 558//611 504//613 
f 520//614 518//583 533//586 
f 560//615 533//586 535//588 
f 561//616 535//588 537//590 
f 562//617 537//590 539//592 
f 563//618 539//592 541//594 
f 564//619 541//594 543//596 
f 565//620 543//596 545//598 
f 566//621 545//598 547//600 
f 567//622 547//600 549//602 
f 568//623 549//602 551//604 
f 569//624 551//604 553//606 
f 570//625 553//606 555//608 
f 571//626 555//608 557//610 
f 572//627 557//610 559//612 
f 573//628 559//612 505//629 
f 521//630 520//614 560//615 
f 574//631 560//615 561//616 
f 575//632 561//616 562//617 
f 576//633 562//617 563//618 
f 577//634 563//618 564//619 
f 578//635 564//619 565//620 
f 579//636 565//620 566//621 
f 580//637 566//621 567//622 
f 581//638 567//622 568//623 
f 582//639 568//623 569//624 
f 583//640 569//624 570//625 
f 584//641 570//625 571//626 
f 585//642 571//626 572//627 
f 586//643 572//627 573//628 
f 587//644 573//628 506//645 
f 522//646 521//630 574//631 
f 588//647 574//631 575//632 
f 589//648 575//632 576//633 
f 590//649 576//633 577//634 
f 591//650 577//634 578//635 
f 592//651 578//635 579//636 
f 593//652 579//636 580//637 
f 594//653 580//637 581//638 
f 595//654 581//638 582//639 
f 596//655 582//639 583//640 
f 597//656 583//640 584//641 
f 598//657 584//641 585//642 
f 599//658 585//642 586//643 
f 600//659 586//643 587//644 
f 601//660 587//644 507//661 
f 523//662 522//646 588//647 
f 602//663 588//647 589//648 
f 603//664 589//648 590//649 
f 604//665 590//649 591//650 
f 605//666 591//650 592//651 
f 606//667 592//651 593//652 
f 607//668 593//652 594//653 
f 608//669 594//653 595//654 
f 609//670 595//654 596//655 
f 610//671 596//655 597//656 
f 611//672 597//656 598//657 
f 612//673 598//657 599//658 
f 613//674 599//658 600//659 
f 614//675 600//659 601//660 
f 615//676 601//660 508//677 
f 524//678 523//662 602//663 
f 616//679 602//663 603//664 
f 617//680 603//664 604//665 
f 618//681 604//665 605//666 
f 619//682 605//666 606//667 
f 620//683 606//667 607//668 
f 621//684 607//668 608//669 
f 622//685 608//669 609//670 
f 623//686 609//670 610//671 
f 624//687 610//671 611//672 
f 625//688 611//672 612//673 
f 626//689 612//673 613//674 
f 627//690 613//674 614//675 
f 628//691 614//675 615//676 
f 629//692 615//676 509//693 
f 525//694 524//678 616//679 
f 630//695 616//679 617//680 
f 631//696 617//680 618//681 
f 632//697 618//681 619//682 
f 633//698 619//682 620//683 
f 634//699 620//683 621//684 
f 635//700 621//684 622//685 
f 636//701 622//685 623//686 
f 637//702 623//686 624//687 
f 638//703 624//687 625//688 
f 639//704 625//688 626//689 
f 640//705 626//689 627//690 
f 641//706 627//690 628//691 
f 642//707 628//691 629//692 
f 643//708 629//692 510//709 
f 526//710 525//694 630//695 
f 644//711 630//695 631//696 
f 645//712 631//696 632//697 
f 646//713 632//697 633//698 
f 647//714 633//698 634//699 
f 648//715 634//699 635//700 
f 649//716 635//700 636//701 
f 650//717 636//701 637//702 
f 651//718 637//702 638//703 
f 652//719 638//703 639//704 
f 653//720 639//704 640//705 
f 654//721 640//705 641//706 
f 655//722 641//706 642//707 
f 656//723 642//707 643//708 
f 657//724 643//708 511//725 
f 527//726 526//710 644//711 
f 658//727 644//711 645//712 
f 659//728 645//712 646//713 
f 660//729 646//713 647//714 
f 661//730 647//714 648//715 
f 662//731 648//715 649//716 
f 663//732 649//716 650//717 
f 664//733 650//717 651//718 
f 665//734 651//718 652//719 
f 666//735 652//719 653//720 
f 667//736 653//720 654//721 
f 668//737 654//721 655//722 
f 669//738 655//722 656//723 
f 670//739 656//723 657//724 
f 671//740 657//724 512//741 
f 528//742 527//726 658//727 
f 672//743 658//727 659//728 
f 673//744 659//728 660//729 
f 674//745 660//729 661//730 
f 675//746 661//730 662//731 
f 676//747 662//731 663//732 
f 677//748 663//732 664//733 
f 678//749 664//733 665//734 
f 679//750 665//734 666//735 
f 680//751 666//735 667//736 
f 681//752 667//736 668//737 
f 682//753 668//737 669//738 
f 683//754 669//738 670//739 
f 684//755 670//739 671//740 
f 685//756 671//740 513//757 
f 529//758 528//742 672//743 
f 686//759 672//743 673//744 
f 687//760 673//744 674//745 
f 688//761 674//745 675//746 
f 689//762 675//746 676//747 
f 690//763 676//747 677//748 
f 691//764 677//748 678//749 
f 692//765 678//749 679//750 
f 693//766 679//750 680//751 
f 694//767 680//751 681//752 
f 695//768 681//752 682//753 
f 696//769 682//753 683//754 
f 697//770 683//754 684//755 
f 698//771 684//755 685//756 
f 699//772 685//756 514//773 
f 530//774 529//758 686//759 
f 700//775 686//759 687//760 
f 701//776 687//760 688//761 
f 702//777 688//761 689//762 
f 703//778 689//762 690//763 
f 704//779 690//763 691//764 
f 705//780 691//764 692//765 
f 706//781 692//765 693//766 
f 707//782 693//766 694//767 
f 708//783 694//767 695//768 
f 709//784 695//768 696//769 
f 710//785 696//769 697//770 
f 711//786 697//770 698//771 
f 712//787 698//771 699//772 
f 713//788 699//772 515//789 
f 531//790 530//774 700//775 
f 714//791 700//775 701//776 
f 715//792 701//776 702//777 
f 716//793 702//777 703//778 
f 717//794 703//778 704//779 
f 718//795 704//779 705//780 
f 719//796 705//780 706//781 
f 720//797 706//781 707//782 
f 721//798 707//782 708//783 
f 722//799 708//783 709//784 
f 723//800 709//784 710//785 
f 724//801 710//785 711//786 
f 725//802 711//786 712//787 
f 726//803 712//787 713//788 
f 727//804 713//788 516//805 
f 502//806 531//790 714//791 
f 501//807 714//791 715//792 
f 500//808 715//792 716//793 
f 499//809 716//793 717//794 
f 498//810 717//794 718//795 
f 497//811 718//795 719//796 
f 496//812 719//796 720//797 
f 495//813 720//797 721//798 
f 494//814 721//798 722//799 
f 493//815 722//799 723//800 
f 492//816 723//800 724//801 
f 491//817 724//801 725//802 
f 490//818 725//802 726//803 
f 489//819 726//803 727//804 
f 488//820 727//804 517//821 
f 517//821 466//822 488//820 
f 727//804 488//820 489//819 
f 726//803 489//819 490//818 
f 725//802 490//818 491//817 
f 724//801 491//817 492//816 
f 723//800 492//816 493//815 
f 722//799 493//815 494//814 
f 721//798 494//814 495//813 
f 720//797 495//813 496//812 
f 719//796 496//812 497//811 
f 718//795 497//811 498//810 
f 717//794 498//810 499//809 
f 716//793 499//809 500//808 
f 715//792 500//808 501//807 
f 714//791 501//807 502//806 
f 516//805 517//821 727//804 
f 713//788 727//804 726//803 
f 712//787 726//803 725//802 
f 711//786 725//802 724//801 
f 710//785 724//801 723//800 
f 709//784 723//800 722//799 
f 708//783 722//799 721//798 
f 707//782 721//798 720//797 
f 706//781 720//797 719//796 
f 705//780 719//796 718//795 
f 704//779 718//795 717//794 
f 703//778 717//794 716//793 
f 702//777 716//793 715//792 
f 701//776 715//792 714//791 
f 700//775 714//791 531//790 
f 515//789 516//805 713//788 
f 699//772 713//788 712//787 
f 698//771 712//787 711//786 
f 697//770 711//786 710//785 
f 696//769 710//785 709//784 
f 695//768 709//784 708//783 
f 694//767 708//783 707//782 
f 693//766 707//782 706//781 
f 692//765 706//781 705//780 
f 691//764 705//780 704//779 
f 690//763 704//779 703//778 
f 689//762 703//778 702//777 
f 688//761 702//777 701//776 
f 687//760 701//776 700//775 
f 686//759 700//775 530//774 
f 514//773 515//789 699//772 
f 685//756 699//772 698//771 
f 684//755 698//771 697//770 
f 683//754 697//770 696//769 
f 682//753 696//769 695//768 
f 681//752 695//768 694//767 
f 680//751 694//767 693//766 
f 679//750 693//766 692//765 
f 678//749 692//765 691//764 
f 677//748 691//764 690//763 
f 676//747 690//763 689//762 
f 675//746 689//762 688//761 
f 674//745 688//761 687//760 
f 673//744 687//760 686//759 
f 672//743 686//759 529//758 
f 513//757 514//773 685//756 
f 671//740 685//756 684//755 
f 670//739 684//755 683//754 
f 669//738 683//754 682//753 
f 668//737 682//753 681//752 
f 667//736 681//752 680//751 
f 666//735 680//751 679//750 
f 665//734 679//750 678//749 
f 664//733 678//749 677//748 
f 663//732 677//748 676//747 
f 662//731 676//747 675//746 
f 661//730 675//746 674//745 
f 660//729 674//745 673//744 
f 659//728 673//744 672//743 
f 658//727 672//743 528//742 
f 512//741 513//757 671//740 
f 657//724 671//740 670//739 
f 656//723 670//739 669//738 
f 655//722 669//738 668//737 
f 654//721 668//737 667//736 
f 653//720 667//736 666//735 
f 652//719 666//735 665//734 
f 651//718 665//734 664//733 
f 650//717 664//733 663//732 
f 649//716 663//732 662//731 
f 648//715 662//731 661//730 
f 647//714 661//730 660//729 
f 646//713 660//729 659//728 
f 645//712 659//728 658//727 
f 644//711 658//727 527//726 
f 511//725 512//741 657//724 
f 643//708 657//724 656//723 
f 642//707 656//723 655//722 
f 641//706 655//722 654//721 
f 640//705 654//721 653//720 
f 639//704 653//720 652//719 
f 638//703 652//719 651//718 
f 637//702 651//718 650//717 
f 636//701 650//717 649//716 
f 635//700 649//716 648//715 
f 634//699 648//715 647//714 
f 633//698 647//714 646//713 
f 632//697 646//713 645//712 
f 631//696 645//712 644//711 
f 630//695 644//711 526//710 
f 510//709 511//725 643//708 
f 629//692 643//708 642//707 
f 628//691 642//707 641//706 
f 627//690 641//706 640//705 
f 626//689 640//705 639//704 
f 625//688 639//704 638//703 
f 624//687 638//703 637//702 
f 623//686 637//702 636//701 
f 622//685 636//701 635//700 
f 621//684 635//700 634//699 
f 620//683 634//699 633//698 
f 619//682 633//698 632//697 
f 618//681 632//697 631//696 
f 617//680 631//696 630//695 
f 616//679 630//695 525//694 
f 509//693 510//709 629//692 
f 615//676 629//692 628//691 
f 614//675 628//691 627//690 
f 613//674 627//690 626//689 
f 612//673 626//689 625//688 
f 611//672 625//688 624//687 
f 610//671 624//687 623//686 
f 609//670 623//686 622//685 
f 608//669 622//685 621//684 
f 607//668 621//684 620//683 
f 606//667 620//683 619//682 
f 605//666 619//682 618//681 
f 604//665 618//681 617//680 
f 603//664 617//680 616//679 
f 602//663 616//679 524//678 
f 508//677 509//693 615//676 
f 601//660 615//676 614//675 
f 600//659 614//675 613//674 
f 599//658 613//674 612//673 
f 598//657 612//673 611//672 
f 597//656 611//672 610//671 
f 596//655 610//671 609//670 
f 595//654 609//670 608//669 
f 594//653 608//669 607//668 
f 593//652 607//668 606//667 
f 592//651 606//667 605//666 
f 591//650 605//666 604//665 
f 590//649 604//665 603//664 
f 589//648 603//664 602//663 
f 588//647 602//663 523//662 
f 507//661 508//677 601//660 
f 587//644 601//660 600//659 
f 586//643 600//659 599//658 
f 585//642 599//658 598//657 
f 584//641 598//657 597//656 
f 583//640 597//656 596//655 
f 582//639 596//655 595//654 
f 581//638 595//654 594//653 
f 580//637 594//653 593//652 
f 579//636 593//652 592//651 
f 578//635 592//651 591//650 
f 577//634 591//650 590//649 
f 576//633 590//649 589//648 
f 575//632 589//648 588//647 
f 574//631 588//647 522//646 
f 506//645 507//661 587//644 
f 573//628 587//644 586//643 
f 572//627 586//643 585//642 
f 571//626 585//642 584//641 
f 570//625 584//641 583//640 
f 569//624 583//640 582//639 
f 568//623 582//639 581//638 
f 567//622 581//638 580//637 
f 566//621 580//637 579//636 
f 565//620 579//636 578//635 
f 564//619 578//635 577//634 
f 563//618 577//634 576//633 
f 562//617 576//633 575//632 
f 561//616 575//632 574//631 
f 560//615 574//631 521//630 
f 505//629 506//645 573//628 
f 559//612 573//628 572//627 
f 557//610 572//627 571//626 
f 555//608 571//626 570//625 
f 553//606 570//625 569//624 
f 551//604 569//624 568//623 
f 549//602 568//623 567//622 
f 547//600 567//622 566//621 
f 545//598 566//621 565//620 
f 543//596 565//620 564//619 
f 541//594 564//619 563//618 
f 539//592 563//618 562//617 
f 537//590 562//617 561//616 
f 535//588 561//616 560//615 
f 533//586 560//615 520//614 
f 504//613 505//629 559//612 
f 558//611 559//612 557//610 
f 556//609 557//610 555//608 
f 554//607 555//608 553//606 
f 552//605 553//606 551//604 
f 550//603 551//604 549//602 
f 548//601 549//602 547//600 
f 546//599 547//600 545//598 
f 544//597 545//598 543//596 
f 542//595 543//596 541//594 
f 540//593 541//594 539//592 
f 538//591 539//592 537//590 
f 536//589 537//590 535//588 
f 534//587 535//588 533//586 
f 532//585 533//586 518//583 
f 504//613 558//611 503//823 
f 558//611 556//609 503//823 
f 556//609 554//607 503//823 
f 554//607 552//605 503//823 
f 552//605 550//603 503//823 
f 550//603 548//601 503//823 
f 548//601 546//599 503//823 
f 546//599 544//597 503//823 
f 544//597 542//595 503//823 
f 542//595 540//593 503//823 
f 540//593 538//591 503//823 
f 538//591 536//589 503//823 
f 536//589 534//587 503//823 
f 534//587 532//585 503//823 
f 532//585 519//584 503//823 
o mesh17
f 502//824 728//824 729//825 
f 531//825 729//825 730//826 
f 530//826 730//826 731//827 
f 529//827 731//827 732//828 
f 528//828 732//828 733//829 
f 527//829 733//829 734//830 
f 526//830 734//830 735//831 
f 525//831 735//831 736//832 
f 524//832 736//832 737//833 
f 523//833 737//833 738//834 
f 522//834 738//834 739//835 
f 521//835 739//835 740//836 
f 520//836 740//836 741//837 
f 518//837 741//837 742//838 
f 519//838 742//838 743//839 
f 743//839 503//839 519//838 
f 742//838 519//838 518//837 
f 741//837 518//837 520//836 
f 740//836 520//836 521//835 
f 739//835 521//835 522//834 
f 738//834 522//834 523//833 
f 737//833 523//833 524//832 
f 736//832 524//832 525//831 
f 735//831 525//831 526//830 
f 734//830 526//830 527//829 
f 733//829 527//829 528//828 
f 732//828 528//828 529//827 
f 731//827 529//827 530//826 
f 730//826 530//826 531//825 
f 729//825 531//825 502//824 
o mesh18
f 124//839 487//839 744//839 
f 743//839 744//839 487//839 
f 487//839 503//839 743//839 
f 151//839 185//839 487//839 
f 487//839 124//839 151//839 
f 744//839 169//839 124//839 
o mesh19
f 169//839 744//839 745//838 
f 746//838 745//838 747//840 
f 748//840 747//840 749//841 
f 750//841 749//841 751//842 
f 752//842 751//842 753//843 
f 754//843 753//843 755//844 
f 756//844 755//844 757//845 
f 758//845 757//845 759//846 
f 760//846 759//846 761//847 
f 762//847 763//848 764//849 
f 762//847 761//847 763//848 
f 765//849 766//850 767//851 
f 765//849 764//849 766//850 
f 768//851 769//852 770//853 
f 768//851 767//851 769//852 
f 771//853 772//854 773//855 
f 771//853 770//853 772//854 
f 774//855 775//856 776//857 
f 774//855 773//855 775//856 
f 777//857 778//858 779//859 
f 777//857 776//857 778//858 
f 779//859 780//859 777//857 
f 776//857 777//857 774//855 
f 773//855 774//855 771//853 
f 770//853 771//853 768//851 
f 767//851 768//851 765//849 
f 764//849 765//849 762//847 
f 761//847 762//847 760//846 
f 759//846 760//846 758//845 
f 757//845 758//845 756//844 
f 755//844 756//844 754//843 
f 753//843 754//843 752//842 
f 751//842 752//842 750//841 
f 749//841 750//841 748//840 
f 747//840 748//840 746//838 
f 745//838 746//838 169//839 
o mesh20
f 781//860 782//861 779//861 
f 779//861 778//862 781//860 
f 783//863 781//860 776//864 
f 776//864 775//865 783//863 
f 784//866 783//863 773//867 
f 773//867 772//868 784//866 
f 785//869 784//866 770//870 
f 770//870 769//871 785//869 
f 786//872 785//869 767//873 
f 767//873 766//874 786//872 
f 787//875 786//872 764//876 
f 764//876 763//877 787//875 
f 788//878 787//875 761//879 
f 789//880 788//878 759//881 
f 790//882 789//880 757//883 
f 791//884 790//882 755//885 
f 792//886 791//884 753//887 
f 793//888 792//886 751//889 
f 794//890 793//888 749//891 
f 795//892 794//890 747//893 
f 743//894 795//892 745//895 
f 745//895 744//894 743//894 
f 747//893 745//895 795//892 
f 749//891 747//893 794//890 
f 751//889 749//891 793//888 
f 753//887 751//889 792//886 
f 755//885 753//887 791//884 
f 757//883 755//885 790//882 
f 759//881 757//883 789//880 
f 761//879 759//881 788//878 
f 763//877 761//879 787//875 
f 766//874 764//876 786//872 
f 769//871 767//873 785//869 
f 772//868 770//870 784//866 
f 775//865 773//867 783//863 
f 778//862 776//864 781//860 
o mesh21
f 167//896 168//895 810//897 
f 811//898 810//897 812//899 
f 813//900 812//899 814//901 
f 815//902 814//901 816//903 
f 817//904 816//903 818//905 
f 819//906 818//905 820//907 
f 821//908 820//907 822//909 
f 823//910 822//909 824//911 
f 825//912 824//911 826//913 
f 827//914 826//913 828//915 
f 829//916 828//915 830//917 
f 831//918 830//917 832//919 
f 833//920 832//919 834//921 
f 835//922 834//921 836//923 
f 837//924 836//923 746//925 
f 166//926 167//896 811//898 
f 838//927 811//898 813//900 
f 839//928 813//900 815//902 
f 840//929 815//902 817//904 
f 841//930 817//904 819//906 
f 842//931 819//906 821//908 
f 843//932 821//908 823//910 
f 844//933 823//910 825//912 
f 845//934 825//912 827//914 
f 846//935 827//914 829//916 
f 847//936 829//916 831//918 
f 848//937 831//918 833//920 
f 849//938 833//920 835//922 
f 850//939 835//922 837//924 
f 851//940 837//924 748//941 
f 165//942 166//926 838//927 
f 852//943 838//927 839//928 
f 853//944 839//928 840//929 
f 854//945 840//929 841//930 
f 855//946 841//930 842//931 
f 856//947 842//931 843//932 
f 857//948 843//932 844//933 
f 858//949 844//933 845//934 
f 859//950 845//934 846//935 
f 860//951 846//935 847//936 
f 861//952 847//936 848//937 
f 862//953 848//937 849//938 
f 863//954 849//938 850//939 
f 864//955 850//939 851//940 
f 865//956 851//940 750//957 
f 164//958 165//942 852//943 
f 866//959 852//943 853//944 
f 867//960 853//944 854//945 
f 868//961 854//945 855//946 
f 869//962 855//946 856//947 
f 870//963 856//947 857//948 
f 871//964 857//948 858//949 
f 872//965 858//949 859//950 
f 873//966 859//950 860//951 
f 874//967 860//951 861//952 
f 875//968 861//952 862//953 
f 876//969 862//953 863//954 
f 877//970 863//954 864//955 
f 878//971 864//955 865//956 
f 879//972 865//956 752//973 
f 163//974 164//958 866//959 
f 880//975 866//959 867//960 
f 881//976 867//960 868//961 
f 882//977 868//961 869//962 
f 883//978 869//962 870//963 
f 884//979 870//963 871//964 
f 885//980 871//964 872//965 
f 886//981 872//965 873//966 
f 887//982 873//966 874//967 
f 888//983 874//967 875//968 
f 889//984 875//968 876//969 
f 890//985 876//969 877//970 
f 891//986 877//970 878//971 
f 892//987 878//971 879//972 
f 893//988 879//972 754//989 
f 162//990 163//974 880//975 
f 894//991 880//975 881//976 
f 895//992 881//976 882//977 
f 896//993 882//977 883//978 
f 897//994 883//978 884//979 
f 898//995 884//979 885//980 
f 899//996 885//980 886//981 
f 900//997 886//981 887//982 
f 901//998 887//982 888//983 
f 902//999 888//983 889//984 
f 903//1000 889//984 890//985 
f 904//1001 890//985 891//986 
f 905//1002 891//986 892//987 
f 906//1003 892//987 893//988 
f 907//1004 893//988 756//1005 
f 161//1006 162//990 894//991 
f 908//1007 894//991 895//992 
f 909//1008 895//992 896//993 
f 910//1009 896//993 897//994 
f 911//1010 897//994 898//995 
f 912//1011 898//995 899//996 
f 913//1012 899//996 900//997 
f 914//1013 900//997 901//998 
f 915//1014 901//998 902//999 
f 916//1015 902//999 903//1000 
f 917//1016 903//1000 904//1001 
f 918//1017 904//1001 905//1002 
f 919//1018 905//1002 906//1003 
f 920//1019 906//1003 907//1004 
f 921//1020 907//1004 758//1021 
f 160//1022 161//1006 908//1007 
f 922//1023 908//1007 909//1008 
f 923//1024 909//1008 910//1009 
f 924//1025 910//1009 911//1010 
f 925//1026 911//1010 912//1011 
f 926//1027 912//1011 913//1012 
f 927//1028 913//1012 914//1013 
f 928//1029 914//1013 915//1014 
f 929//1030 915//1014 916//1015 
f 930//1031 916//1015 917//1016 
f 931//1032 917//1016 918//1017 
f 932//1033 918//1017 919//1018 
f 933//1034 919//1018 920//1019 
f 934//1035 920//1019 921//1020 
f 935//1036 921//1020 760//1037 
f 159//1038 160//1022 922//1023 
f 936//1039 922//1023 923//1024 
f 937//1040 923//1024 924//1025 
f 938//1041 924//1025 925//1026 
f 939//1042 925//1026 926//1027 
f 940//1043 926//1027 927//1028 
f 941//1044 927//1028 928//1029 
f 942//1045 928//1029 929//1030 
f 943//1046 929//1030 930//1031 
f 944//1047 930//1031 931//1032 
f 945//1048 931//1032 932//1033 
f 946//1049 932//1033 933//1034 
f 947//1050 933//1034 934//1035 
f 948//1051 934//1035 935//1036 
f 949//1052 935//1036 762//1053 
f 158//1054 159//1038 936//1039 
f 950//1055 936//1039 937//1040 
f 951//1056 937//1040 938//1041 
f 952//1057 938//1041 939//1042 
f 953//1058 939//1042 940//1043 
f 954//1059 940//1043 941//1044 
f 955//1060 941//1044 942//1045 
f 956//1061 942//1045 943//1046 
f 957//1062 943//1046 944//1047 
f 958//1063 944//1047 945//1048 
f 959//1064 945//1048 946//1049 
f 960//1065 946//1049 947//1050 
f 961//1066 947//1050 948//1051 
f 962//1067 948//1051 949//1052 
f 963//1068 949//1052 765//1069 
f 157//1070 158//1054 950//1055 
f 964//1071 950//1055 951//1056 
f 965//1072 951//1056 952//1057 
f 966//1073 952//1057 953//1058 
f 967//1074 953//1058 954//1059 
f 968//1075 954//1059 955//1060 
f 969//1076 955//1060 956//1061 
f 970//1077 956//1061 957//1062 
f 971//1078 957//1062 958//1063 
f 972//1079 958//1063 959//1064 
f 973//1080 959//1064 960//1065 
f 974//1081 960//1065 961//1066 
f 975//1082 961//1066 962//1067 
f 976//1083 962//1067 963//1068 
f 977//1084 963//1068 768//1085 
f 156//1086 157//1070 964//1071 
f 978//1087 964//1071 965//1072 
f 979//1088 965//1072 966//1073 
f 980//1089 966//1073 967//1074 
f 981//1090 967//1074 968//1075 
f 982//1091 968//1075 969//1076 
f 983//1092 969//1076 970//1077 
f 984//1093 970//1077 971//1078 
f 985//1094 971//1078 972//1079 
f 986//1095 972//1079 973//1080 
f 987//1096 973//1080 974//1081 
f 988//1097 974//1081 975//1082 
f 989//1098 975//1082 976//1083 
f 990//1099 976//1083 977//1084 
f 991//1100 977//1084 771//1101 
f 155//1102 156//1086 978//1087 
f 992//1103 978//1087 979//1088 
f 993//1104 979//1088 980//1089 
f 994//1105 980//1089 981//1090 
f 995//1106 981//1090 982//1091 
f 996//1107 982//1091 983//1092 
f 997//1108 983//1092 984//1093 
f 998//1109 984//1093 985//1094 
f 999//1110 985//1094 986//1095 
f 1000//1111 986//1095 987//1096 
f 1001//1112 987//1096 988//1097 
f 1002//1113 988//1097 989//1098 
f 1003//1114 989//1098 990//1099 
f 1004//1115 990//1099 991//1100 
f 1005//1116 991//1100 774//1117 
f 154//1118 155//1102 992//1103 
f 796//1119 992//1103 993//1104 
f 797//1120 993//1104 994//1105 
f 798//1121 994//1105 995//1106 
f 799//1122 995//1106 996//1107 
f 800//1123 996//1107 997//1108 
f 801//1124 997//1108 998//1109 
f 802//1125 998//1109 999//1110 
f 803//1126 999//1110 1000//1111 
f 804//1127 1000//1111 1001//1112 
f 805//1128 1001//1112 1002//1113 
f 806//1129 1002//1113 1003//1114 
f 807//1130 1003//1114 1004//1115 
f 808//1131 1004//1115 1005//1116 
f 809//1132 1005//1116 777//1133 
f 777//1133 780//1134 809//1132 
f 1005//1116 809//1132 808//1131 
f 1004//1115 808//1131 807//1130 
f 1003//1114 807//1130 806//1129 
f 1002//1113 806//1129 805//1128 
f 1001//1112 805//1128 804//1127 
f 1000//1111 804//1127 803//1126 
f 999//1110 803//1126 802//1125 
f 998//1109 802//1125 801//1124 
f 997//1108 801//1124 800//1123 
f 996//1107 800//1123 799//1122 
f 995//1106 799//1122 798//1121 
f 994//1105 798//1121 797//1120 
f 993//1104 797//1120 796//1119 
f 992//1103 796//1119 154//1118 
f 774//1117 777//1133 1005//1116 
f 991//1100 1005//1116 1004//1115 
f 990//1099 1004//1115 1003//1114 
f 989//1098 1003//1114 1002//1113 
f 988//1097 1002//1113 1001//1112 
f 987//1096 1001//1112 1000//1111 
f 986//1095 1000//1111 999//1110 
f 985//1094 999//1110 998//1109 
f 984//1093 998//1109 997//1108 
f 983//1092 997//1108 996//1107 
f 982//1091 996//1107 995//1106 
f 981//1090 995//1106 994//1105 
f 980//1089 994//1105 993//1104 
f 979//1088 993//1104 992//1103 
f 978//1087 992//1103 155//1102 
f 771//1101 774//1117 991//1100 
f 977//1084 991//1100 990//1099 
f 976//1083 990//1099 989//1098 
f 975//1082 989//1098 988//1097 
f 974//1081 988//1097 987//1096 
f 973//1080 987//1096 986//1095 
f 972//1079 986//1095 985//1094 
f 971//1078 985//1094 984//1093 
f 970//1077 984//1093 983//1092 
f 969//1076 983//1092 982//1091 
f 968//1075 982//1091 981//1090 
f 967//1074 981//1090 980//1089 
f 966//1073 980//1089 979//1088 
f 965//1072 979//1088 978//1087 
f 964//1071 978//1087 156//1086 
f 768//1085 771//1101 977//1084 
f 963//1068 977//1084 976//1083 
f 962//1067 976//1083 975//1082 
f 961//1066 975//1082 974//1081 
f 960//1065 974//1081 973//1080 
f 959//1064 973//1080 972//1079 
f 958//1063 972//1079 971//1078 
f 957//1062 971//1078 970//1077 
f 956//1061 970//1077 969//1076 
f 955//1060 969//1076 968//1075 
f 954//1059 968//1075 967//1074 
f 953//1058 967//1074 966//1073 
f 952//1057 966//1073 965//1072 
f 951//1056 965//1072 964//1071 
f 950//1055 964//1071 157//1070 
f 765//1069 768//1085 963//1068 
f 949//1052 963//1068 962//1067 
f 948//1051 962//1067 961//1066 
f 947//1050 961//1066 960//1065 
f 946//1049 960//1065 959//1064 
f 945//1048 959//1064 958//1063 
f 944//1047 958//1063 957//1062 
f 943//1046 957//1062 956//1061 
f 942//1045 956//1061 955//1060 
f 941//1044 955//1060 954//1059 
f 940//1043 954//1059 953//1058 
f 939//1042 953//1058 952//1057 
f 938//1041 952//1057 951//1056 
f 937//1040 951//1056 950//1055 
f 936//1039 950//1055 158//1054 
f 762//1053 765//1069 949//1052 
f 935//1036 949//1052 948//1051 
f 934//1035 948//1051 947//1050 
f 933//1034 947//1050 946//1049 
f 932//1033 946//1049 945//1048 
f 931//1032 945//1048 944//1047 
f 930//1031 944//1047 943//1046 
f 929//1030 943//1046 942//1045 
f 928//1029 942//1045 941//1044 
f 927//1028 941//1044 940//1043 
f 926//1027 940//1043 939//1042 
f 925//1026 939//1042 938//1041 
f 924//1025 938//1041 937//1040 
f 923//1024 937//1040 936//1039 
f 922//1023 936//1039 159//1038 
f 760//1037 762//1053 935//1036 
f 921//1020 935//1036 934//1035 
f 920//1019 934//1035 933//1034 
f 919//1018 933//1034 932//1033 
f 918//1017 932//1033 931//1032 
f 917//1016 931//1032 930//1031 
f 916//1015 930//1031 929//1030 
f 915//1014 929//1030 928//1029 
f 914//1013 928//1029 927//1028 
f 913//1012 927//1028 926//1027 
f 912//1011 926//1027 925//1026 
f 911//1010 925//1026 924//1025 
f 910//1009 924//1025 923//1024 
f 909//1008 923//1024 922//1023 
f 908//1007 922//1023 160//1022 
f 758//1021 760//1037 921//1020 
f 907//1004 921//1020 920//1019 
f 906//1003 920//1019 919//1018 
f 905//1002 919//1018 918//1017 
f 904//1001 918//1017 917//1016 
f 903//1000 917//1016 916//1015 
f 902//999 916//1015 915//1014 
f 901//998 915//1014 914//1013 
f 900//997 914//1013 913//1012 
f 899//996 913//1012 912//1011 
f 898//995 912//1011 911//1010 
f 897//994 911//1010 910//1009 
f 896//993 910//1009 909//1008 
f 895//992 909//1008 908//1007 
f 894//991 908//1007 161//1006 
f 756//1005 758//1021 907//1004 
f 893//988 907//1004 906//1003 
f 892//987 906//1003 905//1002 
f 891//986 905//1002 904//1001 
f 890//985 904//1001 903//1000 
f 889//984 903//1000 902//999 
f 888//983 902//999 901//998 
f 887//982 901//998 900//997 
f 886//981 900//997 899//996 
f 885//980 899//996 898//995 
f 884//979 898//995 897//994 
f 883//978 897//994 896//993 
f 882//977 896//993 895//992 
f 881//976 895//992 894//991 
f 880//975 894//991 162//990 
f 754//989 756//1005 893//988 
f 879//972 893//988 892//987 
f 878//971 892//987 891//986 
f 877//970 891//986 890//985 
f 876//969 890//985 889//984 
f 875//968 889//984 888//983 
f 874//967 888//983 887//982 
f 873//966 887//982 886//981 
f 872//965 886//981 885//980 
f 871//964 885//980 884//979 
f 870//963 884//979 883//978 
f 869//962 883//978 882//977 
f 868//961 882//977 881//976 
f 867//960 881//976 880//975 
f 866//959 880//975 163//974 
f 752//973 754//989 879//972 
f 865//956 879//972 878//971 
f 864//955 878//971 877//970 
f 863//954 877//970 876//969 
f 862//953 876//969 875//968 
f 861//952 875//968 874//967 
f 860//951 874//967 873//966 
f 859//950 873//966 872//965 
f 858//949 872//965 871//964 
f 857//948 871//964 870//963 
f 856//947 870//963 869//962 
f 855//946 869//962 868//961 
f 854//945 868//961 867//960 
f 853//944 867//960 866//959 
f 852//943 866//959 164//958 
f 750//957 752//973 865//956 
f 851//940 865//956 864//955 
f 850//939 864//955 863//954 
f 849//938 863//954 862//953 
f 848//937 862//953 861//952 
f 847//936 861//952 860//951 
f 846//935 860//951 859//950 
f 845//934 859//950 858//949 
f 844//933 858//949 857//948 
f 843//932 857//948 856//947 
f 842//931 856//947 855//946 
f 841//930 855//946 854//945 
f 840//929 854//945 853//944 
f 839//928 853//944 852//943 
f 838//927 852//943 165//942 
f 748//941 750//957 851//940 
f 837//924 851//940 850//939 
f 835//922 850//939 849//938 
f 833//920 849//938 848//937 
f 831//918 848//937 847//936 
f 829//916 847//936 846//935 
f 827//914 846//935 845//934 
f 825//912 845//934 844//933 
f 823//910 844//933 843//932 
f 821//908 843//932 842//931 
f 819//906 842//931 841//930 
f 817//904 841//930 840//929 
f 815//902 840//929 839//928 
f 813//900 839//928 838//927 
f 811//898 838//927 166//926 
f 746//925 748//941 837//924 
f 836//923 837//924 835//922 
f 834//921 835//922 833//920 
f 832//919 833//920 831//918 
f 830//917 831//918 829//916 
f 828//915 829//916 827//914 
f 826//913 827//914 825//912 
f 824//911 825//912 823//910 
f 822//909 823//910 821//908 
f 820//907 821//908 819//906 
f 818//905 819//906 817//904 
f 816//903 817//904 815//902 
f 814//901 815//902 813//900 
f 812//899 813//900 811//898 
f 810//897 811//898 167//896 
f 746//925 836//923 169//1135 
f 836//923 834//921 169//1135 
f 834//921 832//919 169//1135 
f 832//919 830//917 169//1135 
f 830//917 828//915 169//1135 
f 828//915 826//913 169//1135 
f 826//913 824//911 169//1135 
f 824//911 822//909 169//1135 
f 822//909 820//907 169//1135 
f 820//907 818//905 169//1135 
f 818//905 816//903 169//1135 
f 816//903 814//901 169//1135 
f 814//901 812//899 169//1135 
f 812//899 810//897 169//1135 
f 810//897 168//895 169//1135 
o mesh22
f 130//1136 154//1136 1006//1136 
f 1006//1136 146//1136 130//1136 
f 1006//1136 152//1136 146//1136 
o mesh23
f 809//1137 780//1138 1007//1138 
f 1007//1138 1008//1139 809//1137 
f 808//1140 809//1137 1009//1141 
f 1009//1141 1010//1142 808//1140 
f 807//1143 808//1140 1011//1144 
f 1011//1144 1012//1145 807//1143 
f 806//1146 807//1143 1013//1147 
f 1013//1147 1014//1148 806//1146 
f 805//1149 806//1146 1015//1150 
f 1015//1150 1016//1151 805//1149 
f 804//1152 805//1149 1017//1153 
f 1017//1153 1018//1154 804//1152 
f 803//1155 804//1152 1019//1156 
f 802//1157 803//1155 1020//1158 
f 801//1159 802//1157 1021//1160 
f 800//1161 801//1159 1022//1162 
f 799//1163 800//1161 1023//1164 
f 798//1165 799//1163 1024//1166 
f 797//1167 798//1165 1025//1168 
f 796//1169 797//1167 1026//1170 
f 154//1171 796//1169 1027//1172 
f 1027//1172 1006//1171 154//1171 
f 1026//1170 1027//1172 796//1169 
f 1025//1168 1026//1170 797//1167 
f 1024//1166 1025//1168 798//1165 
f 1023//1164 1024//1166 799//1163 
f 1022//1162 1023//1164 800//1161 
f 1021//1160 1022//1162 801//1159 
f 1020//1158 1021//1160 802//1157 
f 1019//1156 1020//1158 803//1155 
f 1018//1154 1019//1156 804//1152 
f 1016//1151 1017//1153 805//1149 
f 1014//1148 1015//1150 806//1146 
f 1012//1145 1013//1147 807//1143 
f 1010//1142 1011//1144 808//1140 
f 1008//1139 1009//1141 809//1137 
o mesh24
f 1028//1173 1007//1173 780//1173 
f 780//1173 779//1173 1028//1173 
o mesh25
f 152//1174 1006//1174 1027//1175 
f 1029//1175 1027//1175 1026//1176 
f 1030//1176 1026//1176 1025//1177 
f 1031//1177 1025//1177 1024//1178 
f 1032//1178 1024//1178 1023//1179 
f 1033//1179 1023//1179 1022//1180 
f 1034//1180 1022//1180 1021//1181 
f 1035//1181 1021//1181 1020//1182 
f 1036//1182 1020//1182 1019//1183 
f 1037//1183 1018//1184 1017//1185 
f 1037//1183 1019//1183 1018//1184 
f 1038//1185 1016//1186 1015//1187 
f 1038//1185 1017//1185 1016//1186 
f 1039//1187 1014//1188 1013//1189 
f 1039//1187 1015//1187 1014//1188 
f 1040//1189 1012//1190 1011//1191 
f 1040//1189 1013//1189 1012//1190 
f 1041//1191 1010//1192 1009//1193 
f 1041//1191 1011//1191 1010//1192 
f 1042//1193 1008//1194 1007//1195 
f 1042//1193 1009//1193 1008//1194 
f 1007//1195 1043//1195 1042//1193 
f 1009//1193 1042//1193 1041//1191 
f 1011//1191 1041//1191 1040//1189 
f 1013//1189 1040//1189 1039//1187 
f 1015//1187 1039//1187 1038//1185 
f 1017//1185 1038//1185 1037//1183 
f 1019//1183 1037//1183 1036//1182 
f 1020//1182 1036//1182 1035//1181 
f 1021//1181 1035//1181 1034//1180 
f 1022//1180 1034//1180 1033//1179 
f 1023//1179 1033//1179 1032//1178 
f 1024//1178 1032//1178 1031//1177 
f 1025//1177 1031//1177 1030//1176 
f 1026//1176 1030//1176 1029//1175 
f 1027//1175 1029//1175 152//1174 
o mesh26
f 1031//1196 1037//1196 1038//1196 
f 1031//1196 1035//1196 1036//1196 
f 1035//1196 1032//1196 1033//1196 
f 1036//1196 1037//1196 1031//1196 
f 1035//1196 1031//1196 1032//1196 
f 1039//1196 152//1196 1029//1196 
f 197//1196 212//1196 214//1196 
f 197//1196 208//1196 210//1196 
f 208//1196 197//1196 200//1196 
f 152//1196 1041//1196 1042//1196 
f 152//1196 1039//1196 1040//1196 
f 1033//1196 1034//1196 1035//1196 
f 1029//1196 1030//1196 1039//1196 
f 210//1196 212//1196 197//1196 
f 200//1196 203//1196 208//1196 
f 216//1196 191//1196 194//1196 
f 216//1196 188//1196 187//1196 
f 1040//1196 1041//1196 152//1196 
f 1030//1196 1031//1196 1039//1196 
f 188//1196 216//1196 218//1196 
f 203//1196 206//1196 208//1196 
f 187//1196 191//1196 216//1196 
f 1038//1196 1039//1196 1031//1196 
f 218//1196 220//1196 188//1196 
f 194//1196 197//1196 216//1196 
f 1042//1196 1043//1196 152//1196 
f 214//1196 216//1196 197//1196 
f 153//1196 152//1196 463//1196 
f 502//1196 463//1196 1044//1196 
f 1043//1196 1044//1196 152//1196 
f 463//1196 188//1196 153//1196 
f 1044//1196 463//1196 152//1196 
f 1044//1196 728//1196 502//1196 
f 220//1196 153//1196 188//1196 
o mesh27
f 1007//1195 1028//1195 1045//1195 
f 1045//1195 1043//1195 1007//1195 
f 1043//1195 1046//1195 1047//1195 
f 1043//1195 1048//1195 1049//1195 
f 1045//1195 1050//1195 1043//1195 
f 1047//1195 1051//1195 1043//1195 
f 1050//1195 1048//1195 1043//1195 
f 1043//1195 1052//1195 1053//1195 
f 1043//1195 1054//1195 1055//1195 
f 1049//1195 1046//1195 1043//1195 
f 1043//1195 1056//1195 1057//1195 
f 1043//1195 1058//1195 1052//1195 
f 1051//1195 1054//1195 1043//1195 
f 1057//1195 1059//1195 1043//1195 
f 1055//1195 1058//1195 1043//1195 
f 1053//1195 1056//1195 1043//1195 
f 1059//1195 1044//1195 1043//1195 
o mesh28
f 1045//1197 1028//1197 779//1197 
f 779//1197 782//1197 1045//1197 
o mesh29
f 1045//1197 782//1197 1060//1198 
f 1050//1198 1060//1198 1061//1199 
f 1048//1199 1061//1199 1062//1200 
f 1049//1200 1062//1200 1063//1201 
f 1046//1201 1063//1201 1064//1202 
f 1047//1202 1064//1202 1065//1203 
f 1051//1203 1065//1203 1066//1204 
f 1054//1204 1066//1204 1067//1205 
f 1055//1205 1067//1205 1068//1206 
f 1058//1206 1068//1206 1069//1207 
f 1052//1207 1069//1207 1070//1208 
f 1053//1208 1070//1208 1071//1209 
f 1056//1209 1071//1209 1072//1210 
f 1057//1210 1072//1210 1073//1211 
f 1059//1211 1073//1211 728//1212 
f 728//1212 1044//1212 1059//1211 
f 1073//1211 1059//1211 1057//1210 
f 1072//1210 1057//1210 1056//1209 
f 1071//1209 1056//1209 1053//1208 
f 1070//1208 1053//1208 1052//1207 
f 1069//1207 1052//1207 1058//1206 
f 1068//1206 1058//1206 1055//1205 
f 1067//1205 1055//1205 1054//1204 
f 1066//1204 1054//1204 1051//1203 
f 1065//1203 1051//1203 1047//1202 
f 1064//1202 1047//1202 1046//1201 
f 1063//1201 1046//1201 1049//1200 
f 1062//1200 1049//1200 1048//1199 
f 1061//1199 1048//1199 1050//1198 
f 1060//1198 1050//1198 1045//1197 
o mesh30
f 794//1213 795//1214 1074//1215 
f 1075//1216 1074//1215 1076//1217 
f 1077//1218 1076//1217 1078//1219 
f 1079//1220 1078//1219 1080//1221 
f 1081//1222 1080//1221 1082//1223 
f 1083//1224 1082//1223 1084//1225 
f 1085//1226 1084//1225 1086//1227 
f 1087//1228 1086//1227 1088//1229 
f 1089//1230 1088//1229 1090//1231 
f 1091//1232 1090//1231 1092//1233 
f 1093//1234 1092//1233 1094//1235 
f 1095//1236 1094//1235 1096//1237 
f 1097//1238 1096//1237 1098//1239 
f 1099//1240 1098//1239 1100//1241 
f 1101//1242 1100//1241 742//1243 
f 793//1244 794//1213 1075//1216 
f 1102//1245 1075//1216 1077//1218 
f 1103//1246 1077//1218 1079//1220 
f 1104//1247 1079//1220 1081//1222 
f 1105//1248 1081//1222 1083//1224 
f 1106//1249 1083//1224 1085//1226 
f 1107//1250 1085//1226 1087//1228 
f 1108//1251 1087//1228 1089//1230 
f 1109//1252 1089//1230 1091//1232 
f 1110//1253 1091//1232 1093//1234 
f 1111//1254 1093//1234 1095//1236 
f 1112//1255 1095//1236 1097//1238 
f 1113//1256 1097//1238 1099//1240 
f 1114//1257 1099//1240 1101//1242 
f 1115//1258 1101//1242 741//1259 
f 792//1260 793//1244 1102//1245 
f 1116//1261 1102//1245 1103//1246 
f 1117//1262 1103//1246 1104//1247 
f 1118//1263 1104//1247 1105//1248 
f 1119//1264 1105//1248 1106//1249 
f 1120//1265 1106//1249 1107//1250 
f 1121//1266 1107//1250 1108//1251 
f 1122//1267 1108//1251 1109//1252 
f 1123//1268 1109//1252 1110//1253 
f 1124//1269 1110//1253 1111//1254 
f 1125//1270 1111//1254 1112//1255 
f 1126//1271 1112//1255 1113//1256 
f 1127//1272 1113//1256 1114//1257 
f 1128//1273 1114//1257 1115//1258 
f 1129//1274 1115//1258 740//1275 
f 791//1276 792//1260 1116//1261 
f 1130//1277 1116//1261 1117//1262 
f 1131//1278 1117//1262 1118//1263 
f 1132//1279 1118//1263 1119//1264 
f 1133//1280 1119//1264 1120//1265 
f 1134//1281 1120//1265 1121//1266 
f 1135//1282 1121//1266 1122//1267 
f 1136//1283 1122//1267 1123//1268 
f 1137//1284 1123//1268 1124//1269 
f 1138//1285 1124//1269 1125//1270 
f 1139//1286 1125//1270 1126//1271 
f 1140//1287 1126//1271 1127//1272 
f 1141//1288 1127//1272 1128//1273 
f 1142//1289 1128//1273 1129//1274 
f 1143//1290 1129//1274 739//1291 
f 790//1292 791//1276 1130//1277 
f 1144//1293 1130//1277 1131//1278 
f 1145//1294 1131//1278 1132//1279 
f 1146//1295 1132//1279 1133//1280 
f 1147//1296 1133//1280 1134//1281 
f 1148//1297 1134//1281 1135//1282 
f 1149//1298 1135//1282 1136//1283 
f 1150//1299 1136//1283 1137//1284 
f 1151//1300 1137//1284 1138//1285 
f 1152//1301 1138//1285 1139//1286 
f 1153//1302 1139//1286 1140//1287 
f 1154//1303 1140//1287 1141//1288 
f 1155//1304 1141//1288 1142//1289 
f 1156//1305 1142//1289 1143//1290 
f 1157//1306 1143//1290 738//1307 
f 789//1308 790//1292 1144//1293 
f 1158//1309 1144//1293 1145//1294 
f 1159//1310 1145//1294 1146//1295 
f 1160//1311 1146//1295 1147//1296 
f 1161//1312 1147//1296 1148//1297 
f 1162//1313 1148//1297 1149//1298 
f 1163//1314 1149//1298 1150//1299 
f 1164//1315 1150//1299 1151//1300 
f 1165//1316 1151//1300 1152//1301 
f 1166//1317 1152//1301 1153//1302 
f 1167//1318 1153//1302 1154//1303 
f 1168//1319 1154//1303 1155//1304 
f 1169//1320 1155//1304 1156//1305 
f 1170//1321 1156//1305 1157//1306 
f 1171//1322 1157//1306 737//1323 
f 788//1324 789//1308 1158//1309 
f 1172//1325 1158//1309 1159//1310 
f 1173//1326 1159//1310 1160//1311 
f 1174//1327 1160//1311 1161//1312 
f 1175//1328 1161//1312 1162//1313 
f 1176//1329 1162//1313 1163//1314 
f 1177//1330 1163//1314 1164//1315 
f 1178//1331 1164//1315 1165//1316 
f 1179//1332 1165//1316 1166//1317 
f 1180//1333 1166//1317 1167//1318 
f 1181//1334 1167//1318 1168//1319 
f 1182//1335 1168//1319 1169//1320 
f 1183//1336 1169//1320 1170//1321 
f 1184//1337 1170//1321 1171//1322 
f 1185//1338 1171//1322 736//1339 
f 787//1340 788//1324 1172//1325 
f 1186//1341 1172//1325 1173//1326 
f 1187//1342 1173//1326 1174//1327 
f 1188//1343 1174//1327 1175//1328 
f 1189//1344 1175//1328 1176//1329 
f 1190//1345 1176//1329 1177//1330 
f 1191//1346 1177//1330 1178//1331 
f 1192//1347 1178//1331 1179//1332 
f 1193//1348 1179//1332 1180//1333 
f 1194//1349 1180//1333 1181//1334 
f 1195//1350 1181//1334 1182//1335 
f 1196//1351 1182//1335 1183//1336 
f 1197//1352 1183//1336 1184//1337 
f 1198//1353 1184//1337 1185//1338 
f 1199//1354 1185//1338 735//1355 
f 786//1356 787//1340 1186//1341 
f 1200//1357 1186//1341 1187//1342 
f 1201//1358 1187//1342 1188//1343 
f 1202//1359 1188//1343 1189//1344 
f 1203//1360 1189//1344 1190//1345 
f 1204//1361 1190//1345 1191//1346 
f 1205//1362 1191//1346 1192//1347 
f 1206//1363 1192//1347 1193//1348 
f 1207//1364 1193//1348 1194//1349 
f 1208//1365 1194//1349 1195//1350 
f 1209//1366 1195//1350 1196//1351 
f 1210//1367 1196//1351 1197//1352 
f 1211//1368 1197//1352 1198//1353 
f 1212//1369 1198//1353 1199//1354 
f 1213//1370 1199//1354 734//1371 
f 785//1372 786//1356 1200//1357 
f 1214//1373 1200//1357 1201//1358 
f 1215//1374 1201//1358 1202//1359 
f 1216//1375 1202//1359 1203//1360 
f 1217//1376 1203//1360 1204//1361 
f 1218//1377 1204//1361 1205//1362 
f 1219//1378 1205//1362 1206//1363 
f 1220//1379 1206//1363 1207//1364 
f 1221//1380 1207//1364 1208//1365 
f 1222//1381 1208//1365 1209//1366 
f 1223//1382 1209//1366 1210//1367 
f 1224//1383 1210//1367 1211//1368 
f 1225//1384 1211//1368 1212//1369 
f 1226//1385 1212//1369 1213//1370 
f 1227//1386 1213//1370 733//1387 
f 784//1388 785//1372 1214//1373 
f 1228//1389 1214//1373 1215//1374 
f 1229//1390 1215//1374 1216//1375 
f 1230//1391 1216//1375 1217//1376 
f 1231//1392 1217//1376 1218//1377 
f 1232//1393 1218//1377 1219//1378 
f 1233//1394 1219//1378 1220//1379 
f 1234//1395 1220//1379 1221//1380 
f 1235//1396 1221//1380 1222//1381 
f 1236//1397 1222//1381 1223//1382 
f 1237//1398 1223//1382 1224//1383 
f 1238//1399 1224//1383 1225//1384 
f 1239//1400 1225//1384 1226//1385 
f 1240//1401 1226//1385 1227//1386 
f 1241//1402 1227//1386 732//1403 
f 783//1404 784//1388 1228//1389 
f 1242//1405 1228//1389 1229//1390 
f 1243//1406 1229//1390 1230//1391 
f 1244//1407 1230//1391 1231//1392 
f 1245//1408 1231//1392 1232//1393 
f 1246//1409 1232//1393 1233//1394 
f 1247//1410 1233//1394 1234//1395 
f 1248//1411 1234//1395 1235//1396 
f 1249//1412 1235//1396 1236//1397 
f 1250//1413 1236//1397 1237//1398 
f 1251//1414 1237//1398 1238//1399 
f 1252//1415 1238//1399 1239//1400 
f 1253//1416 1239//1400 1240//1401 
f 1254//1417 1240//1401 1241//1402 
f 1255//1418 1241//1402 731//1419 
f 781//1420 783//1404 1242//1405 
f 1256//1421 1242//1405 1243//1406 
f 1257//1422 1243//1406 1244//1407 
f 1258//1423 1244//1407 1245//1408 
f 1259//1424 1245//1408 1246//1409 
f 1260//1425 1246//1409 1247//1410 
f 1261//1426 1247//1410 1248//1411 
f 1262//1427 1248//1411 1249//1412 
f 1263//1428 1249//1412 1250//1413 
f 1264//1429 1250//1413 1251//1414 
f 1265//1430 1251//1414 1252//1415 
f 1266//1431 1252//1415 1253//1416 
f 1267//1432 1253//1416 1254//1417 
f 1268//1433 1254//1417 1255//1418 
f 1269//1434 1255//1418 730//1435 
f 782//1436 781//1420 1256//1421 
f 1060//1437 1256//1421 1257//1422 
f 1061//1438 1257//1422 1258//1423 
f 1062//1439 1258//1423 1259//1424 
f 1063//1440 1259//1424 1260//1425 
f 1064//1441 1260//1425 1261//1426 
f 1065//1442 1261//1426 1262//1427 
f 1066//1443 1262//1427 1263//1428 
f 1067//1444 1263//1428 1264//1429 
f 1068//1445 1264//1429 1265//1430 
f 1069//1446 1265//1430 1266//1431 
f 1070//1447 1266//1431 1267//1432 
f 1071//1448 1267//1432 1268//1433 
f 1072//1449 1268//1433 1269//1434 
f 1073//1450 1269//1434 729//1451 
f 729//1451 728//1452 1073//1450 
f 1269//1434 1073//1450 1072//1449 
f 1268//1433 1072//1449 1071//1448 
f 1267//1432 1071//1448 1070//1447 
f 1266//1431 1070//1447 1069//1446 
f 1265//1430 1069//1446 1068//1445 
f 1264//1429 1068//1445 1067//1444 
f 1263//1428 1067//1444 1066//1443 
f 1262//1427 1066//1443 1065//1442 
f 1261//1426 1065//1442 1064//1441 
f 1260//1425 1064//1441 1063//1440 
f 1259//1424 1063//1440 1062//1439 
f 1258//1423 1062//1439 1061//1438 
f 1257//1422 1061//1438 1060//1437 
f 1256//1421 1060//1437 782//1436 
f 730//1435 729//1451 1269//1434 
f 1255//1418 1269//1434 1268//1433 
f 1254//1417 1268//1433 1267//1432 
f 1253//1416 1267//1432 1266//1431 
f 1252//1415 1266//1431 1265//1430 
f 1251//1414 1265//1430 1264//1429 
f 1250//1413 1264//1429 1263//1428 
f 1249//1412 1263//1428 1262//1427 
f 1248//1411 1262//1427 1261//1426 
f 1247//1410 1261//1426 1260//1425 
f 1246//1409 1260//1425 1259//1424 
f 1245//1408 1259//1424 1258//1423 
f 1244//1407 1258//1423 1257//1422 
f 1243//1406 1257//1422 1256//1421 
f 1242//1405 1256//1421 781//1420 
f 731//1419 730//1435 1255//1418 
f 1241//1402 1255//1418 1254//1417 
f 1240//1401 1254//1417 1253//1416 
f 1239//1400 1253//1416 1252//1415 
f 1238//1399 1252//1415 1251//1414 
f 1237//1398 1251//1414 1250//1413 
f 1236//1397 1250//1413 1249//1412 
f 1235//1396 1249//1412 1248//1411 
f 1234//1395 1248//1411 1247//1410 
f 1233//1394 1247//1410 1246//1409 
f 1232//1393 1246//1409 1245//1408 
f 1231//1392 1245//1408 1244//1407 
f 1230//1391 1244//1407 1243//1406 
f 1229//1390 1243//1406 1242//1405 
f 1228//1389 1242//1405 783//1404 
f 732//1403 731//1419 1241//1402 
f 1227//1386 1241//1402 1240//1401 
f 1226//1385 1240//1401 1239//1400 
f 1225//1384 1239//1400 1238//1399 
f 1224//1383 1238//1399 1237//1398 
f 1223//1382 1237//1398 1236//1397 
f 1222//1381 1236//1397 1235//1396 
f 1221//1380 1235//1396 1234//1395 
f 1220//1379 1234//1395 1233//1394 
f 1219//1378 1233//1394 1232//1393 
f 1218//1377 1232//1393 1231//1392 
f 1217//1376 1231//1392 1230//1391 
f 1216//1375 1230//1391 1229//1390 
f 1215//1374 1229//1390 1228//1389 
f 1214//1373 1228//1389 784//1388 
f 733//1387 732//1403 1227//1386 
f 1213//1370 1227//1386 1226//1385 
f 1212//1369 1226//1385 1225//1384 
f 1211//1368 1225//1384 1224//1383 
f 1210//1367 1224//1383 1223//1382 
f 1209//1366 1223//1382 1222//1381 
f 1208//1365 1222//1381 1221//1380 
f 1207//1364 1221//1380 1220//1379 
f 1206//1363 1220//1379 1219//1378 
f 1205//1362 1219//1378 1218//1377 
f 1204//1361 1218//1377 1217//1376 
f 1203//1360 1217//1376 1216//1375 
f 1202//1359 1216//1375 1215//1374 
f 1201//1358 1215//1374 1214//1373 
f 1200//1357 1214//1373 785//1372 
f 734//1371 733//1387 1213//1370 
f 1199//1354 1213//1370 1212//1369 
f 1198//1353 1212//1369 1211//1368 
f 1197//1352 1211//1368 1210//1367 
f 1196//1351 1210//1367 1209//1366 
f 1195//1350 1209//1366 1208//1365 
f 1194//1349 1208//1365 1207//1364 
f 1193//1348 1207//1364 1206//1363 
f 1192//1347 1206//1363 1205//1362 
f 1191//1346 1205//1362 1204//1361 
f 1190//1345 1204//1361 1203//1360 
f 1189//1344 1203//1360 1202//1359 
f 1188//1343 1202//1359 1201//1358 
f 1187//1342 1201//1358 1200//1357 
f 1186//1341 1200//1357 786//1356 
f 735//1355 734//1371 1199//1354 
f 1185//1338 1199//1354 1198//1353 
f 1184//1337 1198//1353 1197//1352 
f 1183//1336 1197//1352 1196//1351 
f 1182//1335 1196//1351 1195//1350 
f 1181//1334 1195//1350 1194//1349 
f 1180//1333 1194//1349 1193//1348 
f 1179//1332 1193//1348 1192//1347 
f 1178//1331 1192//1347 1191//1346 
f 1177//1330 1191//1346 1190//1345 
f 1176//1329 1190//1345 1189//1344 
f 1175//1328 1189//1344 1188//1343 
f 1174//1327 1188//1343 1187//1342 
f 1173//1326 1187//1342 1186//1341 
f 1172//1325 1186//1341 787//1340 
f 736//1339 735//1355 1185//1338 
f 1171//1322 1185//1338 1184//1337 
f 1170//1321 1184//1337 1183//1336 
f 1169//1320 1183//1336 1182//1335 
f 1168//1319 1182//1335 1181//1334 
f 1167//1318 1181//1334 1180//1333 
f 1166//1317 1180//1333 1179//1332 
f 1165//1316 1179//1332 1178//1331 
f 1164//1315 1178//1331 1177//1330 
f 1163//1314 1177//1330 1176//1329 
f 1162//1313 1176//1329 1175//1328 
f 1161//1312 1175//1328 1174//1327 
f 1160//1311 1174//1327 1173//1326 
f 1159//1310 1173//1326 1172//1325 
f 1158//1309 1172//1325 788//1324 
f 737//1323 736//1339 1171//1322 
f 1157//1306 1171//1322 1170//1321 
f 1156//1305 1170//1321 1169//1320 
f 1155//1304 1169//1320 1168//1319 
f 1154//1303 1168//1319 1167//1318 
f 1153//1302 1167//1318 1166//1317 
f 1152//1301 1166//1317 1165//1316 
f 1151//1300 1165//1316 1164//1315 
f 1150//1299 1164//1315 1163//1314 
f 1149//1298 1163//1314 1162//1313 
f 1148//1297 1162//1313 1161//1312 
f 1147//1296 1161//1312 1160//1311 
f 1146//1295 1160//1311 1159//1310 
f 1145//1294 1159//1310 1158//1309 
f 1144//1293 1158//1309 789//1308 
f 738//1307 737//1323 1157//1306 
f 1143//1290 1157//1306 1156//1305 
f 1142//1289 1156//1305 1155//1304 
f 1141//1288 1155//1304 1154//1303 
f 1140//1287 1154//1303 1153//1302 
f 1139//1286 1153//1302 1152//1301 
f 1138//1285 1152//1301 1151//1300 
f 1137//1284 1151//1300 1150//1299 
f 1136//1283 1150//1299 1149//1298 
f 1135//1282 1149//1298 1148//1297 
f 1134//1281 1148//1297 1147//1296 
f 1133//1280 1147//1296 1146//1295 
f 1132//1279 1146//1295 1145//1294 
f 1131//1278 1145//1294 1144//1293 
f 1130//1277 1144//1293 790//1292 
f 739//1291 738//1307 1143//1290 
f 1129//1274 1143//1290 1142//1289 
f 1128//1273 1142//1289 1141//1288 
f 1127//1272 1141//1288 1140//1287 
f 1126//1271 1140//1287 1139//1286 
f 1125//1270 1139//1286 1138//1285 
f 1124//1269 1138//1285 1137//1284 
f 1123//1268 1137//1284 1136//1283 
f 1122//1267 1136//1283 1135//1282 
f 1121//1266 1135//1282 1134//1281 
f 1120//1265 1134//1281 1133//1280 
f 1119//1264 1133//1280 1132//1279 
f 1118//1263 1132//1279 1131//1278 
f 1117//1262 1131//1278 1130//1277 
f 1116//1261 1130//1277 791//1276 
f 740//1275 739//1291 1129//1274 
f 1115//1258 1129//1274 1128//1273 
f 1114//1257 1128//1273 1127//1272 
f 1113//1256 1127//1272 1126//1271 
f 1112//1255 1126//1271 1125//1270 
f 1111//1254 1125//1270 1124//1269 
f 1110//1253 1124//1269 1123//1268 
f 1109//1252 1123//1268 1122//1267 
f 1108//1251 1122//1267 1121//1266 
f 1107//1250 1121//1266 1120//1265 
f 1106//1249 1120//1265 1119//1264 
f 1105//1248 1119//1264 1118//1263 
f 1104//1247 1118//1263 1117//1262 
f 1103//1246 1117//1262 1116//1261 
f 1102//1245 1116//1261 792//1260 
f 741//1259 740//1275 1115//1258 
f 1101//1242 1115//1258 1114//1257 
f 1099//1240 1114//1257 1113//1256 
f 1097//1238 1113//1256 1112//1255 
f 1095//1236 1112//1255 1111//1254 
f 1093//1234 1111//1254 1110//1253 
f 1091//1232 1110//1253 1109//1252 
f 1089//1230 1109//1252 1108//1251 
f 1087//1228 1108//1251 1107//1250 
f 1085//1226 1107//1250 1106//1249 
f 1083//1224 1106//1249 1105//1248 
f 1081//1222 1105//1248 1104//1247 
f 1079//1220 1104//1247 1103//1246 
f 1077//1218 1103//1246 1102//1245 
f 1075//1216 1102//1245 793//1244 
f 742//1243 741//1259 1101//1242 
f 1100//1241 1101//1242 1099//1240 
f 1098//1239 1099//1240 1097//1238 
f 1096//1237 1097//1238 1095//1236 
f 1094//1235 1095//1236 1093//1234 
f 1092//1233 1093//1234 1091//1232 
f 1090//1231 1091//1232 1089//1230 
f 1088//1229 1089//1230 1087//1228 
f 1086//1227 1087//1228 1085//1226 
f 1084//1225 1085//1226 1083//1224 
f 1082//1223 1083//1224 1081//1222 
f 1080//1221 1081//1222 1079//1220 
f 1078//1219 1079//1220 1077//1218 
f 1076//1217 1077//1218 1075//1216 
f 1074//1215 1075//1216 794//1213 
f 742//1243 1100//1241 743//1453 
f 1100//1241 1098//1239 743//1453 
f 1098//1239 1096//1237 743//1453 
f 1096//1237 1094//1235 743//1453 
f 1094//1235 1092//1233 743//1453 
f 1092//1233 1090//1231 743//1453 
f 1090//1231 1088//1229 743//1453 
f 1088//1229 1086//1227 743//1453 
f 1086//1227 1084//1225 743//1453 
f 1084//1225 1082//1223 743//1453 
f 1082//1223 1080//1221 743//1453 
f 1080//1221 1078//1219 743//1453 
f 1078//1219 1076//1217 743//1453 
f 1076//1217 1074//1215 743//1453 
f 1074//1215 795//1214 743//1453 
