# FreeCAD v1.1 build1 Arch module
# https://www.freecad.org
mtllib Unnamed-fitt_pointer_final.mtl
o fitt_pointer_final
usemtl color_727980
v -22.5 0.0 92.0
v -22.5 0.0 100.0
v -22.451799 -1.47157 92.0
v -22.451799 -1.47157 100.0
v -22.451799 1.47157 92.0
v -22.451799 1.47157 100.0
v -22.307501 -2.93684 92.0
v -22.307501 -2.93684 100.0
v -22.307501 2.93684 92.0
v -22.307501 2.93684 100.0
v -22.067699 -4.38953 92.0
v -22.067699 -4.38953 100.0
v -22.067699 4.38953 92.0
v -22.067699 4.38953 100.0
v -21.733299 -5.82343 92.0
v -21.733299 -5.82343 100.0
v -21.733299 5.82343 92.0
v -21.733299 5.82343 100.0
v -21.305901 -7.23239 92.0
v -21.305901 -7.23239 100.0
v -21.305901 7.23239 92.0
v -21.305901 7.23239 100.0
v -20.7873 -8.61038 92.0
v -20.7873 -8.61038 100.0
v -20.7873 8.61038 92.0
v -20.7873 8.61038 100.0
v -20.1796 -9.9515 92.0
v -20.1796 -9.9515 100.0
v -20.1796 9.9515 92.0
v -20.1796 9.9515 100.0
v -19.4856 -11.25 92.0
v -19.4856 -11.25 100.0
v -19.4856 11.25 92.0
v -19.4856 11.25 100.0
v -18.708099 -12.5003 92.0
v -18.708099 -12.5003 100.0
v -18.708099 12.5003 92.0
v -18.708099 12.5003 100.0
v -17.850401 -13.6971 92.0
v -17.850401 -13.6971 100.0
v -17.850401 13.6971 92.0
v -17.850401 13.6971 100.0
v -16.916401 -14.8353 92.0
v -16.916401 -14.8353 100.0
v -16.916401 14.8353 92.0
v -16.916401 14.8353 100.0
v -15.9099 -15.9099 92.0
v -15.9099 -15.9099 100.0
v -15.9099 15.9099 92.0
v -15.9099 15.9099 100.0
v -15.0 0.0 39.0
v -15.0 0.0 41.0
v -15.0 0.0 43.0
v -15.0 0.0 46.5
v -15.0 0.0 76.5
v -15.0 0.0 78.5
v -15.0 0.0 80.5
v -15.0 0.0 84.0
v -14.9679 -0.981047 39.0
v -14.9679 -0.981047 41.0
v -14.9679 -0.981047 43.0
v -14.9679 -0.981047 46.5
v -14.9679 -0.981047 76.5
v -14.9679 -0.981047 78.5
v -14.9679 -0.981047 80.5
v -14.9679 -0.981047 84.0
v -14.9679 0.981047 39.0
v -14.9679 0.981047 41.0
v -14.9679 0.981047 43.0
v -14.9679 0.981047 46.5
v -14.9679 0.981047 76.5
v -14.9679 0.981047 78.5
v -14.9679 0.981047 80.5
v -14.9679 0.981047 84.0
v -14.8717 -1.95789 39.0
v -14.8717 -1.95789 41.0
v -14.8717 -1.95789 43.0
v -14.8717 -1.95789 46.5
v -14.8717 -1.95789 76.5
v -14.8717 -1.95789 78.5
v -14.8717 -1.95789 80.5
v -14.8717 -1.95789 84.0
v -14.8717 1.95789 39.0
v -14.8717 1.95789 41.0
v -14.8717 1.95789 43.0
v -14.8717 1.95789 46.5
v -14.8717 1.95789 76.5
v -14.8717 1.95789 78.5
v -14.8717 1.95789 80.5
v -14.8717 1.95789 84.0
v -14.8353 -16.916401 92.0
v -14.8353 -16.916401 100.0
v -14.8353 16.916401 92.0
v -14.8353 16.916401 100.0
v -14.7118 -2.92635 39.0
v -14.7118 -2.92635 41.0
v -14.7118 -2.92635 43.0
v -14.7118 -2.92635 46.5
v -14.7118 -2.92635 76.5
v -14.7118 -2.92635 78.5
v -14.7118 -2.92635 80.5
v -14.7118 -2.92635 84.0
v -14.7118 2.92635 39.0
v -14.7118 2.92635 41.0
v -14.7118 2.92635 43.0
v -14.7118 2.92635 46.5
v -14.7118 2.92635 76.5
v -14.7118 2.92635 78.5
v -14.7118 2.92635 80.5
v -14.7118 2.92635 84.0
v -14.4889 -3.88229 39.0
v -14.4889 -3.88229 41.0
v -14.4889 -3.88229 43.0
v -14.4889 -3.88229 46.5
v -14.4889 -3.88229 76.5
v -14.4889 -3.88229 78.5
v -14.4889 -3.88229 80.5
v -14.4889 -3.88229 84.0
v -14.4889 3.88229 39.0
v -14.4889 3.88229 41.0
v -14.4889 3.88229 43.0
v -14.4889 3.88229 46.5
v -14.4889 3.88229 76.5
v -14.4889 3.88229 78.5
v -14.4889 3.88229 80.5
v -14.4889 3.88229 84.0
v -14.4 0.0 41.0
v -14.4 0.0 43.0
v -14.4 0.0 78.5
v -14.4 0.0 80.5
v -14.3692 -0.941805 41.0
v -14.3692 -0.941805 43.0
v -14.3692 -0.941805 78.5
v -14.3692 -0.941805 80.5
v -14.3692 0.941805 41.0
v -14.3692 0.941805 43.0
v -14.3692 0.941805 78.5
v -14.3692 0.941805 80.5
v -14.2768 -1.87958 41.0
v -14.2768 -1.87958 43.0
v -14.2768 -1.87958 78.5
v -14.2768 -1.87958 80.5
v -14.2768 1.87958 41.0
v -14.2768 1.87958 43.0
v -14.2768 1.87958 78.5
v -14.2768 1.87958 80.5
v -14.204 -4.82159 39.0
v -14.204 -4.82159 41.0
v -14.204 -4.82159 43.0
v -14.204 -4.82159 46.5
v -14.204 -4.82159 76.5
v -14.204 -4.82159 78.5
v -14.204 -4.82159 80.5
v -14.204 -4.82159 84.0
v -14.204 4.82159 39.0
v -14.204 4.82159 41.0
v -14.204 4.82159 43.0
v -14.204 4.82159 46.5
v -14.204 4.82159 76.5
v -14.204 4.82159 78.5
v -14.204 4.82159 80.5
v -14.204 4.82159 84.0
v -14.1233 -2.8093 41.0
v -14.1233 -2.8093 43.0
v -14.1233 -2.8093 78.5
v -14.1233 -2.8093 80.5
v -14.1233 2.8093 41.0
v -14.1233 2.8093 43.0
v -14.1233 2.8093 78.5
v -14.1233 2.8093 80.5
v -13.9093 -3.72699 41.0
v -13.9093 -3.72699 43.0
v -13.9093 -3.72699 78.5
v -13.9093 -3.72699 80.5
v -13.9093 3.72699 41.0
v -13.9093 3.72699 43.0
v -13.9093 3.72699 78.5
v -13.9093 3.72699 80.5
v -13.8582 -5.74025 39.0
v -13.8582 -5.74025 41.0
v -13.8582 -5.74025 43.0
v -13.8582 -5.74025 46.5
v -13.8582 -5.74025 76.5
v -13.8582 -5.74025 78.5
v -13.8582 -5.74025 80.5
v -13.8582 -5.74025 84.0
v -13.8582 5.74025 39.0
v -13.8582 5.74025 41.0
v -13.8582 5.74025 43.0
v -13.8582 5.74025 46.5
v -13.8582 5.74025 76.5
v -13.8582 5.74025 78.5
v -13.8582 5.74025 80.5
v -13.8582 5.74025 84.0
v -13.6971 -17.850401 92.0
v -13.6971 -17.850401 100.0
v -13.6971 17.850401 92.0
v -13.6971 17.850401 100.0
v -13.6358 -4.62873 41.0
v -13.6358 -4.62873 43.0
v -13.6358 -4.62873 78.5
v -13.6358 -4.62873 80.5
v -13.6358 4.62873 41.0
v -13.6358 4.62873 43.0
v -13.6358 4.62873 78.5
v -13.6358 4.62873 80.5
v -13.4531 -6.63433 39.0
v -13.4531 -6.63433 41.0
v -13.4531 -6.63433 43.0
v -13.4531 -6.63433 46.5
v -13.4531 -6.63433 76.5
v -13.4531 -6.63433 78.5
v -13.4531 -6.63433 80.5
v -13.4531 -6.63433 84.0
v -13.4531 6.63433 39.0
v -13.4531 6.63433 41.0
v -13.4531 6.63433 43.0
v -13.4531 6.63433 46.5
v -13.4531 6.63433 76.5
v -13.4531 6.63433 78.5
v -13.4531 6.63433 80.5
v -13.4531 6.63433 84.0
v -13.3039 -5.51064 41.0
v -13.3039 -5.51064 43.0
v -13.3039 -5.51064 78.5
v -13.3039 -5.51064 80.5
v -13.3039 5.51064 41.0
v -13.3039 5.51064 43.0
v -13.3039 5.51064 78.5
v -13.3039 5.51064 80.5
v -13.0 -7.482 46.5
v -13.0 -7.482 76.5
v -13.0 7.482 46.5
v -13.0 7.482 76.5
v -12.9904 -7.5 39.0
v -12.9904 -7.5 41.0
v -12.9904 -7.5 43.0
v -12.9904 -7.5 78.5
v -12.9904 -7.5 80.5
v -12.9904 -7.5 84.0
v -12.9904 7.5 39.0
v -12.9904 7.5 41.0
v -12.9904 7.5 43.0
v -12.9904 7.5 78.5
v -12.9904 7.5 80.5
v -12.9904 7.5 84.0
v -12.915 -6.36896 41.0
v -12.915 -6.36896 43.0
v -12.915 -6.36896 78.5
v -12.915 -6.36896 80.5
v -12.915 6.36896 41.0
v -12.915 6.36896 43.0
v -12.915 6.36896 78.5
v -12.915 6.36896 80.5
v -12.5003 -18.708099 92.0
v -12.5003 -18.708099 100.0
v -12.5003 18.708099 92.0
v -12.5003 18.708099 100.0
v -12.472 -8.33355 39.0
v -12.472 -8.33355 41.0
v -12.472 -8.33355 43.0
v -12.472 -8.33355 78.5
v -12.472 -8.33355 80.5
v -12.472 -8.33355 84.0
v -12.472 8.33355 39.0
v -12.472 8.33355 41.0
v -12.472 8.33355 43.0
v -12.472 8.33355 78.5
v -12.472 8.33355 80.5
v -12.472 8.33355 84.0
v -12.4708 -7.2 41.0
v -12.4708 -7.2 43.0
v -12.4708 -7.2 78.5
v -12.4708 -7.2 80.5
v -12.4708 7.2 41.0
v -12.4708 7.2 43.0
v -12.4708 7.2 78.5
v -12.4708 7.2 80.5
v -11.9732 -8.00021 41.0
v -11.9732 -8.00021 43.0
v -11.9732 -8.00021 78.5
v -11.9732 -8.00021 80.5
v -11.9732 8.00021 41.0
v -11.9732 8.00021 43.0
v -11.9732 8.00021 78.5
v -11.9732 8.00021 80.5
v -11.9003 -9.13142 39.0
v -11.9003 -9.13142 41.0
v -11.9003 -9.13142 43.0
v -11.9003 -9.13142 78.5
v -11.9003 -9.13142 80.5
v -11.9003 -9.13142 84.0
v -11.9003 9.13142 39.0
v -11.9003 9.13142 41.0
v -11.9003 9.13142 43.0
v -11.9003 9.13142 78.5
v -11.9003 9.13142 80.5
v -11.9003 9.13142 84.0
v -11.4243 -8.76616 41.0
v -11.4243 -8.76616 43.0
v -11.4243 -8.76616 78.5
v -11.4243 -8.76616 80.5
v -11.4243 8.76616 41.0
v -11.4243 8.76616 43.0
v -11.4243 8.76616 78.5
v -11.4243 8.76616 80.5
v -11.2776 -9.89019 39.0
v -11.2776 -9.89019 41.0
v -11.2776 -9.89019 43.0
v -11.2776 -9.89019 78.5
v -11.2776 -9.89019 80.5
v -11.2776 -9.89019 84.0
v -11.2776 9.89019 39.0
v -11.2776 9.89019 41.0
v -11.2776 9.89019 43.0
v -11.2776 9.89019 78.5
v -11.2776 9.89019 80.5
v -11.2776 9.89019 84.0
v -11.25 -19.4856 92.0
v -11.25 -19.4856 100.0
v -11.25 19.4856 92.0
v -11.25 19.4856 100.0
v -10.8265 -9.49458 41.0
v -10.8265 -9.49458 43.0
v -10.8265 -9.49458 78.5
v -10.8265 -9.49458 80.5
v -10.8265 9.49458 41.0
v -10.8265 9.49458 43.0
v -10.8265 9.49458 78.5
v -10.8265 9.49458 80.5
v -10.6066 -10.6066 39.0
v -10.6066 -10.6066 41.0
v -10.6066 -10.6066 43.0
v -10.6066 -10.6066 78.5
v -10.6066 -10.6066 80.5
v -10.6066 -10.6066 84.0
v -10.6066 10.6066 39.0
v -10.6066 10.6066 41.0
v -10.6066 10.6066 43.0
v -10.6066 10.6066 78.5
v -10.6066 10.6066 80.5
v -10.6066 10.6066 84.0
v -10.1823 -10.1823 41.0
v -10.1823 -10.1823 43.0
v -10.1823 -10.1823 78.5
v -10.1823 -10.1823 80.5
v -10.1823 10.1823 41.0
v -10.1823 10.1823 43.0
v -10.1823 10.1823 78.5
v -10.1823 10.1823 80.5
v -9.9515 -20.1796 92.0
v -9.9515 -20.1796 100.0
v -9.9515 20.1796 92.0
v -9.9515 20.1796 100.0
v -9.89019 -11.2776 39.0
v -9.89019 -11.2776 41.0
v -9.89019 -11.2776 43.0
v -9.89019 -11.2776 78.5
v -9.89019 -11.2776 80.5
v -9.89019 -11.2776 84.0
v -9.89019 11.2776 39.0
v -9.89019 11.2776 41.0
v -9.89019 11.2776 43.0
v -9.89019 11.2776 78.5
v -9.89019 11.2776 80.5
v -9.89019 11.2776 84.0
v -9.49458 -10.8265 41.0
v -9.49458 -10.8265 43.0
v -9.49458 -10.8265 78.5
v -9.49458 -10.8265 80.5
v -9.49458 10.8265 41.0
v -9.49458 10.8265 43.0
v -9.49458 10.8265 78.5
v -9.49458 10.8265 80.5
v -9.13142 -11.9003 39.0
v -9.13142 -11.9003 41.0
v -9.13142 -11.9003 43.0
v -9.13142 -11.9003 78.5
v -9.13142 -11.9003 80.5
v -9.13142 -11.9003 84.0
v -9.13142 11.9003 39.0
v -9.13142 11.9003 41.0
v -9.13142 11.9003 43.0
v -9.13142 11.9003 78.5
v -9.13142 11.9003 80.5
v -9.13142 11.9003 84.0
v -8.76616 -11.4243 41.0
v -8.76616 -11.4243 43.0
v -8.76616 -11.4243 78.5
v -8.76616 -11.4243 80.5
v -8.76616 11.4243 41.0
v -8.76616 11.4243 43.0
v -8.76616 11.4243 78.5
v -8.76616 11.4243 80.5
v -8.61038 -20.7873 92.0
v -8.61038 -20.7873 100.0
v -8.61038 20.7873 92.0
v -8.61038 20.7873 100.0
v -8.33355 -12.472 39.0
v -8.33355 -12.472 41.0
v -8.33355 -12.472 43.0
v -8.33355 -12.472 78.5
v -8.33355 -12.472 80.5
v -8.33355 -12.472 84.0
v -8.33355 12.472 39.0
v -8.33355 12.472 41.0
v -8.33355 12.472 43.0
v -8.33355 12.472 78.5
v -8.33355 12.472 80.5
v -8.33355 12.472 84.0
v -8.00021 -11.9732 41.0
v -8.00021 -11.9732 43.0
v -8.00021 -11.9732 78.5
v -8.00021 -11.9732 80.5
v -8.00021 11.9732 41.0
v -8.00021 11.9732 43.0
v -8.00021 11.9732 78.5
v -8.00021 11.9732 80.5
v -7.5 -12.9904 39.0
v -7.5 -12.9904 41.0
v -7.5 -12.9904 43.0
v -7.5 -12.9904 78.5
v -7.5 -12.9904 80.5
v -7.5 -12.9904 84.0
v -7.5 12.9904 39.0
v -7.5 12.9904 41.0
v -7.5 12.9904 43.0
v -7.5 12.9904 78.5
v -7.5 12.9904 80.5
v -7.5 12.9904 84.0
v -7.23239 -21.305901 92.0
v -7.23239 -21.305901 100.0
v -7.23239 21.305901 92.0
v -7.23239 21.305901 100.0
v -7.2 -12.4708 41.0
v -7.2 -12.4708 43.0
v -7.2 -12.4708 78.5
v -7.2 -12.4708 80.5
v -7.2 12.4708 41.0
v -7.2 12.4708 43.0
v -7.2 12.4708 78.5
v -7.2 12.4708 80.5
v -6.63433 -13.4531 39.0
v -6.63433 -13.4531 41.0
v -6.63433 -13.4531 43.0
v -6.63433 -13.4531 78.5
v -6.63433 -13.4531 80.5
v -6.63433 -13.4531 84.0
v -6.63433 13.4531 39.0
v -6.63433 13.4531 41.0
v -6.63433 13.4531 43.0
v -6.63433 13.4531 78.5
v -6.63433 13.4531 80.5
v -6.63433 13.4531 84.0
v -6.36896 -12.915 41.0
v -6.36896 -12.915 43.0
v -6.36896 -12.915 78.5
v -6.36896 -12.915 80.5
v -6.36896 12.915 41.0
v -6.36896 12.915 43.0
v -6.36896 12.915 78.5
v -6.36896 12.915 80.5
v -5.82343 -21.733299 92.0
v -5.82343 -21.733299 100.0
v -5.82343 21.733299 92.0
v -5.82343 21.733299 100.0
v -5.74025 -13.8582 39.0
v -5.74025 -13.8582 41.0
v -5.74025 -13.8582 43.0
v -5.74025 -13.8582 78.5
v -5.74025 -13.8582 80.5
v -5.74025 -13.8582 84.0
v -5.74025 13.8582 39.0
v -5.74025 13.8582 41.0
v -5.74025 13.8582 43.0
v -5.74025 13.8582 78.5
v -5.74025 13.8582 80.5
v -5.74025 13.8582 84.0
v -5.51064 -13.3039 41.0
v -5.51064 -13.3039 43.0
v -5.51064 -13.3039 78.5
v -5.51064 -13.3039 80.5
v -5.51064 13.3039 41.0
v -5.51064 13.3039 43.0
v -5.51064 13.3039 78.5
v -5.51064 13.3039 80.5
v -4.82159 -14.204 39.0
v -4.82159 -14.204 41.0
v -4.82159 -14.204 43.0
v -4.82159 -14.204 78.5
v -4.82159 -14.204 80.5
v -4.82159 -14.204 84.0
v -4.82159 14.204 39.0
v -4.82159 14.204 41.0
v -4.82159 14.204 43.0
v -4.82159 14.204 78.5
v -4.82159 14.204 80.5
v -4.82159 14.204 84.0
v -4.62873 -13.6358 41.0
v -4.62873 -13.6358 43.0
v -4.62873 -13.6358 78.5
v -4.62873 -13.6358 80.5
v -4.62873 13.6358 41.0
v -4.62873 13.6358 43.0
v -4.62873 13.6358 78.5
v -4.62873 13.6358 80.5
v -4.38953 -22.067699 92.0
v -4.38953 -22.067699 100.0
v -4.38953 22.067699 92.0
v -4.38953 22.067699 100.0
v -3.88229 -14.4889 39.0
v -3.88229 -14.4889 41.0
v -3.88229 -14.4889 43.0
v -3.88229 -14.4889 78.5
v -3.88229 -14.4889 80.5
v -3.88229 -14.4889 84.0
v -3.88229 14.4889 39.0
v -3.88229 14.4889 41.0
v -3.88229 14.4889 43.0
v -3.88229 14.4889 78.5
v -3.88229 14.4889 80.5
v -3.88229 14.4889 84.0
v -3.72699 -13.9093 41.0
v -3.72699 -13.9093 43.0
v -3.72699 -13.9093 78.5
v -3.72699 -13.9093 80.5
v -3.72699 13.9093 41.0
v -3.72699 13.9093 43.0
v -3.72699 13.9093 78.5
v -3.72699 13.9093 80.5
v -2.93684 -22.307501 92.0
v -2.93684 -22.307501 100.0
v -2.93684 22.307501 92.0
v -2.93684 22.307501 100.0
v -2.92635 -14.7118 39.0
v -2.92635 -14.7118 41.0
v -2.92635 -14.7118 43.0
v -2.92635 -14.7118 78.5
v -2.92635 -14.7118 80.5
v -2.92635 -14.7118 84.0
v -2.92635 14.7118 39.0
v -2.92635 14.7118 41.0
v -2.92635 14.7118 43.0
v -2.92635 14.7118 78.5
v -2.92635 14.7118 80.5
v -2.92635 14.7118 84.0
v -2.8093 -14.1233 41.0
v -2.8093 -14.1233 43.0
v -2.8093 -14.1233 78.5
v -2.8093 -14.1233 80.5
v -2.8093 14.1233 41.0
v -2.8093 14.1233 43.0
v -2.8093 14.1233 78.5
v -2.8093 14.1233 80.5
v -2.8 0.0 84.0
v -2.8 0.0 100.0
v -2.794 -0.183128 84.0
v -2.794 -0.183128 100.0
v -2.794 0.183128 84.0
v -2.794 0.183128 100.0
v -2.77604 -0.365473 84.0
v -2.77604 -0.365473 100.0
v -2.77604 0.365473 84.0
v -2.77604 0.365473 100.0
v -2.7462 -0.546252 84.0
v -2.7462 -0.546252 100.0
v -2.7462 0.546252 84.0
v -2.7462 0.546252 100.0
v -2.70459 -0.724693 84.0
v -2.70459 -0.724693 100.0
v -2.70459 0.724693 84.0
v -2.70459 0.724693 100.0
v -2.6514 -0.90003 84.0
v -2.6514 -0.90003 100.0
v -2.6514 0.90003 84.0
v -2.6514 0.90003 100.0
v -2.58686 -1.07151 84.0
v -2.58686 -1.07151 100.0
v -2.58686 1.07151 84.0
v -2.58686 1.07151 100.0
v -2.51124 -1.23841 84.0
v -2.51124 -1.23841 100.0
v -2.51124 1.23841 84.0
v -2.51124 1.23841 100.0
v -2.42487 -1.4 84.0
v -2.42487 -1.4 100.0
v -2.42487 1.4 84.0
v -2.42487 1.4 100.0
v -2.32811 -1.5556 84.0
v -2.32811 -1.5556 100.0
v -2.32811 1.5556 84.0
v -2.32811 1.5556 100.0
v -2.22139 -1.70453 84.0
v -2.22139 -1.70453 100.0
v -2.22139 1.70453 84.0
v -2.22139 1.70453 100.0
v -2.10515 -1.84617 84.0
v -2.10515 -1.84617 100.0
v -2.10515 1.84617 84.0
v -2.10515 1.84617 100.0
v -2.0 0.0 2.0
v -1.99893 0.0 1.93456
v -1.99893 0.0 2.0
v -1.99572 -0.130806 2.0
v -1.99572 0.130806 2.0
v -1.99465 -0.130735 1.93456
v -1.99465 -0.130735 2.0
v -1.99465 0.130735 1.93456
v -1.99465 0.130735 2.0
v -1.99037 0.0 1.80397
v -1.98611 -0.130176 1.80397
v -1.98611 0.130176 1.80397
v -1.98289 -0.261052 2.0
v -1.98289 0.261052 2.0
v -1.98183 -0.260912 1.93456
v -1.98183 -0.260912 2.0
v -1.98183 0.260912 1.93456
v -1.98183 0.260912 2.0
v -1.9799 -1.9799 84.0
v -1.9799 -1.9799 100.0
v -1.9799 1.9799 84.0
v -1.9799 1.9799 100.0
v -1.97334 -0.259795 1.80397
v -1.97334 0.259795 1.80397
v -1.97329 0.0 1.67421
v -1.96906 -0.129059 1.67421
v -1.96906 0.129059 1.67421
v -1.96157 -0.390181 2.0
v -1.96157 0.390181 2.0
v -1.96052 -0.389972 1.93456
v -1.96052 -0.389972 2.0
v -1.96052 0.389972 1.93456
v -1.96052 0.389972 2.0
v -1.95789 -14.8717 39.0
v -1.95789 -14.8717 41.0
v -1.95789 -14.8717 43.0
v -1.95789 -14.8717 78.5
v -1.95789 -14.8717 80.5
v -1.95789 -14.8717 84.0
v -1.95789 14.8717 39.0
v -1.95789 14.8717 41.0
v -1.95789 14.8717 43.0
v -1.95789 14.8717 78.5
v -1.95789 14.8717 80.5
v -1.95789 14.8717 84.0
v -1.9564 -0.257565 1.67421
v -1.9564 0.257565 1.67421
v -1.95212 -0.388301 1.80397
v -1.95212 0.388301 1.80397
v -1.94775 0.0 1.54585
v -1.94358 -0.127389 1.54585
v -1.94358 0.127389 1.54585
v -1.93537 -0.384969 1.67421
v -1.93537 0.384969 1.67421
v -1.93185 -0.517637 2.0
v -1.93185 0.517637 2.0
v -1.93109 -0.254232 1.54585
v -1.93109 0.254232 1.54585
v -1.93082 -0.517361 1.93456
v -1.93082 -0.517361 2.0
v -1.93082 0.517361 1.93456
v -1.93082 0.517361 2.0
v -1.92255 -0.515145 1.80397
v -1.92255 0.515145 1.80397
v -1.91388 0.0 1.41943
v -1.91033 -0.379988 1.54585
v -1.91033 0.379988 1.54585
v -1.90978 -0.125174 1.41943
v -1.90978 0.125174 1.41943
v -1.90605 -0.510724 1.67421
v -1.90605 0.510724 1.67421
v -1.89751 -0.249811 1.41943
v -1.89751 0.249811 1.41943
v -1.89386 -0.642879 2.0
v -1.89386 0.642879 2.0
v -1.89285 -0.642534 1.93456
v -1.89285 -0.642534 2.0
v -1.89285 0.642534 1.93456
v -1.89285 0.642534 2.0
v -1.88474 -0.639783 1.80397
v -1.88474 0.639783 1.80397
v -1.88139 -0.504115 1.54585
v -1.88139 0.504115 1.54585
v -1.87958 -14.2768 41.0
v -1.87958 -14.2768 43.0
v -1.87958 -14.2768 78.5
v -1.87958 -14.2768 80.5
v -1.87958 14.2768 41.0
v -1.87958 14.2768 43.0
v -1.87958 14.2768 78.5
v -1.87958 14.2768 80.5
v -1.87711 -0.373379 1.41943
v -1.87711 0.373379 1.41943
v -1.87181 0.0 1.2955
v -1.86856 -0.634292 1.67421
v -1.86856 0.634292 1.67421
v -1.8678 -0.122422 1.2955
v -1.8678 0.122422 1.2955
v -1.8558 -0.24432 1.2955
v -1.8558 0.24432 1.2955
v -1.84867 -0.495348 1.41943
v -1.84867 0.495348 1.41943
v -1.84776 -0.765367 2.0
v -1.84776 0.765367 2.0
v -1.84677 -0.764956 1.93456
v -1.84677 -0.764956 2.0
v -1.84677 0.764956 1.93456
v -1.84677 0.764956 2.0
v -1.84617 -2.10515 84.0
v -1.84617 -2.10515 100.0
v -1.84617 2.10515 84.0
v -1.84617 2.10515 100.0
v -1.84439 -0.626084 1.54585
v -1.84439 0.626084 1.54585
v -1.83886 -0.761681 1.80397
v -1.83886 0.761681 1.80397
v -1.83584 -0.365171 1.2955
v -1.83584 0.365171 1.2955
v -1.82308 -0.755143 1.67421
v -1.82308 0.755143 1.67421
v -1.82173 0.0 1.17459
v -1.81783 -0.119146 1.17459
v -1.81783 0.119146 1.17459
v -1.81231 -0.615196 1.41943
v -1.81231 0.615196 1.41943
v -1.80803 -0.48446 1.2955
v -1.80803 0.48446 1.2955
v -1.80614 -0.237782 1.17459
v -1.80614 0.237782 1.17459
v -1.79949 -0.745373 1.54585
v -1.79949 0.745373 1.54585
v -1.79375 -0.884577 2.0
v -1.79375 0.884577 2.0
v -1.79278 -0.884103 1.93456
v -1.79278 -0.884103 2.0
v -1.79278 0.884103 1.93456
v -1.79278 0.884103 2.0
v -1.78672 -0.355401 1.17459
v -1.78672 0.355401 1.17459
v -1.78511 -0.880318 1.80397
v -1.78511 0.880318 1.80397
v -1.77247 -0.601674 1.2955
v -1.77247 0.601674 1.2955
v -1.76979 -0.872762 1.67421
v -1.76979 0.872762 1.67421
v -1.7682 -0.732409 1.41943
v -1.7682 0.732409 1.41943
v -1.76384 0.0 1.05721
v -1.76007 -0.11536 1.05721
v -1.76007 0.11536 1.05721
v -1.75965 -0.471498 1.17459
v -1.75965 0.471498 1.17459
v -1.74875 -0.230227 1.05721
v -1.74875 0.230227 1.05721
v -1.74689 -0.861469 1.54585
v -1.74689 0.861469 1.54585
v -1.73205 -1.0 2.0
v -1.73205 1.0 2.0
v -1.73112 -0.999464 1.93456
v -1.73112 -0.999464 2.0
v -1.73112 0.999464 1.93456
v -1.73112 0.999464 2.0
v -1.72995 -0.344109 1.05721
v -1.72995 0.344109 1.05721
v -1.72933 -0.716311 1.2955
v -1.72933 0.716311 1.2955
v -1.72505 -0.585575 1.17459
v -1.72505 0.585575 1.17459
v -1.72371 -0.995184 1.80397
v -1.72371 0.995184 1.80397
v -1.71651 -0.846487 1.41943
v -1.71651 0.846487 1.41943
v -1.70892 -0.986643 1.67421
v -1.70892 0.986643 1.67421
v -1.70453 -2.22139 84.0
v -1.70453 -2.22139 100.0
v -1.70453 2.22139 84.0
v -1.70453 2.22139 100.0
v -1.70374 -0.456515 1.05721
v -1.70374 0.456515 1.05721
v -1.6984 0.0 0.943864
v -1.69477 -0.11108 0.943864
v -1.69477 0.11108 0.943864
v -1.6868 -0.973877 1.54585
v -1.6868 0.973877 1.54585
v -1.68387 -0.221685 0.943864
v -1.68387 0.221685 0.943864
v -1.68306 -0.697145 1.17459
v -1.68306 0.697145 1.17459
v -1.67878 -0.827881 1.2955
v -1.67878 0.827881 1.2955
v -1.67024 -0.566968 1.05721
v -1.67024 0.566968 1.05721
v -1.66577 -0.331342 0.943864
v -1.66577 0.331342 0.943864
v -1.66294 -1.11114 2.0
v -1.66294 1.11114 2.0
v -1.66205 -1.11055 1.93456
v -1.66205 -1.11055 2.0
v -1.66205 1.11055 1.93456
v -1.66205 1.11055 2.0
v -1.65747 -0.95694 1.41943
v -1.65747 0.95694 1.41943
v -1.65493 -1.10579 1.80397
v -1.65493 1.10579 1.80397
v -1.64073 -1.0963 1.67421
v -1.64073 1.0963 1.67421
v -1.64053 -0.439579 0.943864
v -1.64053 0.439579 0.943864
v -1.63386 -0.805729 1.17459
v -1.63386 0.805729 1.17459
v -1.62958 -0.674993 1.05721
v -1.62958 0.674993 1.05721
v -1.62569 0.0 0.835044
v -1.62221 -0.106325 0.835044
v -1.62221 0.106325 0.835044
v -1.62104 -0.935905 1.2955
v -1.62104 0.935905 1.2955
v -1.6195 -1.08211 1.54585
v -1.6195 1.08211 1.54585
v -1.61178 -0.212195 0.835044
v -1.61178 0.212195 0.835044
v -1.60827 -0.545934 0.943864
v -1.60827 0.545934 0.943864
v -1.59446 -0.317157 0.835044
v -1.59446 0.317157 0.835044
v -1.59133 -1.06329 1.41943
v -1.59133 1.06329 1.41943
v -1.58671 -1.21752 2.0
v -1.58671 1.21752 2.0
v -1.58586 -1.21687 1.93456
v -1.58586 -1.21687 2.0
v -1.58586 1.21687 1.93456
v -1.58586 1.21687 2.0
v -1.58194 -0.780128 1.05721
v -1.58194 0.780128 1.05721
v -1.57907 -1.21166 1.80397
v -1.57907 1.21166 1.80397
v -1.57766 -0.910863 1.17459
v -1.57766 0.910863 1.17459
v -1.5703 -0.42076 0.835044
v -1.5703 0.42076 0.835044
v -1.56912 -0.649951 0.943864
v -1.56912 0.649951 0.943864
v -1.56551 -1.20126 1.67421
v -1.56551 1.20126 1.67421
v -1.55635 -1.03992 1.2955
v -1.55635 1.03992 1.2955
v -1.5556 -2.32811 84.0
v -1.5556 -2.32811 100.0
v -1.5556 2.32811 84.0
v -1.5556 2.32811 100.0
v -1.54602 0.0 0.731213
v -1.54526 -1.18572 1.54585
v -1.54526 1.18572 1.54585
v -1.54271 -0.101114 0.731213
v -1.54271 0.101114 0.731213
v -1.53942 -0.522561 0.835044
v -1.53942 0.522561 0.835044
v -1.53279 -0.201796 0.731213
v -1.53279 0.201796 0.731213
v -1.52753 -0.881921 1.05721
v -1.52753 0.881921 1.05721
v -1.52325 -0.751184 0.943864
v -1.52325 0.751184 0.943864
v -1.51838 -1.1651 1.41943
v -1.51838 1.1651 1.41943
v -1.51631 -0.301613 0.731213
v -1.51631 0.301613 0.731213
v -1.51471 -1.0121 1.17459
v -1.51471 1.0121 1.17459
v -1.50368 -1.31869 2.0
v -1.50368 1.31869 2.0
v -1.50287 -1.31799 1.93456
v -1.50287 -1.31799 2.0
v -1.50287 1.31799 1.93456
v -1.50287 1.31799 2.0
v -1.50194 -0.622126 0.835044
v -1.50194 0.622126 0.835044
v -1.49644 -1.31234 1.80397
v -1.49644 1.31234 1.80397
v -1.49334 -0.400139 0.731213
v -1.49334 0.400139 0.731213
v -1.48501 -1.13949 1.2955
v -1.48501 1.13949 1.2955
v -1.48359 -1.30108 1.67421
v -1.48359 1.30108 1.67421
v -1.47157 -22.451799 92.0
v -1.47157 -22.451799 100.0
v -1.47157 22.451799 92.0
v -1.47157 22.451799 100.0
v -1.47086 -0.849202 0.943864
v -1.47086 0.849202 0.943864
v -1.46658 -0.979938 1.05721
v -1.46658 0.979938 1.05721
v -1.4644 -1.28424 1.54585
v -1.4644 1.28424 1.54585
v -1.46397 -0.496952 0.731213
v -1.46397 0.496952 0.731213
v -1.45973 0.0 0.632815
v -1.45804 -0.719026 0.835044
v -1.45804 0.719026 0.835044
v -1.4566 -0.09547 0.632815
v -1.4566 0.09547 0.632815
v -1.44724 -0.190533 0.632815
v -1.44724 0.190533 0.632815
v -1.44527 -1.109 1.17459
v -1.44527 1.109 1.17459
v -1.43893 -1.26191 1.41943
v -1.43893 1.26191 1.41943
v -1.43168 -0.284779 0.632815
v -1.43168 0.284779 0.632815
v -1.42834 -0.591636 0.731213
v -1.42834 0.591636 0.731213
v -1.41421 -1.41421 2.0
v -1.41421 1.41421 2.0
v -1.41346 -1.41346 1.93456
v -1.41346 -1.41346 2.0
v -1.41346 1.41346 1.93456
v -1.41346 1.41346 2.0
v -1.41217 -0.943583 0.943864
v -1.41217 0.943583 0.943864
v -1.40999 -0.377805 0.632815
v -1.40999 0.377805 0.632815
v -1.40789 -0.812846 0.835044
v -1.40789 0.812846 0.835044
v -1.4074 -1.4074 1.80397
v -1.4074 1.4074 1.80397
v -1.4073 -1.23417 1.2955
v -1.4073 1.23417 1.2955
v -1.4 -2.42487 84.0
v -1.4 -2.42487 100.0
v -1.4 2.42487 84.0
v -1.4 2.42487 100.0
v -1.39935 -1.07376 1.05721
v -1.39935 1.07376 1.05721
v -1.39532 -1.39532 1.67421
v -1.39532 1.39532 1.67421
v -1.38658 -0.683787 0.731213
v -1.38658 0.683787 0.731213
v -1.38226 -0.469213 0.632815
v -1.38226 0.469213 0.632815
v -1.37727 -1.37727 1.54585
v -1.37727 1.37727 1.54585
v -1.36965 -1.20115 1.17459
v -1.36965 1.20115 1.17459
v -1.36718 0.0 0.540272
v -1.36426 -0.089418 0.540272
v -1.36426 0.089418 0.540272
v -1.35549 -0.178452 0.540272
v -1.35549 0.178452 0.540272
v -1.35332 -1.35332 1.41943
v -1.35332 1.35332 1.41943
v -1.35171 -0.903187 0.835044
v -1.35171 0.903187 0.835044
v -1.34861 -0.558613 0.632815
v -1.34861 0.558613 0.632815
v -1.34743 -1.03392 0.943864
v -1.34743 1.03392 0.943864
v -1.34091 -0.266724 0.540272
v -1.34091 0.266724 0.540272
v -1.33889 -0.77301 0.731213
v -1.33889 0.77301 0.731213
v -1.32613 -1.16298 1.05721
v -1.32613 1.16298 1.05721
v -1.32357 -1.32357 1.2955
v -1.32357 1.32357 1.2955
v -1.3206 -0.353853 0.540272
v -1.3206 0.353853 0.540272
v -1.31869 -1.50368 2.0
v -1.31869 1.50368 2.0
v -1.31799 -1.50287 1.93456
v -1.31799 -1.50287 2.0
v -1.31799 1.50287 1.93456
v -1.31799 1.50287 2.0
v -1.31234 -1.49644 1.80397
v -1.31234 1.49644 1.80397
v -1.30919 -0.64562 0.632815
v -1.30919 0.64562 0.632815
v -1.30108 -1.48359 1.67421
v -1.30108 1.48359 1.67421
v -1.29463 -0.439466 0.540272
v -1.29463 0.439466 0.540272
v -1.28975 -0.989659 0.835044
v -1.28975 0.989659 0.835044
v -1.28816 -1.28816 1.17459
v -1.28816 1.28816 1.17459
v -1.28547 -0.858923 0.731213
v -1.28547 0.858923 0.731213
v -1.28424 -1.4644 1.54585
v -1.28424 1.4644 1.54585
v -1.27693 -1.11983 0.943864
v -1.27693 1.11983 0.943864
v -1.26879 0.0 0.453979
v -1.26607 -0.082982 0.453979
v -1.26607 0.082982 0.453979
v -1.26416 -0.729863 0.632815
v -1.26416 0.729863 0.632815
v -1.26311 -0.523198 0.540272
v -1.26311 0.523198 0.540272
v -1.26191 -1.43893 1.41943
v -1.26191 1.43893 1.41943
v -1.25793 -0.165609 0.453979
v -1.25793 0.165609 0.453979
v -1.24722 -1.24722 1.05721
v -1.24722 1.24722 1.05721
v -1.24441 -0.247527 0.453979
v -1.24441 0.247527 0.453979
v -1.23841 -2.51124 84.0
v -1.23841 -2.51124 100.0
v -1.23841 2.51124 84.0
v -1.23841 2.51124 100.0
v -1.23417 -1.4073 1.2955
v -1.23417 1.4073 1.2955
v -1.22654 -0.941157 0.731213
v -1.22654 0.941157 0.731213
v -1.22619 -0.60469 0.540272
v -1.22619 0.60469 0.540272
v -1.22555 -0.328385 0.453979
v -1.22555 0.328385 0.453979
v -1.22226 -1.07189 0.835044
v -1.22226 1.07189 0.835044
v -1.21752 -1.58671 2.0
v -1.21752 1.58671 2.0
v -1.21687 -1.58586 1.93456
v -1.21687 -1.58586 2.0
v -1.21687 1.58586 1.93456
v -1.21687 1.58586 2.0
v -1.21372 -0.810981 0.632815
v -1.21372 0.810981 0.632815
v -1.21166 -1.57907 1.80397
v -1.21166 1.57907 1.80397
v -1.20145 -0.407838 0.453979
v -1.20145 0.407838 0.453979
v -1.20126 -1.56551 1.67421
v -1.20126 1.56551 1.67421
v -1.20115 -1.36965 1.17459
v -1.20115 1.36965 1.17459
v -1.20095 -1.20095 0.943864
v -1.20095 1.20095 0.943864
v -1.18572 -1.54526 1.54585
v -1.18572 1.54526 1.54585
v -1.18402 -0.683592 0.540272
v -1.18402 0.683592 0.540272
v -1.17221 -0.485543 0.453979
v -1.17221 0.485543 0.453979
v -1.1651 -1.51838 1.41943
v -1.1651 1.51838 1.41943
v -1.16496 0.0 0.374306
v -1.16298 -1.32613 1.05721
v -1.16298 1.32613 1.05721
v -1.16246 -0.076191 0.374306
v -1.16246 0.076191 0.374306
v -1.16236 -1.01936 0.731213
v -1.16236 1.01936 0.731213
v -1.15808 -0.888626 0.632815
v -1.15808 0.888626 0.632815
v -1.15499 -0.152057 0.374306
v -1.15499 0.152057 0.374306
v -1.14954 -1.14954 0.835044
v -1.14954 1.14954 0.835044
v -1.14257 -0.227271 0.374306
v -1.14257 0.227271 0.374306
v -1.13949 -1.48501 1.2955
v -1.13949 1.48501 1.2955
v -1.13794 -0.56117 0.453979
v -1.13794 0.56117 0.453979
v -1.13677 -0.759566 0.540272
v -1.13677 0.759566 0.540272
v -1.12526 -0.301512 0.374306
v -1.12526 0.301512 0.374306
v -1.11983 -1.27693 0.943864
v -1.11983 1.27693 0.943864
v -1.11114 -1.66294 2.0
v -1.11114 1.66294 2.0
v -1.11055 -1.66205 1.93456
v -1.11055 -1.66205 2.0
v -1.11055 1.66205 1.93456
v -1.11055 1.66205 2.0
v -1.109 -1.44527 1.17459
v -1.109 1.44527 1.17459
v -1.10579 -1.65493 1.80397
v -1.10579 1.65493 1.80397
v -1.10313 -0.374462 0.374306
v -1.10313 0.374462 0.374306
v -1.0988 -0.634393 0.453979
v -1.0988 0.634393 0.453979
v -1.09748 -0.962465 0.632815
v -1.09748 0.962465 0.632815
v -1.0963 -1.64073 1.67421
v -1.0963 1.64073 1.67421
v -1.0932 -1.0932 0.731213
v -1.0932 1.0932 0.731213
v -1.08466 -0.832289 0.540272
v -1.08466 0.832289 0.540272
v -1.08211 -1.6195 1.54585
v -1.08211 1.6195 1.54585
v -1.07628 -0.445808 0.374306
v -1.07628 0.445808 0.374306
v -1.07376 -1.39935 1.05721
v -1.07376 1.39935 1.05721
v -1.07189 -1.22226 0.835044
v -1.07189 1.22226 0.835044
v -1.07151 -2.58686 84.0
v -1.07151 -2.58686 100.0
v -1.07151 2.58686 84.0
v -1.07151 2.58686 100.0
v -1.06329 -1.59133 1.41943
v -1.06329 1.59133 1.41943
v -1.05614 0.0 0.301595
v -1.05496 -0.7049 0.453979
v -1.05496 0.7049 0.453979
v -1.05387 -0.069074 0.301595
v -1.05387 0.069074 0.301595
v -1.0471 -0.137853 0.301595
v -1.0471 0.137853 0.301595
v -1.04482 -0.515246 0.374306
v -1.04482 0.515246 0.374306
v -1.03992 -1.55635 1.2955
v -1.03992 1.55635 1.2955
v -1.03584 -0.206041 0.301595
v -1.03584 0.206041 0.301595
v -1.03392 -1.34743 0.943864
v -1.03392 1.34743 0.943864
v -1.03218 -1.03218 0.632815
v -1.03218 1.03218 0.632815
v -1.0279 -0.901447 0.540272
v -1.0279 0.901447 0.540272
v -1.02015 -0.273348 0.301595
v -1.02015 0.273348 0.301595
v -1.01936 -1.16236 0.731213
v -1.01936 1.16236 0.731213
v -1.0121 -1.51471 1.17459
v -1.0121 1.51471 1.17459
v -1.00888 -0.582478 0.374306
v -1.00888 0.582478 0.374306
v -1.0066 -0.772388 0.453979
v -1.0066 0.772388 0.453979
v -1.00009 -0.339483 0.301595
v -1.00009 0.339483 0.301595
v -1.0 -1.73205 2.0
v -1.0 1.73205 2.0
v -0.999464 -1.73112 1.93456
v -0.999464 -1.73112 2.0
v -0.999464 1.73112 1.93456
v -0.999464 1.73112 2.0
v -0.995184 -1.72371 1.80397
v -0.995184 1.72371 1.80397
v -0.989659 -1.28975 0.835044
v -0.989659 1.28975 0.835044
v -0.986643 -1.70892 1.67421
v -0.986643 1.70892 1.67421
v -0.981047 -14.9679 39.0
v -0.981047 -14.9679 41.0
v -0.981047 -14.9679 43.0
v -0.981047 -14.9679 78.5
v -0.981047 -14.9679 80.5
v -0.981047 -14.9679 84.0
v -0.981047 14.9679 39.0
v -0.981047 14.9679 41.0
v -0.981047 14.9679 43.0
v -0.981047 14.9679 78.5
v -0.981047 14.9679 80.5
v -0.981047 14.9679 84.0
v -0.979938 -1.46658 1.05721
v -0.979938 1.46658 1.05721
v -0.975741 -0.404165 0.301595
v -0.975741 0.404165 0.301595
v -0.973877 -1.6868 1.54585
v -0.973877 1.6868 1.54585
v -0.968624 -0.647214 0.374306
v -0.968624 0.647214 0.374306
v -0.966745 -0.966745 0.540272
v -0.966745 0.966745 0.540272
v -0.962465 -1.09748 0.632815
v -0.962465 1.09748 0.632815
v -0.95694 -1.65747 1.41943
v -0.95694 1.65747 1.41943
v -0.953924 -0.836569 0.453979
v -0.953924 0.836569 0.453979
v -0.947219 -0.467116 0.301595
v -0.947219 0.467116 0.301595
v -0.943583 -1.41217 0.943864
v -0.943583 1.41217 0.943864
v -0.942793 0.0 0.236157
v -0.941805 -14.3692 41.0
v -0.941805 -14.3692 43.0
v -0.941805 -14.3692 78.5
v -0.941805 -14.3692 80.5
v -0.941805 14.3692 41.0
v -0.941805 14.3692 43.0
v -0.941805 14.3692 78.5
v -0.941805 14.3692 80.5
v -0.941157 -1.22654 0.731213
v -0.941157 1.22654 0.731213
v -0.940774 -0.061661 0.236157
v -0.940774 0.061661 0.236157
v -0.935905 -1.62104 1.2955
v -0.935905 1.62104 1.2955
v -0.934728 -0.123058 0.236157
v -0.934728 0.123058 0.236157
v -0.924678 -0.183929 0.236157
v -0.924678 0.183929 0.236157
v -0.924221 -0.70918 0.374306
v -0.924221 0.70918 0.374306
v -0.914639 -0.528068 0.301595
v -0.914639 0.528068 0.301595
v -0.910863 -1.57766 1.17459
v -0.910863 1.57766 1.17459
v -0.910668 -0.244013 0.236157
v -0.910668 0.244013 0.236157
v -0.903187 -1.35171 0.835044
v -0.903187 1.35171 0.835044
v -0.901447 -1.0279 0.540272
v -0.901447 1.0279 0.540272
v -0.90003 -2.6514 84.0
v -0.90003 -2.6514 100.0
v -0.90003 2.6514 84.0
v -0.90003 2.6514 100.0
v -0.897167 -0.897167 0.453979
v -0.897167 0.897167 0.453979
v -0.892759 -0.303051 0.236157
v -0.892759 0.303051 0.236157
v -0.888626 -1.15808 0.632815
v -0.888626 1.15808 0.632815
v -0.884577 -1.79375 2.0
v -0.884577 1.79375 2.0
v -0.884103 -1.79278 1.93456
v -0.884103 -1.79278 2.0
v -0.884103 1.79278 1.93456
v -0.884103 1.79278 2.0
v -0.881921 -1.52753 1.05721
v -0.881921 1.52753 1.05721
v -0.880318 -1.78511 1.80397
v -0.880318 1.78511 1.80397
v -0.878144 -0.586757 0.301595
v -0.878144 0.586757 0.301595
v -0.875859 -0.768108 0.374306
v -0.875859 0.768108 0.374306
v -0.872762 -1.76979 1.67421
v -0.872762 1.76979 1.67421
v -0.871027 -0.360791 0.236157
v -0.871027 0.360791 0.236157
v -0.861469 -1.74689 1.54585
v -0.861469 1.74689 1.54585
v -0.858923 -1.28547 0.731213
v -0.858923 1.28547 0.731213
v -0.849202 -1.47086 0.943864
v -0.849202 1.47086 0.943864
v -0.846487 -1.71651 1.41943
v -0.846487 1.71651 1.41943
v -0.845565 -0.416986 0.236157
v -0.845565 0.416986 0.236157
v -0.837889 -0.642934 0.301595
v -0.837889 0.642934 0.301595
v -0.836569 -0.953924 0.453979
v -0.836569 0.953924 0.453979
v -0.832289 -1.08466 0.540272
v -0.832289 1.08466 0.540272
v -0.827881 -1.67878 1.2955
v -0.827881 1.67878 1.2955
v -0.825414 0.0 0.178272
v -0.823748 -0.823748 0.374306
v -0.823748 0.823748 0.374306
v -0.823647 -0.053985 0.178272
v -0.823647 0.053985 0.178272
v -0.818352 -0.107738 0.178272
v -0.818352 0.107738 0.178272
v -0.816483 -0.471396 0.236157
v -0.816483 0.471396 0.236157
v -0.812846 -1.40789 0.835044
v -0.812846 1.40789 0.835044
v -0.810981 -1.21372 0.632815
v -0.810981 1.21372 0.632815
v -0.809553 -0.16103 0.178272
v -0.809553 0.16103 0.178272
v -0.805729 -1.63386 1.17459
v -0.805729 1.63386 1.17459
v -0.797288 -0.213633 0.178272
v -0.797288 0.213633 0.178272
v -0.794044 -0.696358 0.301595
v -0.794044 0.696358 0.301595
v -0.783904 -0.523787 0.236157
v -0.783904 0.523787 0.236157
v -0.781609 -0.26532 0.178272
v -0.781609 0.26532 0.178272
v -0.780128 -1.58194 1.05721
v -0.780128 1.58194 1.05721
v -0.77301 -1.33889 0.731213
v -0.77301 1.33889 0.731213
v -0.772388 -1.0066 0.453979
v -0.772388 1.0066 0.453979
v -0.768108 -0.875859 0.374306
v -0.768108 0.875859 0.374306
v -0.765367 -1.84776 2.0
v -0.765367 1.84776 2.0
v -0.764956 -1.84677 1.93456
v -0.764956 -1.84677 2.0
v -0.764956 1.84677 1.93456
v -0.764956 1.84677 2.0
v -0.762583 -0.315872 0.178272
v -0.762583 0.315872 0.178272
v -0.761681 -1.83886 1.80397
v -0.761681 1.83886 1.80397
v -0.759566 -1.13677 0.540272
v -0.759566 1.13677 0.540272
v -0.755143 -1.82308 1.67421
v -0.755143 1.82308 1.67421
v -0.751184 -1.52325 0.943864
v -0.751184 1.52325 0.943864
v -0.747968 -0.573936 0.236157
v -0.747968 0.573936 0.236157
v -0.7468 -0.7468 0.301595
v -0.7468 0.7468 0.301595
v -0.745373 -1.79949 1.54585
v -0.745373 1.79949 1.54585
v -0.740291 -0.365071 0.178272
v -0.740291 0.365071 0.178272
v -0.732409 -1.7682 1.41943
v -0.732409 1.7682 1.41943
v -0.729863 -1.26416 0.632815
v -0.729863 1.26416 0.632815
v -0.724693 -2.70459 84.0
v -0.724693 -2.70459 100.0
v -0.724693 2.70459 84.0
v -0.724693 2.70459 100.0
v -0.719026 -1.45804 0.835044
v -0.719026 1.45804 0.835044
v -0.716311 -1.72933 1.2955
v -0.716311 1.72933 1.2955
v -0.714829 -0.412706 0.178272
v -0.714829 0.412706 0.178272
v -0.70918 -0.924221 0.374306
v -0.70918 0.924221 0.374306
v -0.708829 -0.621627 0.236157
v -0.708829 0.621627 0.236157
v -0.7049 -1.05496 0.453979
v -0.7049 1.05496 0.453979
v -0.704499 0.0 0.128188
v -0.702991 -0.046076 0.128188
v -0.702991 0.046076 0.128188
v -0.698473 -0.091955 0.128188
v -0.698473 0.091955 0.128188
v -0.697145 -1.68306 1.17459
v -0.697145 1.68306 1.17459
v -0.696358 -0.794044 0.301595
v -0.696358 0.794044 0.301595
v -0.690963 -0.137441 0.128188
v -0.690963 0.137441 0.128188
v -0.686306 -0.458575 0.178272
v -0.686306 0.458575 0.178272
v -0.683787 -1.38658 0.731213
v -0.683787 1.38658 0.731213
v -0.683592 -1.18402 0.540272
v -0.683592 1.18402 0.540272
v -0.680494 -0.182338 0.128188
v -0.680494 0.182338 0.128188
v -0.674993 -1.62958 1.05721
v -0.674993 1.62958 1.05721
v -0.667112 -0.226454 0.128188
v -0.667112 0.226454 0.128188
v -0.666656 -0.666656 0.236157
v -0.666656 0.666656 0.236157
v -0.654844 -0.50248 0.178272
v -0.654844 0.50248 0.178272
v -0.650873 -0.2696 0.128188
v -0.650873 0.2696 0.128188
v -0.649951 -1.56912 0.943864
v -0.649951 1.56912 0.943864
v -0.647214 -0.968624 0.374306
v -0.647214 0.968624 0.374306
v -0.64562 -1.30919 0.632815
v -0.64562 1.30919 0.632815
v -0.642934 -0.837889 0.301595
v -0.642934 0.837889 0.301595
v -0.642879 -1.89386 2.0
v -0.642879 1.89386 2.0
v -0.642534 -1.89285 1.93456
v -0.642534 -1.89285 2.0
v -0.642534 1.89285 1.93456
v -0.642534 1.89285 2.0
v -0.639783 -1.88474 1.80397
v -0.639783 1.88474 1.80397
v -0.634393 -1.0988 0.453979
v -0.634393 1.0988 0.453979
v -0.634292 -1.86856 1.67421
v -0.634292 1.86856 1.67421
v -0.631846 -0.311592 0.128188
v -0.631846 0.311592 0.128188
v -0.626084 -1.84439 1.54585
v -0.626084 1.84439 1.54585
v -0.622126 -1.50194 0.835044
v -0.622126 1.50194 0.835044
v -0.621627 -0.708829 0.236157
v -0.621627 0.708829 0.236157
v -0.620579 -0.544232 0.178272
v -0.620579 0.544232 0.178272
v -0.615196 -1.81231 1.41943
v -0.615196 1.81231 1.41943
v -0.610114 -0.352249 0.128188
v -0.610114 0.352249 0.128188
v -0.60469 -1.22619 0.540272
v -0.60469 1.22619 0.540272
v -0.601674 -1.77247 1.2955
v -0.601674 1.77247 1.2955
v -0.591636 -1.42834 0.731213
v -0.591636 1.42834 0.731213
v -0.586757 -0.878144 0.301595
v -0.586757 0.878144 0.301595
v -0.58577 -0.391398 0.128188
v -0.58577 0.391398 0.128188
v -0.585575 -1.72505 1.17459
v -0.585575 1.72505 1.17459
v -0.583655 -0.583655 0.178272
v -0.583655 0.583655 0.178272
v -0.582478 -1.00888 0.374306
v -0.582478 1.00888 0.374306
v -0.580569 0.0 0.086119
v -0.579326 -0.03797 0.086119
v -0.579326 0.03797 0.086119
v -0.575602 -0.075779 0.086119
v -0.575602 0.075779 0.086119
v -0.573936 -0.747968 0.236157
v -0.573936 0.747968 0.236157
v -0.569413 -0.113263 0.086119
v -0.569413 0.113263 0.086119
v -0.566968 -1.67024 1.05721
v -0.566968 1.67024 1.05721
v -0.56117 -1.13794 0.453979
v -0.56117 1.13794 0.453979
v -0.560786 -0.150262 0.086119
v -0.560786 0.150262 0.086119
v -0.558917 -0.428872 0.128188
v -0.558917 0.428872 0.128188
v -0.558613 -1.34861 0.632815
v -0.558613 1.34861 0.632815
v -0.549758 -0.186618 0.086119
v -0.549758 0.186618 0.086119
v -0.546252 -2.7462 84.0
v -0.546252 -2.7462 100.0
v -0.546252 2.7462 84.0
v -0.546252 2.7462 100.0
v -0.545934 -1.60827 0.943864
v -0.545934 1.60827 0.943864
v -0.544232 -0.620579 0.178272
v -0.544232 0.620579 0.178272
v -0.536376 -0.222174 0.086119
v -0.536376 0.222174 0.086119
v -0.529671 -0.464509 0.128188
v -0.529671 0.464509 0.128188
v -0.528068 -0.914639 0.301595
v -0.528068 0.914639 0.301595
v -0.523787 -0.783904 0.236157
v -0.523787 0.783904 0.236157
v -0.523198 -1.26311 0.540272
v -0.523198 1.26311 0.540272
v -0.522561 -1.53942 0.835044
v -0.522561 1.53942 0.835044
v -0.520697 -0.256779 0.086119
v -0.520697 0.256779 0.086119
v -0.517637 -1.93185 2.0
v -0.517637 1.93185 2.0
v -0.517361 -1.93082 1.93456
v -0.517361 -1.93082 2.0
v -0.517361 1.93082 1.93456
v -0.517361 1.93082 2.0
v -0.515246 -1.04482 0.374306
v -0.515246 1.04482 0.374306
v -0.515145 -1.92255 1.80397
v -0.515145 1.92255 1.80397
v -0.510724 -1.90605 1.67421
v -0.510724 1.90605 1.67421
v -0.504115 -1.88139 1.54585
v -0.504115 1.88139 1.54585
v -0.502788 -0.290284 0.086119
v -0.502788 0.290284 0.086119
v -0.50248 -0.654844 0.178272
v -0.50248 0.654844 0.178272
v -0.498157 -0.498157 0.128188
v -0.498157 0.498157 0.128188
v -0.496952 -1.46397 0.731213
v -0.496952 1.46397 0.731213
v -0.495348 -1.84867 1.41943
v -0.495348 1.84867 1.41943
v -0.485543 -1.17221 0.453979
v -0.485543 1.17221 0.453979
v -0.48446 -1.80803 1.2955
v -0.48446 1.80803 1.2955
v -0.482725 -0.322547 0.086119
v -0.482725 0.322547 0.086119
v -0.471498 -1.75965 1.17459
v -0.471498 1.75965 1.17459
v -0.471396 -0.816483 0.236157
v -0.471396 0.816483 0.236157
v -0.469213 -1.38226 0.632815
v -0.469213 1.38226 0.632815
v -0.467116 -0.947219 0.301595
v -0.467116 0.947219 0.301595
v -0.464509 -0.529671 0.128188
v -0.464509 0.529671 0.128188
v -0.460596 -0.353428 0.086119
v -0.460596 0.353428 0.086119
v -0.458575 -0.686306 0.178272
v -0.458575 0.686306 0.178272
v -0.456515 -1.70374 1.05721
v -0.456515 1.70374 1.05721
v -0.454152 0.0 0.052245
v -0.453179 -0.029702 0.052245
v -0.453179 0.029702 0.052245
v -0.450267 -0.059278 0.052245
v -0.450267 0.059278 0.052245
v -0.445808 -1.07628 0.374306
v -0.445808 1.07628 0.374306
v -0.445426 -0.0886 0.052245
v -0.445426 0.0886 0.052245
v -0.439579 -1.64053 0.943864
v -0.439579 1.64053 0.943864
v -0.439466 -1.29463 0.540272
v -0.439466 1.29463 0.540272
v -0.438677 -0.117543 0.052245
v -0.438677 0.117543 0.052245
v -0.436495 -0.382795 0.086119
v -0.436495 0.382795 0.086119
v -0.43005 -0.145982 0.052245
v -0.43005 0.145982 0.052245
v -0.428872 -0.558917 0.128188
v -0.428872 0.558917 0.128188
v -0.42076 -1.5703 0.835044
v -0.42076 1.5703 0.835044
v -0.419581 -0.173796 0.052245
v -0.419581 0.173796 0.052245
v -0.416986 -0.845565 0.236157
v -0.416986 0.845565 0.236157
v -0.412706 -0.714829 0.178272
v -0.412706 0.714829 0.178272
v -0.410524 -0.410524 0.086119
v -0.410524 0.410524 0.086119
v -0.407838 -1.20145 0.453979
v -0.407838 1.20145 0.453979
v -0.407316 -0.200866 0.052245
v -0.407316 0.200866 0.052245
v -0.404165 -0.975741 0.301595
v -0.404165 0.975741 0.301595
v -0.400139 -1.49334 0.731213
v -0.400139 1.49334 0.731213
v -0.393307 -0.227076 0.052245
v -0.393307 0.227076 0.052245
v -0.391398 -0.58577 0.128188
v -0.391398 0.58577 0.128188
v -0.390181 -1.96157 2.0
v -0.390181 1.96157 2.0
v -0.389972 -1.96052 1.93456
v -0.389972 -1.96052 2.0
v -0.389972 1.96052 1.93456
v -0.389972 1.96052 2.0
v -0.388301 -1.95212 1.80397
v -0.388301 1.95212 1.80397
v -0.384969 -1.93537 1.67421
v -0.384969 1.93537 1.67421
v -0.382795 -0.436495 0.086119
v -0.382795 0.436495 0.086119
v -0.379988 -1.91033 1.54585
v -0.379988 1.91033 1.54585
v -0.377805 -1.40999 0.632815
v -0.377805 1.40999 0.632815
v -0.377614 -0.252314 0.052245
v -0.377614 0.252314 0.052245
v -0.374462 -1.10313 0.374306
v -0.374462 1.10313 0.374306
v -0.373379 -1.87711 1.41943
v -0.373379 1.87711 1.41943
v -0.365473 -2.77604 84.0
v -0.365473 -2.77604 100.0
v -0.365473 2.77604 84.0
v -0.365473 2.77604 100.0
v -0.365171 -1.83584 1.2955
v -0.365171 1.83584 1.2955
v -0.365071 -0.740291 0.178272
v -0.365071 0.740291 0.178272
v -0.360791 -0.871027 0.236157
v -0.360791 0.871027 0.236157
v -0.360303 -0.27647 0.052245
v -0.360303 0.27647 0.052245
v -0.355401 -1.78672 1.17459
v -0.355401 1.78672 1.17459
v -0.353853 -1.3206 0.540272
v -0.353853 1.3206 0.540272
v -0.353428 -0.460596 0.086119
v -0.353428 0.460596 0.086119
v -0.352249 -0.610114 0.128188
v -0.352249 0.610114 0.128188
v -0.344109 -1.72995 1.05721
v -0.344109 1.72995 1.05721
v -0.34145 -0.299443 0.052245
v -0.34145 0.299443 0.052245
v -0.339483 -1.00009 0.301595
v -0.339483 1.00009 0.301595
v -0.331342 -1.66577 0.943864
v -0.331342 1.66577 0.943864
v -0.328385 -1.22555 0.453979
v -0.328385 1.22555 0.453979
v -0.32579 0.0 0.026712
v -0.325093 -0.021307 0.026712
v -0.325093 0.021307 0.026712
v -0.323003 -0.042523 0.026712
v -0.323003 0.042523 0.026712
v -0.322547 -0.482725 0.086119
v -0.322547 0.482725 0.086119
v -0.321134 -0.321134 0.052245
v -0.321134 0.321134 0.052245
v -0.31953 -0.063559 0.026712
v -0.31953 0.063559 0.026712
v -0.317157 -1.59446 0.835044
v -0.317157 1.59446 0.835044
v -0.315872 -0.762583 0.178272
v -0.315872 0.762583 0.178272
v -0.31469 -0.08432 0.026712
v -0.31469 0.08432 0.026712
v -0.311592 -0.631846 0.128188
v -0.311592 0.631846 0.128188
v -0.308501 -0.104722 0.026712
v -0.308501 0.104722 0.026712
v -0.303051 -0.892759 0.236157
v -0.303051 0.892759 0.236157
v -0.301613 -1.51631 0.731213
v -0.301613 1.51631 0.731213
v -0.301512 -1.12526 0.374306
v -0.301512 1.12526 0.374306
v -0.300991 -0.124675 0.026712
v -0.300991 0.124675 0.026712
v -0.299443 -0.34145 0.052245
v -0.299443 0.34145 0.052245
v -0.292192 -0.144094 0.026712
v -0.292192 0.144094 0.026712
v -0.290284 -0.502788 0.086119
v -0.290284 0.502788 0.086119
v -0.284779 -1.43168 0.632815
v -0.284779 1.43168 0.632815
v -0.282143 -0.162895 0.026712
v -0.282143 0.162895 0.026712
v -0.27647 -0.360303 0.052245
v -0.27647 0.360303 0.052245
v -0.273348 -1.02015 0.301595
v -0.273348 1.02015 0.301595
v -0.270885 -0.180999 0.026712
v -0.270885 0.180999 0.026712
v -0.2696 -0.650873 0.128188
v -0.2696 0.650873 0.128188
v -0.266724 -1.34091 0.540272
v -0.266724 1.34091 0.540272
v -0.26532 -0.781609 0.178272
v -0.26532 0.781609 0.178272
v -0.261052 -1.98289 2.0
v -0.261052 1.98289 2.0
v -0.260912 -1.98183 1.93456
v -0.260912 -1.98183 2.0
v -0.260912 1.98183 1.93456
v -0.260912 1.98183 2.0
v -0.259795 -1.97334 1.80397
v -0.259795 1.97334 1.80397
v -0.258467 -0.198328 0.026712
v -0.258467 0.198328 0.026712
v -0.257565 -1.9564 1.67421
v -0.257565 1.9564 1.67421
v -0.256779 -0.520697 0.086119
v -0.256779 0.520697 0.086119
v -0.254232 -1.93109 1.54585
v -0.254232 1.93109 1.54585
v -0.252314 -0.377614 0.052245
v -0.252314 0.377614 0.052245
v -0.249811 -1.89751 1.41943
v -0.249811 1.89751 1.41943
v -0.247527 -1.24441 0.453979
v -0.247527 1.24441 0.453979
v -0.244942 -0.214808 0.026712
v -0.244942 0.214808 0.026712
v -0.24432 -1.8558 1.2955
v -0.24432 1.8558 1.2955
v -0.244013 -0.910668 0.236157
v -0.244013 0.910668 0.236157
v -0.237782 -1.80614 1.17459
v -0.237782 1.80614 1.17459
v -0.230369 -0.230369 0.026712
v -0.230369 0.230369 0.026712
v -0.230227 -1.74875 1.05721
v -0.230227 1.74875 1.05721
v -0.227271 -1.14257 0.374306
v -0.227271 1.14257 0.374306
v -0.227076 -0.393307 0.052245
v -0.227076 0.393307 0.052245
v -0.226454 -0.667112 0.128188
v -0.226454 0.667112 0.128188
v -0.222174 -0.536376 0.086119
v -0.222174 0.536376 0.086119
v -0.221685 -1.68387 0.943864
v -0.221685 1.68387 0.943864
v -0.214808 -0.244942 0.026712
v -0.214808 0.244942 0.026712
v -0.213633 -0.797288 0.178272
v -0.213633 0.797288 0.178272
v -0.212195 -1.61178 0.835044
v -0.212195 1.61178 0.835044
v -0.206041 -1.03584 0.301595
v -0.206041 1.03584 0.301595
v -0.201796 -1.53279 0.731213
v -0.201796 1.53279 0.731213
v -0.200866 -0.407316 0.052245
v -0.200866 0.407316 0.052245
v -0.198328 -0.258467 0.026712
v -0.198328 0.258467 0.026712
v -0.196033 0.0 0.00963
v -0.195614 -0.012821 0.00963
v -0.195614 0.012821 0.00963
v -0.194357 -0.025587 0.00963
v -0.194357 0.025587 0.00963
v -0.192267 -0.038244 0.00963
v -0.192267 0.038244 0.00963
v -0.190533 -1.44724 0.632815
v -0.190533 1.44724 0.632815
v -0.189354 -0.050737 0.00963
v -0.189354 0.050737 0.00963
v -0.186618 -0.549758 0.086119
v -0.186618 0.549758 0.086119
v -0.18563 -0.063013 0.00963
v -0.18563 0.063013 0.00963
v -0.183929 -0.924678 0.236157
v -0.183929 0.924678 0.236157
v -0.183128 -2.794 84.0
v -0.183128 -2.794 100.0
v -0.183128 2.794 84.0
v -0.183128 2.794 100.0
v -0.182338 -0.680494 0.128188
v -0.182338 0.680494 0.128188
v -0.181111 -0.075019 0.00963
v -0.181111 0.075019 0.00963
v -0.180999 -0.270885 0.026712
v -0.180999 0.270885 0.026712
v -0.178452 -1.35549 0.540272
v -0.178452 1.35549 0.540272
v -0.175817 -0.086703 0.00963
v -0.175817 0.086703 0.00963
v -0.173796 -0.419581 0.052245
v -0.173796 0.419581 0.052245
v -0.16977 -0.098017 0.00963
v -0.16977 0.098017 0.00963
v -0.165609 -1.25793 0.453979
v -0.165609 1.25793 0.453979
v -0.162996 -0.108911 0.00963
v -0.162996 0.108911 0.00963
v -0.162895 -0.282143 0.026712
v -0.162895 0.282143 0.026712
v -0.16103 -0.809553 0.178272
v -0.16103 0.809553 0.178272
v -0.155524 -0.119338 0.00963
v -0.155524 0.119338 0.00963
v -0.152057 -1.15499 0.374306
v -0.152057 1.15499 0.374306
v -0.150262 -0.560786 0.086119
v -0.150262 0.560786 0.086119
v -0.147386 -0.129254 0.00963
v -0.147386 0.129254 0.00963
v -0.145982 -0.43005 0.052245
v -0.145982 0.43005 0.052245
v -0.144094 -0.292192 0.026712
v -0.144094 0.292192 0.026712
v -0.138617 -0.138617 0.00963
v -0.138617 0.138617 0.00963
v -0.137853 -1.0471 0.301595
v -0.137853 1.0471 0.301595
v -0.137441 -0.690963 0.128188
v -0.137441 0.690963 0.128188
v -0.130806 -1.99572 2.0
v -0.130806 1.99572 2.0
v -0.130735 -1.99465 1.93456
v -0.130735 -1.99465 2.0
v -0.130735 1.99465 1.93456
v -0.130735 1.99465 2.0
v -0.130176 -1.98611 1.80397
v -0.130176 1.98611 1.80397
v -0.129254 -0.147386 0.00963
v -0.129254 0.147386 0.00963
v -0.129059 -1.96906 1.67421
v -0.129059 1.96906 1.67421
v -0.127389 -1.94358 1.54585
v -0.127389 1.94358 1.54585
v -0.125174 -1.90978 1.41943
v -0.125174 1.90978 1.41943
v -0.124675 -0.300991 0.026712
v -0.124675 0.300991 0.026712
v -0.123058 -0.934728 0.236157
v -0.123058 0.934728 0.236157
v -0.122422 -1.8678 1.2955
v -0.122422 1.8678 1.2955
v -0.119338 -0.155524 0.00963
v -0.119338 0.155524 0.00963
v -0.119146 -1.81783 1.17459
v -0.119146 1.81783 1.17459
v -0.117543 -0.438677 0.052245
v -0.117543 0.438677 0.052245
v -0.11536 -1.76007 1.05721
v -0.11536 1.76007 1.05721
v -0.113263 -0.569413 0.086119
v -0.113263 0.569413 0.086119
v -0.11108 -1.69477 0.943864
v -0.11108 1.69477 0.943864
v -0.108911 -0.162996 0.00963
v -0.108911 0.162996 0.00963
v -0.107738 -0.818352 0.178272
v -0.107738 0.818352 0.178272
v -0.106325 -1.62221 0.835044
v -0.106325 1.62221 0.835044
v -0.104722 -0.308501 0.026712
v -0.104722 0.308501 0.026712
v -0.101114 -1.54271 0.731213
v -0.101114 1.54271 0.731213
v -0.098017 -0.16977 0.00963
v -0.098017 0.16977 0.00963
v -0.09547 -1.4566 0.632815
v -0.09547 1.4566 0.632815
v -0.091955 -0.698473 0.128188
v -0.091955 0.698473 0.128188
v -0.089418 -1.36426 0.540272
v -0.089418 1.36426 0.540272
v -0.0886 -0.445426 0.052245
v -0.0886 0.445426 0.052245
v -0.086703 -0.175817 0.00963
v -0.086703 0.175817 0.00963
v -0.08432 -0.31469 0.026712
v -0.08432 0.31469 0.026712
v -0.082982 -1.26607 0.453979
v -0.082982 1.26607 0.453979
v -0.076191 -1.16246 0.374306
v -0.076191 1.16246 0.374306
v -0.075779 -0.575602 0.086119
v -0.075779 0.575602 0.086119
v -0.075019 -0.181111 0.00963
v -0.075019 0.181111 0.00963
v -0.069074 -1.05387 0.301595
v -0.069074 1.05387 0.301595
v -0.065437 0.0 0.00107
v -0.065297 -0.004279 0.00107
v -0.065297 0.004279 0.00107
v -0.064878 -0.008541 0.00107
v -0.064878 0.008541 0.00107
v -0.06418 -0.012766 0.00107
v -0.06418 0.012766 0.00107
v -0.063559 -0.31953 0.026712
v -0.063559 0.31953 0.026712
v -0.063208 -0.016936 0.00107
v -0.063208 0.016936 0.00107
v -0.063013 -0.18563 0.00963
v -0.063013 0.18563 0.00963
v -0.061965 -0.021034 0.00107
v -0.061965 0.021034 0.00107
v -0.061661 -0.940774 0.236157
v -0.061661 0.940774 0.236157
v -0.060456 -0.025042 0.00107
v -0.060456 0.025042 0.00107
v -0.059278 -0.450267 0.052245
v -0.059278 0.450267 0.052245
v -0.058689 -0.028942 0.00107
v -0.058689 0.028942 0.00107
v -0.05667 -0.032719 0.00107
v -0.05667 0.032719 0.00107
v -0.054409 -0.036355 0.00107
v -0.054409 0.036355 0.00107
v -0.053985 -0.823647 0.178272
v -0.053985 0.823647 0.178272
v -0.051915 -0.039836 0.00107
v -0.051915 0.039836 0.00107
v -0.050737 -0.189354 0.00963
v -0.050737 0.189354 0.00963
v -0.049198 -0.043146 0.00107
v -0.049198 0.043146 0.00107
v -0.046271 -0.046271 0.00107
v -0.046271 0.046271 0.00107
v -0.046076 -0.702991 0.128188
v -0.046076 0.702991 0.128188
v -0.043146 -0.049198 0.00107
v -0.043146 0.049198 0.00107
v -0.042523 -0.323003 0.026712
v -0.042523 0.323003 0.026712
v -0.039836 -0.051915 0.00107
v -0.039836 0.051915 0.00107
v -0.038244 -0.192267 0.00963
v -0.038244 0.192267 0.00963
v -0.03797 -0.579326 0.086119
v -0.03797 0.579326 0.086119
v -0.036355 -0.054409 0.00107
v -0.036355 0.054409 0.00107
v -0.032719 -0.05667 0.00107
v -0.032719 0.05667 0.00107
v -0.029702 -0.453179 0.052245
v -0.029702 0.453179 0.052245
v -0.028942 -0.058689 0.00107
v -0.028942 0.058689 0.00107
v -0.025587 -0.194357 0.00963
v -0.025587 0.194357 0.00963
v -0.025042 -0.060456 0.00107
v -0.025042 0.060456 0.00107
v -0.021307 -0.325093 0.026712
v -0.021307 0.325093 0.026712
v -0.021034 -0.061965 0.00107
v -0.021034 0.061965 0.00107
v -0.016936 -0.063208 0.00107
v -0.016936 0.063208 0.00107
v -0.012821 -0.195614 0.00963
v -0.012821 0.195614 0.00963
v -0.012766 -0.06418 0.00107
v -0.012766 0.06418 0.00107
v -0.008541 -0.064878 0.00107
v -0.008541 0.064878 0.00107
v -0.004279 -0.065297 0.00107
v -0.004279 0.065297 0.00107
v 0.0 -22.5 92.0
v 0.0 -22.5 100.0
v 0.0 -15.0 39.0
v 0.0 -15.0 41.0
v 0.0 -15.0 43.0
v 0.0 -15.0 78.5
v 0.0 -15.0 80.5
v 0.0 -15.0 84.0
v 0.0 -14.4 41.0
v 0.0 -14.4 43.0
v 0.0 -14.4 78.5
v 0.0 -14.4 80.5
v 0.0 -2.8 84.0
v 0.0 -2.8 100.0
v 0.0 -2.0 2.0
v 0.0 -1.99893 1.93456
v 0.0 -1.99893 2.0
v 0.0 -1.99037 1.80397
v 0.0 -1.97329 1.67421
v 0.0 -1.94775 1.54585
v 0.0 -1.91388 1.41943
v 0.0 -1.87181 1.2955
v 0.0 -1.82173 1.17459
v 0.0 -1.76384 1.05721
v 0.0 -1.6984 0.943864
v 0.0 -1.62569 0.835044
v 0.0 -1.54602 0.731213
v 0.0 -1.45973 0.632815
v 0.0 -1.36718 0.540272
v 0.0 -1.26879 0.453979
v 0.0 -1.16496 0.374306
v 0.0 -1.05614 0.301595
v 0.0 -0.942793 0.236157
v 0.0 -0.825414 0.178272
v 0.0 -0.704499 0.128188
v 0.0 -0.580569 0.086119
v 0.0 -0.454152 0.052245
v 0.0 -0.32579 0.026712
v 0.0 -0.196033 0.00963
v 0.0 -0.065437 0.00107
v 0.0 0.065437 0.00107
v 0.0 0.196033 0.00963
v 0.0 0.32579 0.026712
v 0.0 0.454152 0.052245
v 0.0 0.580569 0.086119
v 0.0 0.704499 0.128188
v 0.0 0.825414 0.178272
v 0.0 0.942793 0.236157
v 0.0 1.05614 0.301595
v 0.0 1.16496 0.374306
v 0.0 1.26879 0.453979
v 0.0 1.36718 0.540272
v 0.0 1.45973 0.632815
v 0.0 1.54602 0.731213
v 0.0 1.62569 0.835044
v 0.0 1.6984 0.943864
v 0.0 1.76384 1.05721
v 0.0 1.82173 1.17459
v 0.0 1.87181 1.2955
v 0.0 1.91388 1.41943
v 0.0 1.94775 1.54585
v 0.0 1.97329 1.67421
v 0.0 1.99037 1.80397
v 0.0 1.99893 1.93456
v 0.0 1.99893 2.0
v 0.0 2.0 2.0
v 0.0 2.8 84.0
v 0.0 2.8 100.0
v 0.0 14.4 41.0
v 0.0 14.4 43.0
v 0.0 14.4 78.5
v 0.0 14.4 80.5
v 0.0 15.0 39.0
v 0.0 15.0 41.0
v 0.0 15.0 43.0
v 0.0 15.0 78.5
v 0.0 15.0 80.5
v 0.0 15.0 84.0
v 0.0 22.5 92.0
v 0.0 22.5 100.0
v 0.004279 -0.065297 0.00107
v 0.004279 0.065297 0.00107
v 0.008541 -0.064878 0.00107
v 0.008541 0.064878 0.00107
v 0.012766 -0.06418 0.00107
v 0.012766 0.06418 0.00107
v 0.012821 -0.195614 0.00963
v 0.012821 0.195614 0.00963
v 0.016936 -0.063208 0.00107
v 0.016936 0.063208 0.00107
v 0.021034 -0.061965 0.00107
v 0.021034 0.061965 0.00107
v 0.021307 -0.325093 0.026712
v 0.021307 0.325093 0.026712
v 0.025042 -0.060456 0.00107
v 0.025042 0.060456 0.00107
v 0.025587 -0.194357 0.00963
v 0.025587 0.194357 0.00963
v 0.028942 -0.058689 0.00107
v 0.028942 0.058689 0.00107
v 0.029702 -0.453179 0.052245
v 0.029702 0.453179 0.052245
v 0.032719 -0.05667 0.00107
v 0.032719 0.05667 0.00107
v 0.036355 -0.054409 0.00107
v 0.036355 0.054409 0.00107
v 0.03797 -0.579326 0.086119
v 0.03797 0.579326 0.086119
v 0.038244 -0.192267 0.00963
v 0.038244 0.192267 0.00963
v 0.039836 -0.051915 0.00107
v 0.039836 0.051915 0.00107
v 0.042523 -0.323003 0.026712
v 0.042523 0.323003 0.026712
v 0.043146 -0.049198 0.00107
v 0.043146 0.049198 0.00107
v 0.046076 -0.702991 0.128188
v 0.046076 0.702991 0.128188
v 0.046271 -0.046271 0.00107
v 0.046271 0.046271 0.00107
v 0.049198 -0.043146 0.00107
v 0.049198 0.043146 0.00107
v 0.050737 -0.189354 0.00963
v 0.050737 0.189354 0.00963
v 0.051915 -0.039836 0.00107
v 0.051915 0.039836 0.00107
v 0.053985 -0.823647 0.178272
v 0.053985 0.823647 0.178272
v 0.054409 -0.036355 0.00107
v 0.054409 0.036355 0.00107
v 0.05667 -0.032719 0.00107
v 0.05667 0.032719 0.00107
v 0.058689 -0.028942 0.00107
v 0.058689 0.028942 0.00107
v 0.059278 -0.450267 0.052245
v 0.059278 0.450267 0.052245
v 0.060456 -0.025042 0.00107
v 0.060456 0.025042 0.00107
v 0.061661 -0.940774 0.236157
v 0.061661 0.940774 0.236157
v 0.061965 -0.021034 0.00107
v 0.061965 0.021034 0.00107
v 0.063013 -0.18563 0.00963
v 0.063013 0.18563 0.00963
v 0.063208 -0.016936 0.00107
v 0.063208 0.016936 0.00107
v 0.063559 -0.31953 0.026712
v 0.063559 0.31953 0.026712
v 0.06418 -0.012766 0.00107
v 0.06418 0.012766 0.00107
v 0.064878 -0.008541 0.00107
v 0.064878 0.008541 0.00107
v 0.065297 -0.004279 0.00107
v 0.065297 0.004279 0.00107
v 0.065437 0.0 0.00107
v 0.069074 -1.05387 0.301595
v 0.069074 1.05387 0.301595
v 0.075019 -0.181111 0.00963
v 0.075019 0.181111 0.00963
v 0.075779 -0.575602 0.086119
v 0.075779 0.575602 0.086119
v 0.076191 -1.16246 0.374306
v 0.076191 1.16246 0.374306
v 0.082982 -1.26607 0.453979
v 0.082982 1.26607 0.453979
v 0.08432 -0.31469 0.026712
v 0.08432 0.31469 0.026712
v 0.086703 -0.175817 0.00963
v 0.086703 0.175817 0.00963
v 0.0886 -0.445426 0.052245
v 0.0886 0.445426 0.052245
v 0.089418 -1.36426 0.540272
v 0.089418 1.36426 0.540272
v 0.091955 -0.698473 0.128188
v 0.091955 0.698473 0.128188
v 0.09547 -1.4566 0.632815
v 0.09547 1.4566 0.632815
v 0.098017 -0.16977 0.00963
v 0.098017 0.16977 0.00963
v 0.101114 -1.54271 0.731213
v 0.101114 1.54271 0.731213
v 0.104722 -0.308501 0.026712
v 0.104722 0.308501 0.026712
v 0.106325 -1.62221 0.835044
v 0.106325 1.62221 0.835044
v 0.107738 -0.818352 0.178272
v 0.107738 0.818352 0.178272
v 0.108911 -0.162996 0.00963
v 0.108911 0.162996 0.00963
v 0.11108 -1.69477 0.943864
v 0.11108 1.69477 0.943864
v 0.113263 -0.569413 0.086119
v 0.113263 0.569413 0.086119
v 0.11536 -1.76007 1.05721
v 0.11536 1.76007 1.05721
v 0.117543 -0.438677 0.052245
v 0.117543 0.438677 0.052245
v 0.119146 -1.81783 1.17459
v 0.119146 1.81783 1.17459
v 0.119338 -0.155524 0.00963
v 0.119338 0.155524 0.00963
v 0.122422 -1.8678 1.2955
v 0.122422 1.8678 1.2955
v 0.123058 -0.934728 0.236157
v 0.123058 0.934728 0.236157
v 0.124675 -0.300991 0.026712
v 0.124675 0.300991 0.026712
v 0.125174 -1.90978 1.41943
v 0.125174 1.90978 1.41943
v 0.127389 -1.94358 1.54585
v 0.127389 1.94358 1.54585
v 0.129059 -1.96906 1.67421
v 0.129059 1.96906 1.67421
v 0.129254 -0.147386 0.00963
v 0.129254 0.147386 0.00963
v 0.130176 -1.98611 1.80397
v 0.130176 1.98611 1.80397
v 0.130735 -1.99465 1.93456
v 0.130735 -1.99465 2.0
v 0.130735 1.99465 1.93456
v 0.130735 1.99465 2.0
v 0.130806 -1.99572 2.0
v 0.130806 1.99572 2.0
v 0.137441 -0.690963 0.128188
v 0.137441 0.690963 0.128188
v 0.137853 -1.0471 0.301595
v 0.137853 1.0471 0.301595
v 0.138617 -0.138617 0.00963
v 0.138617 0.138617 0.00963
v 0.144094 -0.292192 0.026712
v 0.144094 0.292192 0.026712
v 0.145982 -0.43005 0.052245
v 0.145982 0.43005 0.052245
v 0.147386 -0.129254 0.00963
v 0.147386 0.129254 0.00963
v 0.150262 -0.560786 0.086119
v 0.150262 0.560786 0.086119
v 0.152057 -1.15499 0.374306
v 0.152057 1.15499 0.374306
v 0.155524 -0.119338 0.00963
v 0.155524 0.119338 0.00963
v 0.16103 -0.809553 0.178272
v 0.16103 0.809553 0.178272
v 0.162895 -0.282143 0.026712
v 0.162895 0.282143 0.026712
v 0.162996 -0.108911 0.00963
v 0.162996 0.108911 0.00963
v 0.165609 -1.25793 0.453979
v 0.165609 1.25793 0.453979
v 0.16977 -0.098017 0.00963
v 0.16977 0.098017 0.00963
v 0.173796 -0.419581 0.052245
v 0.173796 0.419581 0.052245
v 0.175817 -0.086703 0.00963
v 0.175817 0.086703 0.00963
v 0.178452 -1.35549 0.540272
v 0.178452 1.35549 0.540272
v 0.180999 -0.270885 0.026712
v 0.180999 0.270885 0.026712
v 0.181111 -0.075019 0.00963
v 0.181111 0.075019 0.00963
v 0.182338 -0.680494 0.128188
v 0.182338 0.680494 0.128188
v 0.183128 -2.794 84.0
v 0.183128 -2.794 100.0
v 0.183128 2.794 84.0
v 0.183128 2.794 100.0
v 0.183929 -0.924678 0.236157
v 0.183929 0.924678 0.236157
v 0.18563 -0.063013 0.00963
v 0.18563 0.063013 0.00963
v 0.186618 -0.549758 0.086119
v 0.186618 0.549758 0.086119
v 0.189354 -0.050737 0.00963
v 0.189354 0.050737 0.00963
v 0.190533 -1.44724 0.632815
v 0.190533 1.44724 0.632815
v 0.192267 -0.038244 0.00963
v 0.192267 0.038244 0.00963
v 0.194357 -0.025587 0.00963
v 0.194357 0.025587 0.00963
v 0.195614 -0.012821 0.00963
v 0.195614 0.012821 0.00963
v 0.196033 0.0 0.00963
v 0.198328 -0.258467 0.026712
v 0.198328 0.258467 0.026712
v 0.200866 -0.407316 0.052245
v 0.200866 0.407316 0.052245
v 0.201796 -1.53279 0.731213
v 0.201796 1.53279 0.731213
v 0.206041 -1.03584 0.301595
v 0.206041 1.03584 0.301595
v 0.212195 -1.61178 0.835044
v 0.212195 1.61178 0.835044
v 0.213633 -0.797288 0.178272
v 0.213633 0.797288 0.178272
v 0.214808 -0.244942 0.026712
v 0.214808 0.244942 0.026712
v 0.221685 -1.68387 0.943864
v 0.221685 1.68387 0.943864
v 0.222174 -0.536376 0.086119
v 0.222174 0.536376 0.086119
v 0.226454 -0.667112 0.128188
v 0.226454 0.667112 0.128188
v 0.227076 -0.393307 0.052245
v 0.227076 0.393307 0.052245
v 0.227271 -1.14257 0.374306
v 0.227271 1.14257 0.374306
v 0.230227 -1.74875 1.05721
v 0.230227 1.74875 1.05721
v 0.230369 -0.230369 0.026712
v 0.230369 0.230369 0.026712
v 0.237782 -1.80614 1.17459
v 0.237782 1.80614 1.17459
v 0.244013 -0.910668 0.236157
v 0.244013 0.910668 0.236157
v 0.24432 -1.8558 1.2955
v 0.24432 1.8558 1.2955
v 0.244942 -0.214808 0.026712
v 0.244942 0.214808 0.026712
v 0.247527 -1.24441 0.453979
v 0.247527 1.24441 0.453979
v 0.249811 -1.89751 1.41943
v 0.249811 1.89751 1.41943
v 0.252314 -0.377614 0.052245
v 0.252314 0.377614 0.052245
v 0.254232 -1.93109 1.54585
v 0.254232 1.93109 1.54585
v 0.256779 -0.520697 0.086119
v 0.256779 0.520697 0.086119
v 0.257565 -1.9564 1.67421
v 0.257565 1.9564 1.67421
v 0.258467 -0.198328 0.026712
v 0.258467 0.198328 0.026712
v 0.259795 -1.97334 1.80397
v 0.259795 1.97334 1.80397
v 0.260912 -1.98183 1.93456
v 0.260912 -1.98183 2.0
v 0.260912 1.98183 1.93456
v 0.260912 1.98183 2.0
v 0.261052 -1.98289 2.0
v 0.261052 1.98289 2.0
v 0.26532 -0.781609 0.178272
v 0.26532 0.781609 0.178272
v 0.266724 -1.34091 0.540272
v 0.266724 1.34091 0.540272
v 0.2696 -0.650873 0.128188
v 0.2696 0.650873 0.128188
v 0.270885 -0.180999 0.026712
v 0.270885 0.180999 0.026712
v 0.273348 -1.02015 0.301595
v 0.273348 1.02015 0.301595
v 0.27647 -0.360303 0.052245
v 0.27647 0.360303 0.052245
v 0.282143 -0.162895 0.026712
v 0.282143 0.162895 0.026712
v 0.284779 -1.43168 0.632815
v 0.284779 1.43168 0.632815
v 0.290284 -0.502788 0.086119
v 0.290284 0.502788 0.086119
v 0.292192 -0.144094 0.026712
v 0.292192 0.144094 0.026712
v 0.299443 -0.34145 0.052245
v 0.299443 0.34145 0.052245
v 0.300991 -0.124675 0.026712
v 0.300991 0.124675 0.026712
v 0.301512 -1.12526 0.374306
v 0.301512 1.12526 0.374306
v 0.301613 -1.51631 0.731213
v 0.301613 1.51631 0.731213
v 0.303051 -0.892759 0.236157
v 0.303051 0.892759 0.236157
v 0.308501 -0.104722 0.026712
v 0.308501 0.104722 0.026712
v 0.311592 -0.631846 0.128188
v 0.311592 0.631846 0.128188
v 0.31469 -0.08432 0.026712
v 0.31469 0.08432 0.026712
v 0.315872 -0.762583 0.178272
v 0.315872 0.762583 0.178272
v 0.317157 -1.59446 0.835044
v 0.317157 1.59446 0.835044
v 0.31953 -0.063559 0.026712
v 0.31953 0.063559 0.026712
v 0.321134 -0.321134 0.052245
v 0.321134 0.321134 0.052245
v 0.322547 -0.482725 0.086119
v 0.322547 0.482725 0.086119
v 0.323003 -0.042523 0.026712
v 0.323003 0.042523 0.026712
v 0.325093 -0.021307 0.026712
v 0.325093 0.021307 0.026712
v 0.32579 0.0 0.026712
v 0.328385 -1.22555 0.453979
v 0.328385 1.22555 0.453979
v 0.331342 -1.66577 0.943864
v 0.331342 1.66577 0.943864
v 0.339483 -1.00009 0.301595
v 0.339483 1.00009 0.301595
v 0.34145 -0.299443 0.052245
v 0.34145 0.299443 0.052245
v 0.344109 -1.72995 1.05721
v 0.344109 1.72995 1.05721
v 0.352249 -0.610114 0.128188
v 0.352249 0.610114 0.128188
v 0.353428 -0.460596 0.086119
v 0.353428 0.460596 0.086119
v 0.353853 -1.3206 0.540272
v 0.353853 1.3206 0.540272
v 0.355401 -1.78672 1.17459
v 0.355401 1.78672 1.17459
v 0.360303 -0.27647 0.052245
v 0.360303 0.27647 0.052245
v 0.360791 -0.871027 0.236157
v 0.360791 0.871027 0.236157
v 0.365071 -0.740291 0.178272
v 0.365071 0.740291 0.178272
v 0.365171 -1.83584 1.2955
v 0.365171 1.83584 1.2955
v 0.365473 -2.77604 84.0
v 0.365473 -2.77604 100.0
v 0.365473 2.77604 84.0
v 0.365473 2.77604 100.0
v 0.373379 -1.87711 1.41943
v 0.373379 1.87711 1.41943
v 0.374462 -1.10313 0.374306
v 0.374462 1.10313 0.374306
v 0.377614 -0.252314 0.052245
v 0.377614 0.252314 0.052245
v 0.377805 -1.40999 0.632815
v 0.377805 1.40999 0.632815
v 0.379988 -1.91033 1.54585
v 0.379988 1.91033 1.54585
v 0.382795 -0.436495 0.086119
v 0.382795 0.436495 0.086119
v 0.384969 -1.93537 1.67421
v 0.384969 1.93537 1.67421
v 0.388301 -1.95212 1.80397
v 0.388301 1.95212 1.80397
v 0.389972 -1.96052 1.93456
v 0.389972 -1.96052 2.0
v 0.389972 1.96052 1.93456
v 0.389972 1.96052 2.0
v 0.390181 -1.96157 2.0
v 0.390181 1.96157 2.0
v 0.391398 -0.58577 0.128188
v 0.391398 0.58577 0.128188
v 0.393307 -0.227076 0.052245
v 0.393307 0.227076 0.052245
v 0.400139 -1.49334 0.731213
v 0.400139 1.49334 0.731213
v 0.404165 -0.975741 0.301595
v 0.404165 0.975741 0.301595
v 0.407316 -0.200866 0.052245
v 0.407316 0.200866 0.052245
v 0.407838 -1.20145 0.453979
v 0.407838 1.20145 0.453979
v 0.410524 -0.410524 0.086119
v 0.410524 0.410524 0.086119
v 0.412706 -0.714829 0.178272
v 0.412706 0.714829 0.178272
v 0.416986 -0.845565 0.236157
v 0.416986 0.845565 0.236157
v 0.419581 -0.173796 0.052245
v 0.419581 0.173796 0.052245
v 0.42076 -1.5703 0.835044
v 0.42076 1.5703 0.835044
v 0.428872 -0.558917 0.128188
v 0.428872 0.558917 0.128188
v 0.43005 -0.145982 0.052245
v 0.43005 0.145982 0.052245
v 0.436495 -0.382795 0.086119
v 0.436495 0.382795 0.086119
v 0.438677 -0.117543 0.052245
v 0.438677 0.117543 0.052245
v 0.439466 -1.29463 0.540272
v 0.439466 1.29463 0.540272
v 0.439579 -1.64053 0.943864
v 0.439579 1.64053 0.943864
v 0.445426 -0.0886 0.052245
v 0.445426 0.0886 0.052245
v 0.445808 -1.07628 0.374306
v 0.445808 1.07628 0.374306
v 0.450267 -0.059278 0.052245
v 0.450267 0.059278 0.052245
v 0.453179 -0.029702 0.052245
v 0.453179 0.029702 0.052245
v 0.454152 0.0 0.052245
v 0.456515 -1.70374 1.05721
v 0.456515 1.70374 1.05721
v 0.458575 -0.686306 0.178272
v 0.458575 0.686306 0.178272
v 0.460596 -0.353428 0.086119
v 0.460596 0.353428 0.086119
v 0.464509 -0.529671 0.128188
v 0.464509 0.529671 0.128188
v 0.467116 -0.947219 0.301595
v 0.467116 0.947219 0.301595
v 0.469213 -1.38226 0.632815
v 0.469213 1.38226 0.632815
v 0.471396 -0.816483 0.236157
v 0.471396 0.816483 0.236157
v 0.471498 -1.75965 1.17459
v 0.471498 1.75965 1.17459
v 0.482725 -0.322547 0.086119
v 0.482725 0.322547 0.086119
v 0.48446 -1.80803 1.2955
v 0.48446 1.80803 1.2955
v 0.485543 -1.17221 0.453979
v 0.485543 1.17221 0.453979
v 0.495348 -1.84867 1.41943
v 0.495348 1.84867 1.41943
v 0.496952 -1.46397 0.731213
v 0.496952 1.46397 0.731213
v 0.498157 -0.498157 0.128188
v 0.498157 0.498157 0.128188
v 0.50248 -0.654844 0.178272
v 0.50248 0.654844 0.178272
v 0.502788 -0.290284 0.086119
v 0.502788 0.290284 0.086119
v 0.504115 -1.88139 1.54585
v 0.504115 1.88139 1.54585
v 0.510724 -1.90605 1.67421
v 0.510724 1.90605 1.67421
v 0.515145 -1.92255 1.80397
v 0.515145 1.92255 1.80397
v 0.515246 -1.04482 0.374306
v 0.515246 1.04482 0.374306
v 0.517361 -1.93082 1.93456
v 0.517361 -1.93082 2.0
v 0.517361 1.93082 1.93456
v 0.517361 1.93082 2.0
v 0.517637 -1.93185 2.0
v 0.517637 1.93185 2.0
v 0.520697 -0.256779 0.086119
v 0.520697 0.256779 0.086119
v 0.522561 -1.53942 0.835044
v 0.522561 1.53942 0.835044
v 0.523198 -1.26311 0.540272
v 0.523198 1.26311 0.540272
v 0.523787 -0.783904 0.236157
v 0.523787 0.783904 0.236157
v 0.528068 -0.914639 0.301595
v 0.528068 0.914639 0.301595
v 0.529671 -0.464509 0.128188
v 0.529671 0.464509 0.128188
v 0.536376 -0.222174 0.086119
v 0.536376 0.222174 0.086119
v 0.544232 -0.620579 0.178272
v 0.544232 0.620579 0.178272
v 0.545934 -1.60827 0.943864
v 0.545934 1.60827 0.943864
v 0.546252 -2.7462 84.0
v 0.546252 -2.7462 100.0
v 0.546252 2.7462 84.0
v 0.546252 2.7462 100.0
v 0.549758 -0.186618 0.086119
v 0.549758 0.186618 0.086119
v 0.558613 -1.34861 0.632815
v 0.558613 1.34861 0.632815
v 0.558917 -0.428872 0.128188
v 0.558917 0.428872 0.128188
v 0.560786 -0.150262 0.086119
v 0.560786 0.150262 0.086119
v 0.56117 -1.13794 0.453979
v 0.56117 1.13794 0.453979
v 0.566968 -1.67024 1.05721
v 0.566968 1.67024 1.05721
v 0.569413 -0.113263 0.086119
v 0.569413 0.113263 0.086119
v 0.573936 -0.747968 0.236157
v 0.573936 0.747968 0.236157
v 0.575602 -0.075779 0.086119
v 0.575602 0.075779 0.086119
v 0.579326 -0.03797 0.086119
v 0.579326 0.03797 0.086119
v 0.580569 0.0 0.086119
v 0.582478 -1.00888 0.374306
v 0.582478 1.00888 0.374306
v 0.583655 -0.583655 0.178272
v 0.583655 0.583655 0.178272
v 0.585575 -1.72505 1.17459
v 0.585575 1.72505 1.17459
v 0.58577 -0.391398 0.128188
v 0.58577 0.391398 0.128188
v 0.586757 -0.878144 0.301595
v 0.586757 0.878144 0.301595
v 0.591636 -1.42834 0.731213
v 0.591636 1.42834 0.731213
v 0.601674 -1.77247 1.2955
v 0.601674 1.77247 1.2955
v 0.60469 -1.22619 0.540272
v 0.60469 1.22619 0.540272
v 0.610114 -0.352249 0.128188
v 0.610114 0.352249 0.128188
v 0.615196 -1.81231 1.41943
v 0.615196 1.81231 1.41943
v 0.620579 -0.544232 0.178272
v 0.620579 0.544232 0.178272
v 0.621627 -0.708829 0.236157
v 0.621627 0.708829 0.236157
v 0.622126 -1.50194 0.835044
v 0.622126 1.50194 0.835044
v 0.626084 -1.84439 1.54585
v 0.626084 1.84439 1.54585
v 0.631846 -0.311592 0.128188
v 0.631846 0.311592 0.128188
v 0.634292 -1.86856 1.67421
v 0.634292 1.86856 1.67421
v 0.634393 -1.0988 0.453979
v 0.634393 1.0988 0.453979
v 0.639783 -1.88474 1.80397
v 0.639783 1.88474 1.80397
v 0.642534 -1.89285 1.93456
v 0.642534 -1.89285 2.0
v 0.642534 1.89285 1.93456
v 0.642534 1.89285 2.0
v 0.642879 -1.89386 2.0
v 0.642879 1.89386 2.0
v 0.642934 -0.837889 0.301595
v 0.642934 0.837889 0.301595
v 0.64562 -1.30919 0.632815
v 0.64562 1.30919 0.632815
v 0.647214 -0.968624 0.374306
v 0.647214 0.968624 0.374306
v 0.649951 -1.56912 0.943864
v 0.649951 1.56912 0.943864
v 0.650873 -0.2696 0.128188
v 0.650873 0.2696 0.128188
v 0.654844 -0.50248 0.178272
v 0.654844 0.50248 0.178272
v 0.666656 -0.666656 0.236157
v 0.666656 0.666656 0.236157
v 0.667112 -0.226454 0.128188
v 0.667112 0.226454 0.128188
v 0.674993 -1.62958 1.05721
v 0.674993 1.62958 1.05721
v 0.680494 -0.182338 0.128188
v 0.680494 0.182338 0.128188
v 0.683592 -1.18402 0.540272
v 0.683592 1.18402 0.540272
v 0.683787 -1.38658 0.731213
v 0.683787 1.38658 0.731213
v 0.686306 -0.458575 0.178272
v 0.686306 0.458575 0.178272
v 0.690963 -0.137441 0.128188
v 0.690963 0.137441 0.128188
v 0.696358 -0.794044 0.301595
v 0.696358 0.794044 0.301595
v 0.697145 -1.68306 1.17459
v 0.697145 1.68306 1.17459
v 0.698473 -0.091955 0.128188
v 0.698473 0.091955 0.128188
v 0.702991 -0.046076 0.128188
v 0.702991 0.046076 0.128188
v 0.704499 0.0 0.128188
v 0.7049 -1.05496 0.453979
v 0.7049 1.05496 0.453979
v 0.708829 -0.621627 0.236157
v 0.708829 0.621627 0.236157
v 0.70918 -0.924221 0.374306
v 0.70918 0.924221 0.374306
v 0.714829 -0.412706 0.178272
v 0.714829 0.412706 0.178272
v 0.716311 -1.72933 1.2955
v 0.716311 1.72933 1.2955
v 0.719026 -1.45804 0.835044
v 0.719026 1.45804 0.835044
v 0.724693 -2.70459 84.0
v 0.724693 -2.70459 100.0
v 0.724693 2.70459 84.0
v 0.724693 2.70459 100.0
v 0.729863 -1.26416 0.632815
v 0.729863 1.26416 0.632815
v 0.732409 -1.7682 1.41943
v 0.732409 1.7682 1.41943
v 0.740291 -0.365071 0.178272
v 0.740291 0.365071 0.178272
v 0.745373 -1.79949 1.54585
v 0.745373 1.79949 1.54585
v 0.7468 -0.7468 0.301595
v 0.7468 0.7468 0.301595
v 0.747968 -0.573936 0.236157
v 0.747968 0.573936 0.236157
v 0.751184 -1.52325 0.943864
v 0.751184 1.52325 0.943864
v 0.755143 -1.82308 1.67421
v 0.755143 1.82308 1.67421
v 0.759566 -1.13677 0.540272
v 0.759566 1.13677 0.540272
v 0.761681 -1.83886 1.80397
v 0.761681 1.83886 1.80397
v 0.762583 -0.315872 0.178272
v 0.762583 0.315872 0.178272
v 0.764956 -1.84677 1.93456
v 0.764956 -1.84677 2.0
v 0.764956 1.84677 1.93456
v 0.764956 1.84677 2.0
v 0.765367 -1.84776 2.0
v 0.765367 1.84776 2.0
v 0.768108 -0.875859 0.374306
v 0.768108 0.875859 0.374306
v 0.772388 -1.0066 0.453979
v 0.772388 1.0066 0.453979
v 0.77301 -1.33889 0.731213
v 0.77301 1.33889 0.731213
v 0.780128 -1.58194 1.05721
v 0.780128 1.58194 1.05721
v 0.781609 -0.26532 0.178272
v 0.781609 0.26532 0.178272
v 0.783904 -0.523787 0.236157
v 0.783904 0.523787 0.236157
v 0.794044 -0.696358 0.301595
v 0.794044 0.696358 0.301595
v 0.797288 -0.213633 0.178272
v 0.797288 0.213633 0.178272
v 0.805729 -1.63386 1.17459
v 0.805729 1.63386 1.17459
v 0.809553 -0.16103 0.178272
v 0.809553 0.16103 0.178272
v 0.810981 -1.21372 0.632815
v 0.810981 1.21372 0.632815
v 0.812846 -1.40789 0.835044
v 0.812846 1.40789 0.835044
v 0.816483 -0.471396 0.236157
v 0.816483 0.471396 0.236157
v 0.818352 -0.107738 0.178272
v 0.818352 0.107738 0.178272
v 0.823647 -0.053985 0.178272
v 0.823647 0.053985 0.178272
v 0.823748 -0.823748 0.374306
v 0.823748 0.823748 0.374306
v 0.825414 0.0 0.178272
v 0.827881 -1.67878 1.2955
v 0.827881 1.67878 1.2955
v 0.832289 -1.08466 0.540272
v 0.832289 1.08466 0.540272
v 0.836569 -0.953924 0.453979
v 0.836569 0.953924 0.453979
v 0.837889 -0.642934 0.301595
v 0.837889 0.642934 0.301595
v 0.845565 -0.416986 0.236157
v 0.845565 0.416986 0.236157
v 0.846487 -1.71651 1.41943
v 0.846487 1.71651 1.41943
v 0.849202 -1.47086 0.943864
v 0.849202 1.47086 0.943864
v 0.858923 -1.28547 0.731213
v 0.858923 1.28547 0.731213
v 0.861469 -1.74689 1.54585
v 0.861469 1.74689 1.54585
v 0.871027 -0.360791 0.236157
v 0.871027 0.360791 0.236157
v 0.872762 -1.76979 1.67421
v 0.872762 1.76979 1.67421
v 0.875859 -0.768108 0.374306
v 0.875859 0.768108 0.374306
v 0.878144 -0.586757 0.301595
v 0.878144 0.586757 0.301595
v 0.880318 -1.78511 1.80397
v 0.880318 1.78511 1.80397
v 0.881921 -1.52753 1.05721
v 0.881921 1.52753 1.05721
v 0.884103 -1.79278 1.93456
v 0.884103 -1.79278 2.0
v 0.884103 1.79278 1.93456
v 0.884103 1.79278 2.0
v 0.884577 -1.79375 2.0
v 0.884577 1.79375 2.0
v 0.888626 -1.15808 0.632815
v 0.888626 1.15808 0.632815
v 0.892759 -0.303051 0.236157
v 0.892759 0.303051 0.236157
v 0.897167 -0.897167 0.453979
v 0.897167 0.897167 0.453979
v 0.90003 -2.6514 84.0
v 0.90003 -2.6514 100.0
v 0.90003 2.6514 84.0
v 0.90003 2.6514 100.0
v 0.901447 -1.0279 0.540272
v 0.901447 1.0279 0.540272
v 0.903187 -1.35171 0.835044
v 0.903187 1.35171 0.835044
v 0.910668 -0.244013 0.236157
v 0.910668 0.244013 0.236157
v 0.910863 -1.57766 1.17459
v 0.910863 1.57766 1.17459
v 0.914639 -0.528068 0.301595
v 0.914639 0.528068 0.301595
v 0.924221 -0.70918 0.374306
v 0.924221 0.70918 0.374306
v 0.924678 -0.183929 0.236157
v 0.924678 0.183929 0.236157
v 0.934728 -0.123058 0.236157
v 0.934728 0.123058 0.236157
v 0.935905 -1.62104 1.2955
v 0.935905 1.62104 1.2955
v 0.940774 -0.061661 0.236157
v 0.940774 0.061661 0.236157
v 0.941157 -1.22654 0.731213
v 0.941157 1.22654 0.731213
v 0.941805 -14.3692 41.0
v 0.941805 -14.3692 43.0
v 0.941805 -14.3692 78.5
v 0.941805 -14.3692 80.5
v 0.941805 14.3692 41.0
v 0.941805 14.3692 43.0
v 0.941805 14.3692 78.5
v 0.941805 14.3692 80.5
v 0.942793 0.0 0.236157
v 0.943583 -1.41217 0.943864
v 0.943583 1.41217 0.943864
v 0.947219 -0.467116 0.301595
v 0.947219 0.467116 0.301595
v 0.953924 -0.836569 0.453979
v 0.953924 0.836569 0.453979
v 0.95694 -1.65747 1.41943
v 0.95694 1.65747 1.41943
v 0.962465 -1.09748 0.632815
v 0.962465 1.09748 0.632815
v 0.966745 -0.966745 0.540272
v 0.966745 0.966745 0.540272
v 0.968624 -0.647214 0.374306
v 0.968624 0.647214 0.374306
v 0.973877 -1.6868 1.54585
v 0.973877 1.6868 1.54585
v 0.975741 -0.404165 0.301595
v 0.975741 0.404165 0.301595
v 0.979938 -1.46658 1.05721
v 0.979938 1.46658 1.05721
v 0.981047 -14.9679 39.0
v 0.981047 -14.9679 41.0
v 0.981047 -14.9679 43.0
v 0.981047 -14.9679 78.5
v 0.981047 -14.9679 80.5
v 0.981047 -14.9679 84.0
v 0.981047 14.9679 39.0
v 0.981047 14.9679 41.0
v 0.981047 14.9679 43.0
v 0.981047 14.9679 78.5
v 0.981047 14.9679 80.5
v 0.981047 14.9679 84.0
v 0.986643 -1.70892 1.67421
v 0.986643 1.70892 1.67421
v 0.989659 -1.28975 0.835044
v 0.989659 1.28975 0.835044
v 0.995184 -1.72371 1.80397
v 0.995184 1.72371 1.80397
v 0.999464 -1.73112 1.93456
v 0.999464 -1.73112 2.0
v 0.999464 1.73112 1.93456
v 0.999464 1.73112 2.0
v 1.0 -1.73205 2.0
v 1.0 1.73205 2.0
v 1.00009 -0.339483 0.301595
v 1.00009 0.339483 0.301595
v 1.0066 -0.772388 0.453979
v 1.0066 0.772388 0.453979
v 1.00888 -0.582478 0.374306
v 1.00888 0.582478 0.374306
v 1.0121 -1.51471 1.17459
v 1.0121 1.51471 1.17459
v 1.01936 -1.16236 0.731213
v 1.01936 1.16236 0.731213
v 1.02015 -0.273348 0.301595
v 1.02015 0.273348 0.301595
v 1.0279 -0.901447 0.540272
v 1.0279 0.901447 0.540272
v 1.03218 -1.03218 0.632815
v 1.03218 1.03218 0.632815
v 1.03392 -1.34743 0.943864
v 1.03392 1.34743 0.943864
v 1.03584 -0.206041 0.301595
v 1.03584 0.206041 0.301595
v 1.03992 -1.55635 1.2955
v 1.03992 1.55635 1.2955
v 1.04482 -0.515246 0.374306
v 1.04482 0.515246 0.374306
v 1.0471 -0.137853 0.301595
v 1.0471 0.137853 0.301595
v 1.05387 -0.069074 0.301595
v 1.05387 0.069074 0.301595
v 1.05496 -0.7049 0.453979
v 1.05496 0.7049 0.453979
v 1.05614 0.0 0.301595
v 1.06329 -1.59133 1.41943
v 1.06329 1.59133 1.41943
v 1.07151 -2.58686 84.0
v 1.07151 -2.58686 100.0
v 1.07151 2.58686 84.0
v 1.07151 2.58686 100.0
v 1.07189 -1.22226 0.835044
v 1.07189 1.22226 0.835044
v 1.07376 -1.39935 1.05721
v 1.07376 1.39935 1.05721
v 1.07628 -0.445808 0.374306
v 1.07628 0.445808 0.374306
v 1.08211 -1.6195 1.54585
v 1.08211 1.6195 1.54585
v 1.08466 -0.832289 0.540272
v 1.08466 0.832289 0.540272
v 1.0932 -1.0932 0.731213
v 1.0932 1.0932 0.731213
v 1.0963 -1.64073 1.67421
v 1.0963 1.64073 1.67421
v 1.09748 -0.962465 0.632815
v 1.09748 0.962465 0.632815
v 1.0988 -0.634393 0.453979
v 1.0988 0.634393 0.453979
v 1.10313 -0.374462 0.374306
v 1.10313 0.374462 0.374306
v 1.10579 -1.65493 1.80397
v 1.10579 1.65493 1.80397
v 1.109 -1.44527 1.17459
v 1.109 1.44527 1.17459
v 1.11055 -1.66205 1.93456
v 1.11055 -1.66205 2.0
v 1.11055 1.66205 1.93456
v 1.11055 1.66205 2.0
v 1.11114 -1.66294 2.0
v 1.11114 1.66294 2.0
v 1.11983 -1.27693 0.943864
v 1.11983 1.27693 0.943864
v 1.12526 -0.301512 0.374306
v 1.12526 0.301512 0.374306
v 1.13677 -0.759566 0.540272
v 1.13677 0.759566 0.540272
v 1.13794 -0.56117 0.453979
v 1.13794 0.56117 0.453979
v 1.13949 -1.48501 1.2955
v 1.13949 1.48501 1.2955
v 1.14257 -0.227271 0.374306
v 1.14257 0.227271 0.374306
v 1.14954 -1.14954 0.835044
v 1.14954 1.14954 0.835044
v 1.15499 -0.152057 0.374306
v 1.15499 0.152057 0.374306
v 1.15808 -0.888626 0.632815
v 1.15808 0.888626 0.632815
v 1.16236 -1.01936 0.731213
v 1.16236 1.01936 0.731213
v 1.16246 -0.076191 0.374306
v 1.16246 0.076191 0.374306
v 1.16298 -1.32613 1.05721
v 1.16298 1.32613 1.05721
v 1.16496 0.0 0.374306
v 1.1651 -1.51838 1.41943
v 1.1651 1.51838 1.41943
v 1.17221 -0.485543 0.453979
v 1.17221 0.485543 0.453979
v 1.18402 -0.683592 0.540272
v 1.18402 0.683592 0.540272
v 1.18572 -1.54526 1.54585
v 1.18572 1.54526 1.54585
v 1.20095 -1.20095 0.943864
v 1.20095 1.20095 0.943864
v 1.20115 -1.36965 1.17459
v 1.20115 1.36965 1.17459
v 1.20126 -1.56551 1.67421
v 1.20126 1.56551 1.67421
v 1.20145 -0.407838 0.453979
v 1.20145 0.407838 0.453979
v 1.21166 -1.57907 1.80397
v 1.21166 1.57907 1.80397
v 1.21372 -0.810981 0.632815
v 1.21372 0.810981 0.632815
v 1.21687 -1.58586 1.93456
v 1.21687 -1.58586 2.0
v 1.21687 1.58586 1.93456
v 1.21687 1.58586 2.0
v 1.21752 -1.58671 2.0
v 1.21752 1.58671 2.0
v 1.22226 -1.07189 0.835044
v 1.22226 1.07189 0.835044
v 1.22555 -0.328385 0.453979
v 1.22555 0.328385 0.453979
v 1.22619 -0.60469 0.540272
v 1.22619 0.60469 0.540272
v 1.22654 -0.941157 0.731213
v 1.22654 0.941157 0.731213
v 1.23417 -1.4073 1.2955
v 1.23417 1.4073 1.2955
v 1.23841 -2.51124 84.0
v 1.23841 -2.51124 100.0
v 1.23841 2.51124 84.0
v 1.23841 2.51124 100.0
v 1.24441 -0.247527 0.453979
v 1.24441 0.247527 0.453979
v 1.24722 -1.24722 1.05721
v 1.24722 1.24722 1.05721
v 1.25793 -0.165609 0.453979
v 1.25793 0.165609 0.453979
v 1.26191 -1.43893 1.41943
v 1.26191 1.43893 1.41943
v 1.26311 -0.523198 0.540272
v 1.26311 0.523198 0.540272
v 1.26416 -0.729863 0.632815
v 1.26416 0.729863 0.632815
v 1.26607 -0.082982 0.453979
v 1.26607 0.082982 0.453979
v 1.26879 0.0 0.453979
v 1.27693 -1.11983 0.943864
v 1.27693 1.11983 0.943864
v 1.28424 -1.4644 1.54585
v 1.28424 1.4644 1.54585
v 1.28547 -0.858923 0.731213
v 1.28547 0.858923 0.731213
v 1.28816 -1.28816 1.17459
v 1.28816 1.28816 1.17459
v 1.28975 -0.989659 0.835044
v 1.28975 0.989659 0.835044
v 1.29463 -0.439466 0.540272
v 1.29463 0.439466 0.540272
v 1.30108 -1.48359 1.67421
v 1.30108 1.48359 1.67421
v 1.30919 -0.64562 0.632815
v 1.30919 0.64562 0.632815
v 1.31234 -1.49644 1.80397
v 1.31234 1.49644 1.80397
v 1.31799 -1.50287 1.93456
v 1.31799 -1.50287 2.0
v 1.31799 1.50287 1.93456
v 1.31799 1.50287 2.0
v 1.31869 -1.50368 2.0
v 1.31869 1.50368 2.0
v 1.3206 -0.353853 0.540272
v 1.3206 0.353853 0.540272
v 1.32357 -1.32357 1.2955
v 1.32357 1.32357 1.2955
v 1.32613 -1.16298 1.05721
v 1.32613 1.16298 1.05721
v 1.33889 -0.77301 0.731213
v 1.33889 0.77301 0.731213
v 1.34091 -0.266724 0.540272
v 1.34091 0.266724 0.540272
v 1.34743 -1.03392 0.943864
v 1.34743 1.03392 0.943864
v 1.34861 -0.558613 0.632815
v 1.34861 0.558613 0.632815
v 1.35171 -0.903187 0.835044
v 1.35171 0.903187 0.835044
v 1.35332 -1.35332 1.41943
v 1.35332 1.35332 1.41943
v 1.35549 -0.178452 0.540272
v 1.35549 0.178452 0.540272
v 1.36426 -0.089418 0.540272
v 1.36426 0.089418 0.540272
v 1.36718 0.0 0.540272
v 1.36965 -1.20115 1.17459
v 1.36965 1.20115 1.17459
v 1.37727 -1.37727 1.54585
v 1.37727 1.37727 1.54585
v 1.38226 -0.469213 0.632815
v 1.38226 0.469213 0.632815
v 1.38658 -0.683787 0.731213
v 1.38658 0.683787 0.731213
v 1.39532 -1.39532 1.67421
v 1.39532 1.39532 1.67421
v 1.39935 -1.07376 1.05721
v 1.39935 1.07376 1.05721
v 1.4 -2.42487 84.0
v 1.4 -2.42487 100.0
v 1.4 2.42487 84.0
v 1.4 2.42487 100.0
v 1.4073 -1.23417 1.2955
v 1.4073 1.23417 1.2955
v 1.4074 -1.4074 1.80397
v 1.4074 1.4074 1.80397
v 1.40789 -0.812846 0.835044
v 1.40789 0.812846 0.835044
v 1.40999 -0.377805 0.632815
v 1.40999 0.377805 0.632815
v 1.41217 -0.943583 0.943864
v 1.41217 0.943583 0.943864
v 1.41346 -1.41346 1.93456
v 1.41346 -1.41346 2.0
v 1.41346 1.41346 1.93456
v 1.41346 1.41346 2.0
v 1.41421 -1.41421 2.0
v 1.41421 1.41421 2.0
v 1.42834 -0.591636 0.731213
v 1.42834 0.591636 0.731213
v 1.43168 -0.284779 0.632815
v 1.43168 0.284779 0.632815
v 1.43893 -1.26191 1.41943
v 1.43893 1.26191 1.41943
v 1.44527 -1.109 1.17459
v 1.44527 1.109 1.17459
v 1.44724 -0.190533 0.632815
v 1.44724 0.190533 0.632815
v 1.4566 -0.09547 0.632815
v 1.4566 0.09547 0.632815
v 1.45804 -0.719026 0.835044
v 1.45804 0.719026 0.835044
v 1.45973 0.0 0.632815
v 1.46397 -0.496952 0.731213
v 1.46397 0.496952 0.731213
v 1.4644 -1.28424 1.54585
v 1.4644 1.28424 1.54585
v 1.46658 -0.979938 1.05721
v 1.46658 0.979938 1.05721
v 1.47086 -0.849202 0.943864
v 1.47086 0.849202 0.943864
v 1.47157 -22.451799 92.0
v 1.47157 -22.451799 100.0
v 1.47157 22.451799 92.0
v 1.47157 22.451799 100.0
v 1.48359 -1.30108 1.67421
v 1.48359 1.30108 1.67421
v 1.48501 -1.13949 1.2955
v 1.48501 1.13949 1.2955
v 1.49334 -0.400139 0.731213
v 1.49334 0.400139 0.731213
v 1.49644 -1.31234 1.80397
v 1.49644 1.31234 1.80397
v 1.50194 -0.622126 0.835044
v 1.50194 0.622126 0.835044
v 1.50287 -1.31799 1.93456
v 1.50287 -1.31799 2.0
v 1.50287 1.31799 1.93456
v 1.50287 1.31799 2.0
v 1.50368 -1.31869 2.0
v 1.50368 1.31869 2.0
v 1.51471 -1.0121 1.17459
v 1.51471 1.0121 1.17459
v 1.51631 -0.301613 0.731213
v 1.51631 0.301613 0.731213
v 1.51838 -1.1651 1.41943
v 1.51838 1.1651 1.41943
v 1.52325 -0.751184 0.943864
v 1.52325 0.751184 0.943864
v 1.52753 -0.881921 1.05721
v 1.52753 0.881921 1.05721
v 1.53279 -0.201796 0.731213
v 1.53279 0.201796 0.731213
v 1.53942 -0.522561 0.835044
v 1.53942 0.522561 0.835044
v 1.54271 -0.101114 0.731213
v 1.54271 0.101114 0.731213
v 1.54526 -1.18572 1.54585
v 1.54526 1.18572 1.54585
v 1.54602 0.0 0.731213
v 1.5556 -2.32811 84.0
v 1.5556 -2.32811 100.0
v 1.5556 2.32811 84.0
v 1.5556 2.32811 100.0
v 1.55635 -1.03992 1.2955
v 1.55635 1.03992 1.2955
v 1.56551 -1.20126 1.67421
v 1.56551 1.20126 1.67421
v 1.56912 -0.649951 0.943864
v 1.56912 0.649951 0.943864
v 1.5703 -0.42076 0.835044
v 1.5703 0.42076 0.835044
v 1.57766 -0.910863 1.17459
v 1.57766 0.910863 1.17459
v 1.57907 -1.21166 1.80397
v 1.57907 1.21166 1.80397
v 1.58194 -0.780128 1.05721
v 1.58194 0.780128 1.05721
v 1.58586 -1.21687 1.93456
v 1.58586 -1.21687 2.0
v 1.58586 1.21687 1.93456
v 1.58586 1.21687 2.0
v 1.58671 -1.21752 2.0
v 1.58671 1.21752 2.0
v 1.59133 -1.06329 1.41943
v 1.59133 1.06329 1.41943
v 1.59446 -0.317157 0.835044
v 1.59446 0.317157 0.835044
v 1.60827 -0.545934 0.943864
v 1.60827 0.545934 0.943864
v 1.61178 -0.212195 0.835044
v 1.61178 0.212195 0.835044
v 1.6195 -1.08211 1.54585
v 1.6195 1.08211 1.54585
v 1.62104 -0.935905 1.2955
v 1.62104 0.935905 1.2955
v 1.62221 -0.106325 0.835044
v 1.62221 0.106325 0.835044
v 1.62569 0.0 0.835044
v 1.62958 -0.674993 1.05721
v 1.62958 0.674993 1.05721
v 1.63386 -0.805729 1.17459
v 1.63386 0.805729 1.17459
v 1.64053 -0.439579 0.943864
v 1.64053 0.439579 0.943864
v 1.64073 -1.0963 1.67421
v 1.64073 1.0963 1.67421
v 1.65493 -1.10579 1.80397
v 1.65493 1.10579 1.80397
v 1.65747 -0.95694 1.41943
v 1.65747 0.95694 1.41943
v 1.66205 -1.11055 1.93456
v 1.66205 -1.11055 2.0
v 1.66205 1.11055 1.93456
v 1.66205 1.11055 2.0
v 1.66294 -1.11114 2.0
v 1.66294 1.11114 2.0
v 1.66577 -0.331342 0.943864
v 1.66577 0.331342 0.943864
v 1.67024 -0.566968 1.05721
v 1.67024 0.566968 1.05721
v 1.67878 -0.827881 1.2955
v 1.67878 0.827881 1.2955
v 1.68306 -0.697145 1.17459
v 1.68306 0.697145 1.17459
v 1.68387 -0.221685 0.943864
v 1.68387 0.221685 0.943864
v 1.6868 -0.973877 1.54585
v 1.6868 0.973877 1.54585
v 1.69477 -0.11108 0.943864
v 1.69477 0.11108 0.943864
v 1.6984 0.0 0.943864
v 1.70374 -0.456515 1.05721
v 1.70374 0.456515 1.05721
v 1.70453 -2.22139 84.0
v 1.70453 -2.22139 100.0
v 1.70453 2.22139 84.0
v 1.70453 2.22139 100.0
v 1.70892 -0.986643 1.67421
v 1.70892 0.986643 1.67421
v 1.71651 -0.846487 1.41943
v 1.71651 0.846487 1.41943
v 1.72371 -0.995184 1.80397
v 1.72371 0.995184 1.80397
v 1.72505 -0.585575 1.17459
v 1.72505 0.585575 1.17459
v 1.72933 -0.716311 1.2955
v 1.72933 0.716311 1.2955
v 1.72995 -0.344109 1.05721
v 1.72995 0.344109 1.05721
v 1.73112 -0.999464 1.93456
v 1.73112 -0.999464 2.0
v 1.73112 0.999464 1.93456
v 1.73112 0.999464 2.0
v 1.73205 -1.0 2.0
v 1.73205 1.0 2.0
v 1.74689 -0.861469 1.54585
v 1.74689 0.861469 1.54585
v 1.74875 -0.230227 1.05721
v 1.74875 0.230227 1.05721
v 1.75965 -0.471498 1.17459
v 1.75965 0.471498 1.17459
v 1.76007 -0.11536 1.05721
v 1.76007 0.11536 1.05721
v 1.76384 0.0 1.05721
v 1.7682 -0.732409 1.41943
v 1.7682 0.732409 1.41943
v 1.76979 -0.872762 1.67421
v 1.76979 0.872762 1.67421
v 1.77247 -0.601674 1.2955
v 1.77247 0.601674 1.2955
v 1.78511 -0.880318 1.80397
v 1.78511 0.880318 1.80397
v 1.78672 -0.355401 1.17459
v 1.78672 0.355401 1.17459
v 1.79278 -0.884103 1.93456
v 1.79278 -0.884103 2.0
v 1.79278 0.884103 1.93456
v 1.79278 0.884103 2.0
v 1.79375 -0.884577 2.0
v 1.79375 0.884577 2.0
v 1.79949 -0.745373 1.54585
v 1.79949 0.745373 1.54585
v 1.80614 -0.237782 1.17459
v 1.80614 0.237782 1.17459
v 1.80803 -0.48446 1.2955
v 1.80803 0.48446 1.2955
v 1.81231 -0.615196 1.41943
v 1.81231 0.615196 1.41943
v 1.81783 -0.119146 1.17459
v 1.81783 0.119146 1.17459
v 1.82173 0.0 1.17459
v 1.82308 -0.755143 1.67421
v 1.82308 0.755143 1.67421
v 1.83584 -0.365171 1.2955
v 1.83584 0.365171 1.2955
v 1.83886 -0.761681 1.80397
v 1.83886 0.761681 1.80397
v 1.84439 -0.626084 1.54585
v 1.84439 0.626084 1.54585
v 1.84617 -2.10515 84.0
v 1.84617 -2.10515 100.0
v 1.84617 2.10515 84.0
v 1.84617 2.10515 100.0
v 1.84677 -0.764956 1.93456
v 1.84677 -0.764956 2.0
v 1.84677 0.764956 1.93456
v 1.84677 0.764956 2.0
v 1.84776 -0.765367 2.0
v 1.84776 0.765367 2.0
v 1.84867 -0.495348 1.41943
v 1.84867 0.495348 1.41943
v 1.8558 -0.24432 1.2955
v 1.8558 0.24432 1.2955
v 1.8678 -0.122422 1.2955
v 1.8678 0.122422 1.2955
v 1.86856 -0.634292 1.67421
v 1.86856 0.634292 1.67421
v 1.87181 0.0 1.2955
v 1.87711 -0.373379 1.41943
v 1.87711 0.373379 1.41943
v 1.87958 -14.2768 41.0
v 1.87958 -14.2768 43.0
v 1.87958 -14.2768 78.5
v 1.87958 -14.2768 80.5
v 1.87958 14.2768 41.0
v 1.87958 14.2768 43.0
v 1.87958 14.2768 78.5
v 1.87958 14.2768 80.5
v 1.88139 -0.504115 1.54585
v 1.88139 0.504115 1.54585
v 1.88474 -0.639783 1.80397
v 1.88474 0.639783 1.80397
v 1.89285 -0.642534 1.93456
v 1.89285 -0.642534 2.0
v 1.89285 0.642534 1.93456
v 1.89285 0.642534 2.0
v 1.89386 -0.642879 2.0
v 1.89386 0.642879 2.0
v 1.89751 -0.249811 1.41943
v 1.89751 0.249811 1.41943
v 1.90605 -0.510724 1.67421
v 1.90605 0.510724 1.67421
v 1.90978 -0.125174 1.41943
v 1.90978 0.125174 1.41943
v 1.91033 -0.379988 1.54585
v 1.91033 0.379988 1.54585
v 1.91388 0.0 1.41943
v 1.92255 -0.515145 1.80397
v 1.92255 0.515145 1.80397
v 1.93082 -0.517361 1.93456
v 1.93082 -0.517361 2.0
v 1.93082 0.517361 1.93456
v 1.93082 0.517361 2.0
v 1.93109 -0.254232 1.54585
v 1.93109 0.254232 1.54585
v 1.93185 -0.517637 2.0
v 1.93185 0.517637 2.0
v 1.93537 -0.384969 1.67421
v 1.93537 0.384969 1.67421
v 1.94358 -0.127389 1.54585
v 1.94358 0.127389 1.54585
v 1.94775 0.0 1.54585
v 1.95212 -0.388301 1.80397
v 1.95212 0.388301 1.80397
v 1.9564 -0.257565 1.67421
v 1.9564 0.257565 1.67421
v 1.95789 -14.8717 39.0
v 1.95789 -14.8717 41.0
v 1.95789 -14.8717 43.0
v 1.95789 -14.8717 78.5
v 1.95789 -14.8717 80.5
v 1.95789 -14.8717 84.0
v 1.95789 14.8717 39.0
v 1.95789 14.8717 41.0
v 1.95789 14.8717 43.0
v 1.95789 14.8717 78.5
v 1.95789 14.8717 80.5
v 1.95789 14.8717 84.0
v 1.96052 -0.389972 1.93456
v 1.96052 -0.389972 2.0
v 1.96052 0.389972 1.93456
v 1.96052 0.389972 2.0
v 1.96157 -0.390181 2.0
v 1.96157 0.390181 2.0
v 1.96906 -0.129059 1.67421
v 1.96906 0.129059 1.67421
v 1.97329 0.0 1.67421
v 1.97334 -0.259795 1.80397
v 1.97334 0.259795 1.80397
v 1.9799 -1.9799 84.0
v 1.9799 -1.9799 100.0
v 1.9799 1.9799 84.0
v 1.9799 1.9799 100.0
v 1.98183 -0.260912 1.93456
v 1.98183 -0.260912 2.0
v 1.98183 0.260912 1.93456
v 1.98183 0.260912 2.0
v 1.98289 -0.261052 2.0
v 1.98289 0.261052 2.0
v 1.98611 -0.130176 1.80397
v 1.98611 0.130176 1.80397
v 1.99037 0.0 1.80397
v 1.99465 -0.130735 1.93456
v 1.99465 -0.130735 2.0
v 1.99465 0.130735 1.93456
v 1.99465 0.130735 2.0
v 1.99572 -0.130806 2.0
v 1.99572 0.130806 2.0
v 1.99893 0.0 1.93456
v 1.99893 0.0 2.0
v 2.0 0.0 2.0
v 2.10515 -1.84617 84.0
v 2.10515 -1.84617 100.0
v 2.10515 1.84617 84.0
v 2.10515 1.84617 100.0
v 2.22139 -1.70453 84.0
v 2.22139 -1.70453 100.0
v 2.22139 1.70453 84.0
v 2.22139 1.70453 100.0
v 2.32811 -1.5556 84.0
v 2.32811 -1.5556 100.0
v 2.32811 1.5556 84.0
v 2.32811 1.5556 100.0
v 2.42487 -1.4 84.0
v 2.42487 -1.4 100.0
v 2.42487 1.4 84.0
v 2.42487 1.4 100.0
v 2.51124 -1.23841 84.0
v 2.51124 -1.23841 100.0
v 2.51124 1.23841 84.0
v 2.51124 1.23841 100.0
v 2.58686 -1.07151 84.0
v 2.58686 -1.07151 100.0
v 2.58686 1.07151 84.0
v 2.58686 1.07151 100.0
v 2.6514 -0.90003 84.0
v 2.6514 -0.90003 100.0
v 2.6514 0.90003 84.0
v 2.6514 0.90003 100.0
v 2.70459 -0.724693 84.0
v 2.70459 -0.724693 100.0
v 2.70459 0.724693 84.0
v 2.70459 0.724693 100.0
v 2.7462 -0.546252 84.0
v 2.7462 -0.546252 100.0
v 2.7462 0.546252 84.0
v 2.7462 0.546252 100.0
v 2.77604 -0.365473 84.0
v 2.77604 -0.365473 100.0
v 2.77604 0.365473 84.0
v 2.77604 0.365473 100.0
v 2.794 -0.183128 84.0
v 2.794 -0.183128 100.0
v 2.794 0.183128 84.0
v 2.794 0.183128 100.0
v 2.8 0.0 84.0
v 2.8 0.0 100.0
v 2.8093 -14.1233 41.0
v 2.8093 -14.1233 43.0
v 2.8093 -14.1233 78.5
v 2.8093 -14.1233 80.5
v 2.8093 14.1233 41.0
v 2.8093 14.1233 43.0
v 2.8093 14.1233 78.5
v 2.8093 14.1233 80.5
v 2.92635 -14.7118 39.0
v 2.92635 -14.7118 41.0
v 2.92635 -14.7118 43.0
v 2.92635 -14.7118 78.5
v 2.92635 -14.7118 80.5
v 2.92635 -14.7118 84.0
v 2.92635 14.7118 39.0
v 2.92635 14.7118 41.0
v 2.92635 14.7118 43.0
v 2.92635 14.7118 78.5
v 2.92635 14.7118 80.5
v 2.92635 14.7118 84.0
v 2.93684 -22.307501 92.0
v 2.93684 -22.307501 100.0
v 2.93684 22.307501 92.0
v 2.93684 22.307501 100.0
v 3.72699 -13.9093 41.0
v 3.72699 -13.9093 43.0
v 3.72699 -13.9093 78.5
v 3.72699 -13.9093 80.5
v 3.72699 13.9093 41.0
v 3.72699 13.9093 43.0
v 3.72699 13.9093 78.5
v 3.72699 13.9093 80.5
v 3.88229 -14.4889 39.0
v 3.88229 -14.4889 41.0
v 3.88229 -14.4889 43.0
v 3.88229 -14.4889 78.5
v 3.88229 -14.4889 80.5
v 3.88229 -14.4889 84.0
v 3.88229 14.4889 39.0
v 3.88229 14.4889 41.0
v 3.88229 14.4889 43.0
v 3.88229 14.4889 78.5
v 3.88229 14.4889 80.5
v 3.88229 14.4889 84.0
v 4.38953 -22.067699 92.0
v 4.38953 -22.067699 100.0
v 4.38953 22.067699 92.0
v 4.38953 22.067699 100.0
v 4.62873 -13.6358 41.0
v 4.62873 -13.6358 43.0
v 4.62873 -13.6358 78.5
v 4.62873 -13.6358 80.5
v 4.62873 13.6358 41.0
v 4.62873 13.6358 43.0
v 4.62873 13.6358 78.5
v 4.62873 13.6358 80.5
v 4.82159 -14.204 39.0
v 4.82159 -14.204 41.0
v 4.82159 -14.204 43.0
v 4.82159 -14.204 78.5
v 4.82159 -14.204 80.5
v 4.82159 -14.204 84.0
v 4.82159 14.204 39.0
v 4.82159 14.204 41.0
v 4.82159 14.204 43.0
v 4.82159 14.204 78.5
v 4.82159 14.204 80.5
v 4.82159 14.204 84.0
v 5.51064 -13.3039 41.0
v 5.51064 -13.3039 43.0
v 5.51064 -13.3039 78.5
v 5.51064 -13.3039 80.5
v 5.51064 13.3039 41.0
v 5.51064 13.3039 43.0
v 5.51064 13.3039 78.5
v 5.51064 13.3039 80.5
v 5.74025 -13.8582 39.0
v 5.74025 -13.8582 41.0
v 5.74025 -13.8582 43.0
v 5.74025 -13.8582 78.5
v 5.74025 -13.8582 80.5
v 5.74025 -13.8582 84.0
v 5.74025 13.8582 39.0
v 5.74025 13.8582 41.0
v 5.74025 13.8582 43.0
v 5.74025 13.8582 78.5
v 5.74025 13.8582 80.5
v 5.74025 13.8582 84.0
v 5.82343 -21.733299 92.0
v 5.82343 -21.733299 100.0
v 5.82343 21.733299 92.0
v 5.82343 21.733299 100.0
v 6.36896 -12.915 41.0
v 6.36896 -12.915 43.0
v 6.36896 -12.915 78.5
v 6.36896 -12.915 80.5
v 6.36896 12.915 41.0
v 6.36896 12.915 43.0
v 6.36896 12.915 78.5
v 6.36896 12.915 80.5
v 6.63433 -13.4531 39.0
v 6.63433 -13.4531 41.0
v 6.63433 -13.4531 43.0
v 6.63433 -13.4531 78.5
v 6.63433 -13.4531 80.5
v 6.63433 -13.4531 84.0
v 6.63433 13.4531 39.0
v 6.63433 13.4531 41.0
v 6.63433 13.4531 43.0
v 6.63433 13.4531 78.5
v 6.63433 13.4531 80.5
v 6.63433 13.4531 84.0
v 7.2 -12.4708 41.0
v 7.2 -12.4708 43.0
v 7.2 -12.4708 78.5
v 7.2 -12.4708 80.5
v 7.2 12.4708 41.0
v 7.2 12.4708 43.0
v 7.2 12.4708 78.5
v 7.2 12.4708 80.5
v 7.23239 -21.305901 92.0
v 7.23239 -21.305901 100.0
v 7.23239 21.305901 92.0
v 7.23239 21.305901 100.0
v 7.5 -12.9904 39.0
v 7.5 -12.9904 41.0
v 7.5 -12.9904 43.0
v 7.5 -12.9904 78.5
v 7.5 -12.9904 80.5
v 7.5 -12.9904 84.0
v 7.5 12.9904 39.0
v 7.5 12.9904 41.0
v 7.5 12.9904 43.0
v 7.5 12.9904 78.5
v 7.5 12.9904 80.5
v 7.5 12.9904 84.0
v 8.00021 -11.9732 41.0
v 8.00021 -11.9732 43.0
v 8.00021 -11.9732 78.5
v 8.00021 -11.9732 80.5
v 8.00021 11.9732 41.0
v 8.00021 11.9732 43.0
v 8.00021 11.9732 78.5
v 8.00021 11.9732 80.5
v 8.33355 -12.472 39.0
v 8.33355 -12.472 41.0
v 8.33355 -12.472 43.0
v 8.33355 -12.472 78.5
v 8.33355 -12.472 80.5
v 8.33355 -12.472 84.0
v 8.33355 12.472 39.0
v 8.33355 12.472 41.0
v 8.33355 12.472 43.0
v 8.33355 12.472 78.5
v 8.33355 12.472 80.5
v 8.33355 12.472 84.0
v 8.61038 -20.7873 92.0
v 8.61038 -20.7873 100.0
v 8.61038 20.7873 92.0
v 8.61038 20.7873 100.0
v 8.76616 -11.4243 41.0
v 8.76616 -11.4243 43.0
v 8.76616 -11.4243 78.5
v 8.76616 -11.4243 80.5
v 8.76616 11.4243 41.0
v 8.76616 11.4243 43.0
v 8.76616 11.4243 78.5
v 8.76616 11.4243 80.5
v 9.13142 -11.9003 39.0
v 9.13142 -11.9003 41.0
v 9.13142 -11.9003 43.0
v 9.13142 -11.9003 78.5
v 9.13142 -11.9003 80.5
v 9.13142 -11.9003 84.0
v 9.13142 11.9003 39.0
v 9.13142 11.9003 41.0
v 9.13142 11.9003 43.0
v 9.13142 11.9003 78.5
v 9.13142 11.9003 80.5
v 9.13142 11.9003 84.0
v 9.49458 -10.8265 41.0
v 9.49458 -10.8265 43.0
v 9.49458 -10.8265 78.5
v 9.49458 -10.8265 80.5
v 9.49458 10.8265 41.0
v 9.49458 10.8265 43.0
v 9.49458 10.8265 78.5
v 9.49458 10.8265 80.5
v 9.89019 -11.2776 39.0
v 9.89019 -11.2776 41.0
v 9.89019 -11.2776 43.0
v 9.89019 -11.2776 78.5
v 9.89019 -11.2776 80.5
v 9.89019 -11.2776 84.0
v 9.89019 11.2776 39.0
v 9.89019 11.2776 41.0
v 9.89019 11.2776 43.0
v 9.89019 11.2776 78.5
v 9.89019 11.2776 80.5
v 9.89019 11.2776 84.0
v 9.9515 -20.1796 92.0
v 9.9515 -20.1796 100.0
v 9.9515 20.1796 92.0
v 9.9515 20.1796 100.0
v 10.1823 -10.1823 41.0
v 10.1823 -10.1823 43.0
v 10.1823 -10.1823 78.5
v 10.1823 -10.1823 80.5
v 10.1823 10.1823 41.0
v 10.1823 10.1823 43.0
v 10.1823 10.1823 78.5
v 10.1823 10.1823 80.5
v 10.6066 -10.6066 39.0
v 10.6066 -10.6066 41.0
v 10.6066 -10.6066 43.0
v 10.6066 -10.6066 78.5
v 10.6066 -10.6066 80.5
v 10.6066 -10.6066 84.0
v 10.6066 10.6066 39.0
v 10.6066 10.6066 41.0
v 10.6066 10.6066 43.0
v 10.6066 10.6066 78.5
v 10.6066 10.6066 80.5
v 10.6066 10.6066 84.0
v 10.8265 -9.49458 41.0
v 10.8265 -9.49458 43.0
v 10.8265 -9.49458 78.5
v 10.8265 -9.49458 80.5
v 10.8265 9.49458 41.0
v 10.8265 9.49458 43.0
v 10.8265 9.49458 78.5
v 10.8265 9.49458 80.5
v 11.25 -19.4856 92.0
v 11.25 -19.4856 100.0
v 11.25 19.4856 92.0
v 11.25 19.4856 100.0
v 11.2776 -9.89019 39.0
v 11.2776 -9.89019 41.0
v 11.2776 -9.89019 43.0
v 11.2776 -9.89019 78.5
v 11.2776 -9.89019 80.5
v 11.2776 -9.89019 84.0
v 11.2776 9.89019 39.0
v 11.2776 9.89019 41.0
v 11.2776 9.89019 43.0
v 11.2776 9.89019 78.5
v 11.2776 9.89019 80.5
v 11.2776 9.89019 84.0
v 11.4243 -8.76616 41.0
v 11.4243 -8.76616 43.0
v 11.4243 -8.76616 78.5
v 11.4243 -8.76616 80.5
v 11.4243 8.76616 41.0
v 11.4243 8.76616 43.0
v 11.4243 8.76616 78.5
v 11.4243 8.76616 80.5
v 11.9003 -9.13142 39.0
v 11.9003 -9.13142 41.0
v 11.9003 -9.13142 43.0
v 11.9003 -9.13142 78.5
v 11.9003 -9.13142 80.5
v 11.9003 -9.13142 84.0
v 11.9003 9.13142 39.0
v 11.9003 9.13142 41.0
v 11.9003 9.13142 43.0
v 11.9003 9.13142 78.5
v 11.9003 9.13142 80.5
v 11.9003 9.13142 84.0
v 11.9732 -8.00021 41.0
v 11.9732 -8.00021 43.0
v 11.9732 -8.00021 78.5
v 11.9732 -8.00021 80.5
v 11.9732 8.00021 41.0
v 11.9732 8.00021 43.0
v 11.9732 8.00021 78.5
v 11.9732 8.00021 80.5
v 12.4708 -7.2 41.0
v 12.4708 -7.2 43.0
v 12.4708 -7.2 78.5
v 12.4708 -7.2 80.5
v 12.4708 7.2 41.0
v 12.4708 7.2 43.0
v 12.4708 7.2 78.5
v 12.4708 7.2 80.5
v 12.472 -8.33355 39.0
v 12.472 -8.33355 41.0
v 12.472 -8.33355 43.0
v 12.472 -8.33355 78.5
v 12.472 -8.33355 80.5
v 12.472 -8.33355 84.0
v 12.472 8.33355 39.0
v 12.472 8.33355 41.0
v 12.472 8.33355 43.0
v 12.472 8.33355 78.5
v 12.472 8.33355 80.5
v 12.472 8.33355 84.0
v 12.5003 -18.708099 92.0
v 12.5003 -18.708099 100.0
v 12.5003 18.708099 92.0
v 12.5003 18.708099 100.0
v 12.915 -6.36896 41.0
v 12.915 -6.36896 43.0
v 12.915 -6.36896 78.5
v 12.915 -6.36896 80.5
v 12.915 6.36896 41.0
v 12.915 6.36896 43.0
v 12.915 6.36896 78.5
v 12.915 6.36896 80.5
v 12.9904 -7.5 39.0
v 12.9904 -7.5 41.0
v 12.9904 -7.5 43.0
v 12.9904 -7.5 78.5
v 12.9904 -7.5 80.5
v 12.9904 -7.5 84.0
v 12.9904 7.5 39.0
v 12.9904 7.5 41.0
v 12.9904 7.5 43.0
v 12.9904 7.5 78.5
v 12.9904 7.5 80.5
v 12.9904 7.5 84.0
v 13.0 -7.482 46.5
v 13.0 -7.482 76.5
v 13.0 7.482 46.5
v 13.0 7.482 76.5
v 13.3039 -5.51064 41.0
v 13.3039 -5.51064 43.0
v 13.3039 -5.51064 78.5
v 13.3039 -5.51064 80.5
v 13.3039 5.51064 41.0
v 13.3039 5.51064 43.0
v 13.3039 5.51064 78.5
v 13.3039 5.51064 80.5
v 13.4531 -6.63433 39.0
v 13.4531 -6.63433 41.0
v 13.4531 -6.63433 43.0
v 13.4531 -6.63433 46.5
v 13.4531 -6.63433 76.5
v 13.4531 -6.63433 78.5
v 13.4531 -6.63433 80.5
v 13.4531 -6.63433 84.0
v 13.4531 6.63433 39.0
v 13.4531 6.63433 41.0
v 13.4531 6.63433 43.0
v 13.4531 6.63433 46.5
v 13.4531 6.63433 76.5
v 13.4531 6.63433 78.5
v 13.4531 6.63433 80.5
v 13.4531 6.63433 84.0
v 13.6358 -4.62873 41.0
v 13.6358 -4.62873 43.0
v 13.6358 -4.62873 78.5
v 13.6358 -4.62873 80.5
v 13.6358 4.62873 41.0
v 13.6358 4.62873 43.0
v 13.6358 4.62873 78.5
v 13.6358 4.62873 80.5
v 13.6971 -17.850401 92.0
v 13.6971 -17.850401 100.0
v 13.6971 17.850401 92.0
v 13.6971 17.850401 100.0
v 13.8582 -5.74025 39.0
v 13.8582 -5.74025 41.0
v 13.8582 -5.74025 43.0
v 13.8582 -5.74025 46.5
v 13.8582 -5.74025 76.5
v 13.8582 -5.74025 78.5
v 13.8582 -5.74025 80.5
v 13.8582 -5.74025 84.0
v 13.8582 5.74025 39.0
v 13.8582 5.74025 41.0
v 13.8582 5.74025 43.0
v 13.8582 5.74025 46.5
v 13.8582 5.74025 76.5
v 13.8582 5.74025 78.5
v 13.8582 5.74025 80.5
v 13.8582 5.74025 84.0
v 13.9093 -3.72699 41.0
v 13.9093 -3.72699 43.0
v 13.9093 -3.72699 78.5
v 13.9093 -3.72699 80.5
v 13.9093 3.72699 41.0
v 13.9093 3.72699 43.0
v 13.9093 3.72699 78.5
v 13.9093 3.72699 80.5
v 14.1233 -2.8093 41.0
v 14.1233 -2.8093 43.0
v 14.1233 -2.8093 78.5
v 14.1233 -2.8093 80.5
v 14.1233 2.8093 41.0
v 14.1233 2.8093 43.0
v 14.1233 2.8093 78.5
v 14.1233 2.8093 80.5
v 14.204 -4.82159 39.0
v 14.204 -4.82159 41.0
v 14.204 -4.82159 43.0
v 14.204 -4.82159 46.5
v 14.204 -4.82159 76.5
v 14.204 -4.82159 78.5
v 14.204 -4.82159 80.5
v 14.204 -4.82159 84.0
v 14.204 4.82159 39.0
v 14.204 4.82159 41.0
v 14.204 4.82159 43.0
v 14.204 4.82159 46.5
v 14.204 4.82159 76.5
v 14.204 4.82159 78.5
v 14.204 4.82159 80.5
v 14.204 4.82159 84.0
v 14.2768 -1.87958 41.0
v 14.2768 -1.87958 43.0
v 14.2768 -1.87958 78.5
v 14.2768 -1.87958 80.5
v 14.2768 1.87958 41.0
v 14.2768 1.87958 43.0
v 14.2768 1.87958 78.5
v 14.2768 1.87958 80.5
v 14.3692 -0.941805 41.0
v 14.3692 -0.941805 43.0
v 14.3692 -0.941805 78.5
v 14.3692 -0.941805 80.5
v 14.3692 0.941805 41.0
v 14.3692 0.941805 43.0
v 14.3692 0.941805 78.5
v 14.3692 0.941805 80.5
v 14.4 0.0 41.0
v 14.4 0.0 43.0
v 14.4 0.0 78.5
v 14.4 0.0 80.5
v 14.4889 -3.88229 39.0
v 14.4889 -3.88229 41.0
v 14.4889 -3.88229 43.0
v 14.4889 -3.88229 46.5
v 14.4889 -3.88229 76.5
v 14.4889 -3.88229 78.5
v 14.4889 -3.88229 80.5
v 14.4889 -3.88229 84.0
v 14.4889 3.88229 39.0
v 14.4889 3.88229 41.0
v 14.4889 3.88229 43.0
v 14.4889 3.88229 46.5
v 14.4889 3.88229 76.5
v 14.4889 3.88229 78.5
v 14.4889 3.88229 80.5
v 14.4889 3.88229 84.0
v 14.7118 -2.92635 39.0
v 14.7118 -2.92635 41.0
v 14.7118 -2.92635 43.0
v 14.7118 -2.92635 46.5
v 14.7118 -2.92635 76.5
v 14.7118 -2.92635 78.5
v 14.7118 -2.92635 80.5
v 14.7118 -2.92635 84.0
v 14.7118 2.92635 39.0
v 14.7118 2.92635 41.0
v 14.7118 2.92635 43.0
v 14.7118 2.92635 46.5
v 14.7118 2.92635 76.5
v 14.7118 2.92635 78.5
v 14.7118 2.92635 80.5
v 14.7118 2.92635 84.0
v 14.8353 -16.916401 92.0
v 14.8353 -16.916401 100.0
v 14.8353 16.916401 92.0
v 14.8353 16.916401 100.0
v 14.8717 -1.95789 39.0
v 14.8717 -1.95789 41.0
v 14.8717 -1.95789 43.0
v 14.8717 -1.95789 46.5
v 14.8717 -1.95789 76.5
v 14.8717 -1.95789 78.5
v 14.8717 -1.95789 80.5
v 14.8717 -1.95789 84.0
v 14.8717 1.95789 39.0
v 14.8717 1.95789 41.0
v 14.8717 1.95789 43.0
v 14.8717 1.95789 46.5
v 14.8717 1.95789 76.5
v 14.8717 1.95789 78.5
v 14.8717 1.95789 80.5
v 14.8717 1.95789 84.0
v 14.9679 -0.981047 39.0
v 14.9679 -0.981047 41.0
v 14.9679 -0.981047 43.0
v 14.9679 -0.981047 46.5
v 14.9679 -0.981047 76.5
v 14.9679 -0.981047 78.5
v 14.9679 -0.981047 80.5
v 14.9679 -0.981047 84.0
v 14.9679 0.981047 39.0
v 14.9679 0.981047 41.0
v 14.9679 0.981047 43.0
v 14.9679 0.981047 46.5
v 14.9679 0.981047 76.5
v 14.9679 0.981047 78.5
v 14.9679 0.981047 80.5
v 14.9679 0.981047 84.0
v 15.0 0.0 39.0
v 15.0 0.0 41.0
v 15.0 0.0 43.0
v 15.0 0.0 46.5
v 15.0 0.0 76.5
v 15.0 0.0 78.5
v 15.0 0.0 80.5
v 15.0 0.0 84.0
v 15.9099 -15.9099 92.0
v 15.9099 -15.9099 100.0
v 15.9099 15.9099 92.0
v 15.9099 15.9099 100.0
v 16.916401 -14.8353 92.0
v 16.916401 -14.8353 100.0
v 16.916401 14.8353 92.0
v 16.916401 14.8353 100.0
v 17.850401 -13.6971 92.0
v 17.850401 -13.6971 100.0
v 17.850401 13.6971 92.0
v 17.850401 13.6971 100.0
v 18.708099 -12.5003 92.0
v 18.708099 -12.5003 100.0
v 18.708099 12.5003 92.0
v 18.708099 12.5003 100.0
v 19.4856 -11.25 92.0
v 19.4856 -11.25 100.0
v 19.4856 11.25 92.0
v 19.4856 11.25 100.0
v 20.1796 -9.9515 92.0
v 20.1796 -9.9515 100.0
v 20.1796 9.9515 92.0
v 20.1796 9.9515 100.0
v 20.7873 -8.61038 92.0
v 20.7873 -8.61038 100.0
v 20.7873 8.61038 92.0
v 20.7873 8.61038 100.0
v 21.305901 -7.23239 92.0
v 21.305901 -7.23239 100.0
v 21.305901 7.23239 92.0
v 21.305901 7.23239 100.0
v 21.733299 -5.82343 92.0
v 21.733299 -5.82343 100.0
v 21.733299 5.82343 92.0
v 21.733299 5.82343 100.0
v 22.067699 -4.38953 92.0
v 22.067699 -4.38953 100.0
v 22.067699 4.38953 92.0
v 22.067699 4.38953 100.0
v 22.307501 -2.93684 92.0
v 22.307501 -2.93684 100.0
v 22.307501 2.93684 92.0
v 22.307501 2.93684 100.0
v 22.451799 -1.47157 92.0
v 22.451799 -1.47157 100.0
v 22.451799 1.47157 92.0
v 22.451799 1.47157 100.0
v 22.5 0.0 92.0
v 22.5 0.0 100.0
vn -0.192583 -0.031795 -0.980766
vn -0.354499 0.663229 -0.659134
vn -0.462209 -0.64499 -0.608565
vn 0.203682 0.873545 -0.442079
vn 0.247802 -0.075167 -0.96589
vn -0.162911 0.986641 0.0
vn -0.162911 0.986641 0.0
vn -0.311205 0.223003 -0.923808
vn 0.973882 0.227055 0.0
vn 0.973882 0.227055 -0.0
vn 0.568489 0.606948 -0.555369
vn -0.927908 0.349246 -0.13044
vn 0.784618 0.487882 -0.382551
vn 0.522473 0.729084 -0.442107
vn 0.323722 0.451765 -0.831332
vn 0.029297 -0.896474 -0.442127
vn 0.354507 -0.663218 -0.659141
vn 0.018227 -0.555464 -0.831341
vn 0.682099 0.728332 -0.065372
vn 0.884998 0.146098 -0.442078
vn 0.980276 -0.032129 -0.195006
vn -0.676836 0.205328 -0.706918
vn 0.9339 0.351501 -0.065403
vn 0.467367 0.87439 -0.130425
vn 0.340223 -0.904072 -0.258654
vn -0.841945 -0.523562 -0.130426
vn 0.226547 -0.971801 -0.065409
vn 0.150839 0.210483 -0.965891
vn 0.188865 -0.809891 -0.555343
vn 0.206432 -0.455617 -0.865909
vn -0.052389 0.3173 -0.946877
vn 0.293491 0.471965 -0.831332
vn 0.471965 0.293491 -0.831332
vn -0.07303 -0.313194 -0.946877
vn -0.381014 0.037532 -0.923807
vn 0.289673 0.954888 -0.065404
vn 0.908904 -0.411859 -0.065321
vn 0.528025 -0.849229 0.0
vn 0.528025 -0.849229 0.0
vn 0.899824 0.209777 -0.382506
vn 0.600828 -0.099162 -0.793204
vn 0.622248 0.75815 -0.194979
vn 0.654651 0.613119 -0.442174
vn -0.3334 0.623808 -0.7069
vn -0.995186 0.098007 0.0
vn -0.995186 0.098007 0.0
vn -0.769773 0.551566 -0.321285
vn -0.450864 -0.481376 -0.751664
vn -0.990927 0.032428 -0.130434
vn -0.965451 0.031603 -0.25866
vn -0.742693 -0.279478 -0.608522
vn 0.287847 -0.94875 -0.130448
vn -0.436566 0.072079 -0.89678
vn -0.526896 -0.847413 -0.065353
vn -0.09466 -0.96132 -0.258658
vn -0.081496 -0.493524 -0.865906
vn 0.919513 -0.090606 -0.382474
vn -0.785194 -0.562616 -0.258717
vn -0.606031 0.059703 -0.793197
vn 0.150839 -0.210483 -0.965891
vn 0.264142 0.424772 -0.865909
vn 0.514077 -0.548864 -0.659146
vn 0.600748 0.272225 -0.751662
vn 0.481399 -0.450855 -0.751655
vn -0.161341 -0.531849 -0.831328
vn 0.077798 -0.78969 -0.608553
vn 0.581203 -0.811125 -0.065409
vn -0.732379 0.170762 -0.659136
vn 0.542447 0.579155 -0.608548
vn -0.607004 0.568466 -0.55533
vn -0.733416 -0.392006 -0.555367
vn -0.190092 -0.044326 -0.980765
vn -0.703894 0.069334 -0.706913
vn -0.470717 0.386337 -0.793202
vn -0.180163 0.772779 -0.608567
vn 0.345511 0.917943 -0.194941
vn 0.766403 -0.62897 -0.130476
vn 0.077807 -0.789693 -0.608548
vn 0.157333 -0.953067 -0.258668
vn 0.398672 0.879854 -0.258684
vn 0.571337 0.797228 -0.19494
vn 0.82886 0.25139 -0.499795
vn 0.864748 -0.325452 -0.382481
vn 0.719638 0.218313 -0.659136
vn 0.569022 0.693364 -0.442109
vn 0.841946 0.523561 -0.130427
vn 0.8416 0.381311 -0.382507
vn 0.791044 0.422826 -0.442117
vn 0.704053 0.504503 -0.499786
vn -0.284723 0.938579 -0.194939
vn -0.408291 0.763884 -0.499781
vn -0.772999 -0.634407 0.0
vn -0.772999 -0.634407 -0.0
vn -0.864971 0.462387 -0.194996
vn -0.785192 0.562617 -0.25872
vn -0.9339 0.351501 -0.065403
vn -0.097203 0.986674 -0.130482
vn -0.592128 0.632124 -0.499804
vn -0.953067 0.157333 -0.258668
vn -0.751622 0.024643 -0.659134
vn -0.632166 -0.592109 -0.499773
vn -0.438044 -0.611268 -0.659143
vn 0.031001 -0.946471 -0.321296
vn 0.351501 -0.9339 -0.065403
vn 0.732023 -0.600756 -0.321301
vn 0.208586 -0.390228 -0.89678
vn 0.170762 -0.732379 -0.659136
vn 0.748408 0.073739 -0.659127
vn 0.229356 -0.506231 -0.83134
vn -0.600791 -0.272189 -0.75164
vn -0.548346 -0.090547 -0.831335
vn -0.467367 -0.87439 -0.130425
vn -0.191448 -0.63113 -0.75168
vn -0.107486 -0.650756 -0.75164
vn -0.180163 -0.772779 -0.608567
vn 0.291354 0.406586 -0.86591
vn 0.607004 0.568466 -0.55533
vn 0.645032 -0.462186 -0.608537
vn 0.654619 -0.613199 -0.442109
vn 0.706187 -0.439154 -0.555378
vn 0.158658 -0.113695 -0.980766
vn 0.911603 -0.150563 -0.382506
vn 0.922232 -0.215041 -0.321318
vn -0.176198 0.468141 -0.865909
vn -0.600604 0.37353 -0.70693
vn -0.638624 0.397104 -0.659142
vn -0.722783 0.327543 -0.608523
vn 0.548864 0.514077 -0.659146
vn 0.321574 0.517125 -0.793203
vn 0.030248 0.923464 -0.382491
vn -0.354698 0.494993 -0.793203
vn 0.546732 0.448719 -0.70692
vn 0.548842 0.514085 -0.659158
vn -0.370188 0.817002 -0.442118
vn -0.675967 0.484432 -0.555332
vn -0.397092 0.638626 -0.659148
vn -0.138275 0.593049 -0.793204
vn -0.438044 0.611268 -0.659143
vn 0.11526 0.69782 -0.706938
vn -0.478655 0.145185 -0.865916
vn -0.506231 0.229365 -0.831338
vn -0.586175 0.714181 -0.38255
vn -0.264847 0.703812 -0.659169
vn 0.162562 -0.984528 -0.065409
vn 0.728332 -0.682099 -0.065372
vn 0.729893 -0.683562 0.0
vn 0.729893 -0.683562 0.0
vn 0.986674 0.097203 -0.130482
vn 0.997327 -0.032638 -0.065373
vn -0.528025 -0.849229 -0.0
vn -0.528025 -0.849229 0.0
vn 0.027161 -0.831148 -0.555387
vn -0.422826 -0.791044 -0.442117
vn 0.241398 -0.795807 -0.555354
vn 0.092778 -0.942424 -0.321294
vn 0.381327 -0.841584 -0.382525
vn 0.225094 0.965569 -0.13042
vn 0.873545 0.203682 -0.442079
vn 0.795807 0.241398 -0.555354
vn 0.613119 0.654651 -0.442174
vn 0.562616 0.785194 -0.258717
vn 0.62897 0.766403 -0.130476
vn 0.864971 0.462387 -0.194996
vn 0.886295 0.333529 -0.32131
vn 0.503415 0.61337 -0.608564
vn 0.729109 0.522457 -0.442085
vn 0.924357 0.280436 -0.258689
vn 0.751056 0.538117 -0.382551
vn 0.670464 0.715863 -0.194983
vn 0.793095 0.025963 -0.608545
vn 0.63113 0.191448 -0.75168
vn 0.644256 0.291891 -0.706919
vn 0.75933 0.230357 -0.608567
vn 0.904072 0.340223 -0.258654
vn 0.990918 0.032478 -0.130483
vn 0.677777 0.723601 -0.130461
vn 0.938562 0.284756 -0.194974
vn 0.908925 0.411801 -0.065382
vn 0.028291 0.86568 -0.499798
vn -0.032428 0.990927 -0.130434
vn -0.287094 0.537059 -0.793186
vn 0.315971 0.839468 -0.442104
vn -0.682099 -0.728332 -0.065372
vn -0.847413 -0.526896 -0.065353
vn -0.899824 -0.209777 -0.382506
vn -0.661942 -0.249181 -0.706924
vn -0.873545 0.203682 -0.442079
vn -0.805915 0.577469 -0.130501
vn -0.910849 0.41274 0.0
vn -0.910849 0.41274 0.0
vn -0.841946 0.523561 -0.130427
vn -0.879874 0.398648 -0.258656
vn -0.976077 0.096159 -0.195006
vn -0.973882 -0.227055 0.0
vn -0.973882 -0.227055 -0.0
vn -0.685001 -0.310351 -0.659133
vn -0.409164 -0.903089 -0.13044
vn -0.674378 -0.631607 -0.382474
vn -0.758181 -0.622222 -0.194941
vn -0.581243 -0.8111 -0.065362
vn -0.527559 -0.642874 -0.555333
vn -0.218316 -0.719639 -0.659135
vn -0.723601 -0.677777 -0.130461
vn -0.47038 -0.880043 -0.065322
vn -0.631607 -0.674378 -0.382474
vn -0.284756 -0.938562 -0.194974
vn -0.381311 -0.8416 -0.382507
vn -0.390812 -0.862571 -0.321306
vn 0.209777 -0.899824 -0.382506
vn -0.16147 -0.978214 -0.13048
vn 0.715844 -0.670495 -0.194948
vn 0.527586 -0.64282 -0.55537
vn 0.107398 -0.650729 -0.751676
vn 0.422826 -0.791044 -0.442117
vn 0.439154 -0.706187 -0.555378
vn 0.373496 -0.600659 -0.706902
vn 0.280704 -0.34204 -0.89678
vn 0.19144 -0.631138 -0.751675
vn 0.858364 -0.260345 -0.442078
vn 0.864986 -0.46234 -0.195043
vn 0.042182 -0.255493 -0.96589
vn 0.065406 -0.002143 -0.997856
vn 0.100479 -0.430918 -0.896779
vn 0.059703 -0.606031 -0.793197
vn -0.283625 0.151602 -0.946876
vn -0.042182 0.255493 -0.96589
vn -0.180203 -0.772746 -0.608597
vn -0.135394 -0.820508 -0.555369
vn -0.115216 -0.697853 -0.706914
vn 0.084946 -0.861967 -0.499797
vn -0.514077 -0.548864 -0.659146
vn -0.310396 -0.684946 -0.659169
vn 0.052389 -0.3173 -0.946877
vn -0.111134 -0.366372 -0.923808
vn 0.733416 0.392006 -0.555367
vn 0.57917 0.542399 -0.608577
vn 0.64499 0.462209 -0.608564
vn 0.019971 0.608636 -0.793198
vn 0.732003 -0.600803 -0.321258
vn 0.549446 -0.669544 -0.499821
vn 0.18048 -0.337647 -0.923808
vn 0.663229 -0.354499 -0.659134
vn 0.195809 0.520157 -0.831321
vn 0.548346 0.090547 -0.831335
vn 0.893386 -0.40477 -0.194996
vn 0.446404 -0.835165 -0.321283
vn -0.430918 0.100474 -0.89678
vn -0.321574 -0.517125 -0.793203
vn -0.406586 0.291354 -0.86591
vn -0.390235 0.20858 -0.896778
vn -0.261721 0.279434 -0.923807
vn -0.300985 0.11328 -0.946877
vn -0.448707 0.546734 -0.706926
vn -0.886295 0.333529 -0.32131
vn -0.30775 0.093352 -0.946877
vn -0.617286 0.232371 -0.751639
vn -0.893386 -0.404768 -0.194995
vn -0.80989 -0.18886 -0.555346
vn -0.748408 0.073739 -0.659127
vn -0.778293 -0.292935 -0.555382
vn -0.025373 0.257703 -0.965891
vn 0.008473 0.25881 -0.965891
vn 0.321426 0.010523 -0.946876
vn 0.300985 -0.11328 -0.946877
vn -0.087958 0.892644 -0.442097
vn 0.333423 0.623775 -0.706918
vn -0.014475 0.442243 -0.896778
vn 0.134859 0.35832 -0.923807
vn 0.149733 0.642352 -0.751641
vn 0.509834 0.418436 -0.751652
vn -0.728332 0.682099 -0.065372
vn -0.70401 0.504529 -0.499821
vn -0.444465 0.416292 -0.793191
vn -0.569937 0.214487 -0.793201
vn -0.435568 0.814822 -0.382553
vn -0.280409 0.924358 -0.258714
vn -0.122503 0.741987 -0.659127
vn -0.203686 0.873542 -0.442082
vn -0.059673 0.606049 -0.793186
vn 0.145199 0.478656 -0.865913
vn -0.126177 0.541271 -0.831327
vn -0.021607 0.659182 -0.751673
vn -0.068759 0.18268 -0.980765
vn -0.064661 0.65636 -0.751672
vn -0.218316 0.719639 -0.659135
vn -0.562617 0.785192 -0.25872
vn -0.032088 0.980269 -0.195046
vn -0.409164 0.903089 -0.13044
vn -0.150512 0.911594 -0.382548
vn -0.592109 0.632166 -0.499773
vn -0.462186 0.645032 -0.608537
vn 0.409157 -0.903091 -0.130448
vn 0.814847 -0.435544 -0.382525
vn 0.761718 -0.473643 -0.442095
vn 0.984527 0.162574 -0.065397
vn 0.95519 -0.222702 -0.194976
vn 0.839468 -0.315971 -0.442104
vn 0.896474 0.029297 -0.442127
vn 0.940725 0.219353 -0.25869
vn 0.946472 -0.031002 -0.321295
vn -0.241389 -0.795815 -0.555347
vn -0.073739 -0.748408 -0.659127
vn 0.504529 -0.70401 -0.499821
vn 0.370188 -0.817002 -0.442118
vn 0.268172 -0.884168 -0.382533
vn 0.438044 -0.611268 -0.659143
vn 0.031603 -0.965451 -0.25866
vn 0.146119 -0.884986 -0.442096
vn 0.58613 -0.714255 -0.38248
vn 0.510138 -0.820279 -0.258654
vn 0.157344 0.953068 -0.258658
vn -0.03265 0.997327 -0.065361
vn 0.858363 0.260338 -0.442083
vn 0.92223 0.215 -0.321352
vn 0.797228 0.571337 -0.19494
vn 0.714255 0.58613 -0.38248
vn 0.196703 0.84352 -0.499782
vn 0.61283 0.746675 -0.25868
vn 0.669537 0.549468 -0.499804
vn 0.592109 0.632166 -0.499773
vn 0.675967 0.484432 -0.555332
vn 0.542399 0.57917 -0.608577
vn 0.778296 0.29298 -0.555354
vn 0.757505 0.343183 -0.555348
vn 0.691173 0.647337 -0.321302
vn 0.746692 0.612795 -0.258716
vn 0.732023 0.600756 -0.321301
vn 0.7846 0.487966 -0.382482
vn 0.531864 -0.161324 -0.831321
vn 0.923472 0.030228 -0.382474
vn 0.581682 0.310886 -0.751662
vn 0.751604 -0.024605 -0.659155
vn 0.676848 0.205316 -0.706911
vn 0.61337 0.503415 -0.608564
vn 0.61127 0.438033 -0.659148
vn 0.509829 0.418438 -0.751654
vn 0.418436 0.509834 -0.751652
vn 0.579155 0.542447 -0.608548
vn 0.948756 0.287813 -0.130482
vn 0.884171 0.268237 -0.382481
vn 0.862571 0.390812 -0.321306
vn 0.715863 0.670464 -0.194983
vn 0.849229 0.528025 0.0
vn 0.849229 0.528025 -0.0
vn 0.862567 0.390839 -0.321284
vn 0.851897 0.455362 -0.258683
vn 0.209777 0.899824 -0.382506
vn 0.455394 0.851889 -0.258653
vn 0.340276 0.904035 -0.258713
vn 0.340223 0.904072 -0.258654
vn -0.805915 -0.577469 -0.130501
vn -0.984528 0.162562 -0.065409
vn -0.903089 0.409164 -0.13044
vn -0.990927 -0.032428 -0.130434
vn -0.927918 -0.349204 -0.130481
vn -0.973882 0.227055 0.0
vn -0.973882 0.227055 0.0
vn -0.487966 0.7846 -0.382482
vn -0.398648 0.879874 -0.258656
vn -0.880043 0.47038 -0.065322
vn -0.849229 0.528025 0.0
vn -0.849229 0.528025 0.0
vn -0.820519 0.135434 -0.555343
vn -0.899824 0.209777 -0.382506
vn -0.95519 0.222704 -0.194974
vn -0.95519 0.222702 -0.194976
vn -0.839468 0.315971 -0.442104
vn -0.965569 0.225094 -0.13042
vn -0.984527 0.162574 -0.065397
vn -0.785192 -0.562617 -0.25872
vn -0.851897 -0.455362 -0.258683
vn -0.723608 -0.677767 -0.130472
vn -0.715863 -0.670464 -0.194983
vn -0.569022 -0.693364 -0.442109
vn -0.397104 -0.638624 -0.659142
vn -0.503415 -0.61337 -0.608564
vn -0.612795 -0.746692 -0.258716
vn -0.141056 -0.854579 -0.499797
vn -0.40477 -0.893386 -0.194996
vn -0.150512 -0.911594 -0.382548
vn -0.032638 -0.997327 -0.065373
vn 0.031622 -0.965446 -0.258678
vn -0.161531 -0.978212 -0.13042
vn 0.032638 -0.997327 -0.065373
vn -0.222704 -0.95519 -0.194974
vn -0.162562 -0.984528 -0.065409
vn 0.097834 -0.993052 -0.065397
vn 0.345511 -0.917943 -0.194941
vn 0.728274 -0.682154 -0.065451
vn 0.628986 -0.766385 -0.1305
vn 0.180203 -0.772746 -0.608597
vn 0.150512 -0.911594 -0.382548
vn 0.527559 -0.642874 -0.555333
vn 0.64282 -0.527586 -0.555371
vn 0.503404 -0.613395 -0.608548
vn 0.384173 -0.536126 -0.751652
vn 0.411969 -0.574931 -0.70692
vn 0.36508 -0.341934 -0.865909
vn 0.37353 -0.600604 -0.70693
vn 0.411979 -0.574912 -0.706929
vn 0.019971 -0.608636 -0.793198
vn 0.323722 -0.451764 -0.831332
vn 0.676836 -0.205328 -0.706918
vn 0.638626 -0.397092 -0.659148
vn 0.038112 -0.053198 -0.997856
vn -0.056662 -0.186786 -0.980765
vn 0.01486 0.063732 -0.997856
vn 0.106868 -0.235868 -0.965891
vn -0.606948 -0.568489 -0.555369
vn -0.581682 -0.310886 -0.751662
vn -0.157344 -0.953068 -0.258658
vn -0.439144 -0.706201 -0.555367
vn 0.249161 -0.661964 -0.70691
vn 0.149812 -0.642287 -0.751681
vn -0.107398 -0.650729 -0.751676
vn -0.136737 -0.219904 -0.965891
vn 0.064652 -0.656356 -0.751676
vn -0.01637 -0.499944 -0.865903
vn -0.205316 -0.676848 -0.706911
vn -0.279549 -0.742618 -0.608581
vn -0.372856 -0.086942 -0.923807
vn -0.354507 -0.663218 -0.659141
vn -0.195752 -0.520153 -0.831337
vn -0.025383 -0.257704 -0.96589
vn 0.757465 0.343218 -0.555381
vn 0.763884 0.408291 -0.499781
vn 0.673879 0.419012 -0.608535
vn 0.706201 0.439144 -0.555367
vn 0.675981 -0.484362 -0.555377
vn 0.733414 -0.392035 -0.555348
vn 0.831148 0.027162 -0.555387
vn 0.854579 -0.141056 -0.499797
vn 0.904072 -0.340223 -0.258654
vn 0.864749 -0.325421 -0.382506
vn 0.352586 -0.429616 -0.831332
vn 0.520157 -0.195809 -0.831321
vn 0.095318 -0.089266 -0.991436
vn 0.359667 -0.257732 -0.89678
vn 0.608636 -0.019971 -0.793198
vn 0.659182 0.021607 -0.751673
vn 0.441137 0.235796 -0.865909
vn 0.471966 0.293485 -0.831333
vn 0.568466 -0.607004 -0.55533
vn 0.62897 -0.766403 -0.130476
vn -0.34873 0.158009 -0.923808
vn -0.593049 0.138275 -0.793204
vn -0.366372 0.111134 -0.923808
vn -0.497797 0.048999 -0.865908
vn -0.365087 0.341931 -0.865907
vn -0.450855 0.481399 -0.751655
vn -0.145185 0.478655 -0.865916
vn -0.223003 0.311205 -0.923808
vn -0.441137 0.235796 -0.865909
vn -0.424772 0.264142 -0.865909
vn -0.375754 0.233657 -0.896779
vn -0.280705 0.342039 -0.89678
vn -0.536133 0.384169 -0.751649
vn -0.684946 0.310396 -0.659169
vn -0.611268 0.438044 -0.659143
vn -0.722781 0.327452 -0.608575
vn -0.742618 0.279549 -0.608581
vn -0.70391 -0.069308 -0.706899
vn -0.793095 0.025963 -0.608545
vn -0.582753 0.176764 -0.793192
vn -0.468141 0.176198 -0.865909
vn -0.69782 -0.11526 -0.706938
vn -0.548345 -0.090548 -0.831335
vn -0.055574 -0.034556 -0.997856
vn -0.946472 0.031002 -0.321295
vn -0.255492 0.042184 -0.96589
vn -0.321426 -0.010523 -0.946876
vn 0.115171 -0.061558 -0.991436
vn 0.451764 -0.323722 -0.831332
vn 0.439154 0.706187 -0.555378
vn 0.408302 0.76387 -0.499792
vn 0.232278 0.617277 -0.751676
vn 0.241398 0.795807 -0.555354
vn 0.38265 0.012525 -0.923809
vn 0.321426 -0.010523 -0.946876
vn 0.247799 -0.07517 -0.965891
vn 0.07517 0.247799 -0.965891
vn 0.516207 0.483517 -0.706924
vn 0.546734 0.448707 -0.706926
vn 0.031523 0.320047 -0.946877
vn 0.235787 0.441138 -0.865911
vn 0.232371 0.617286 -0.751639
vn 0.161341 0.531849 -0.831328
vn 0.354698 0.494993 -0.793203
vn 0.373496 0.600659 -0.706902
vn -0.600803 0.732003 -0.321258
vn -0.814822 0.435568 -0.382553
vn -0.542399 0.57917 -0.608577
vn -0.546734 0.448707 -0.706926
vn -0.411969 0.574931 -0.70692
vn -0.548864 0.514077 -0.659146
vn -0.343218 0.757465 -0.555381
vn -0.392006 0.733416 -0.555367
vn -0.126199 0.541254 -0.831335
vn -0.249161 0.661964 -0.706911
vn -0.542447 0.579155 -0.608548
vn -0.484362 0.675981 -0.555377
vn 0.094637 0.961316 -0.258678
vn -0.203682 0.873545 -0.442079
vn 0.05446 0.553097 -0.831335
vn 0.043363 0.440352 -0.896777
vn 0.086936 0.372856 -0.923808
vn 0.014481 0.442245 -0.896777
vn -0.01052 0.321427 -0.946876
vn 0.014475 0.442243 -0.896778
vn -0.058802 0.252187 -0.96589
vn -0.11356 0.487146 -0.865906
vn -0.230357 0.75933 -0.608567
vn 0.021528 0.659225 -0.751638
vn -0.097206 0.986674 -0.13048
vn -0.538201 0.751032 -0.38248
vn -0.631599 0.674382 -0.382482
vn 0.146098 0.884998 -0.442078
vn -0.268172 0.884168 -0.382533
vn 0.345455 -0.917953 -0.194995
vn 0.634407 -0.772999 0.0
vn 0.634407 -0.772999 0.0
vn 0.683562 -0.729893 0.0
vn 0.683562 -0.729893 0.0
vn 0.83289 -0.517931 -0.195041
vn 0.577536 -0.805879 -0.130428
vn 0.76387 -0.408302 -0.499792
vn 0.812839 -0.582489 0.0
vn 0.812839 -0.582489 0.0
vn 0.990927 0.032428 -0.130434
vn 0.997327 -0.03265 -0.065361
vn 0.954894 0.289657 -0.065387
vn 0.986641 0.162911 0.0
vn 0.986641 0.162911 -0.0
vn 0.861967 0.084946 -0.499797
vn 0.911594 0.150512 -0.382548
vn 0.942424 -0.092778 -0.321294
vn 0.980269 0.032088 -0.195046
vn 0.864748 0.325452 -0.382481
vn 0.922232 0.215041 -0.321318
vn -0.031603 -0.965451 -0.25866
vn -0.473643 -0.761718 -0.442095
vn 0.487966 -0.7846 -0.382482
vn 0.457386 -0.735535 -0.499786
vn 0.209805 -0.899806 -0.382533
vn 0.205328 -0.676836 -0.706918
vn 0.704053 -0.504503 -0.499786
vn 0.484432 -0.675967 -0.555332
vn 0.333529 -0.886295 -0.32131
vn 0.340276 -0.904035 -0.258713
vn 0.225122 -0.965559 -0.130448
vn 0.215 -0.92223 -0.321352
vn 0.526941 -0.847381 -0.065408
vn -0.162574 0.984527 -0.065397
vn 0.162911 0.986641 0.0
vn 0.162911 0.986641 -0.0
vn 0.349246 0.927908 -0.13044
vn -0.032478 0.990918 -0.130483
vn -0.032638 0.997327 -0.065373
vn 0.031603 0.965451 -0.25866
vn -0.097798 0.993058 -0.06536
vn 0.345455 0.917953 -0.194995
vn 0.289657 0.954894 -0.065387
vn 0.351521 0.933894 -0.065383
vn 0.097798 0.993058 -0.06536
vn 0.728332 0.682099 -0.065372
vn 0.411859 0.908904 -0.065321
vn 0.858364 0.260345 -0.442078
vn 0.84352 0.196703 -0.499782
vn 0.683562 0.729893 0.0
vn 0.683562 0.729893 -0.0
vn 0.370188 0.817002 -0.442118
vn 0.571265 0.797261 -0.195015
vn 0.677767 0.723608 -0.130472
vn 0.58613 0.714255 -0.38248
vn 0.510068 0.820301 -0.25872
vn 0.612795 0.746692 -0.258716
vn 0.517909 0.832911 -0.195013
vn 0.632124 0.592128 -0.499804
vn 0.632166 0.592109 -0.499773
vn 0.592128 0.632124 -0.499804
vn 0.613199 0.654619 -0.442109
vn 0.83289 0.517931 -0.195041
vn 0.79104 0.422856 -0.442095
vn 0.817001 0.370209 -0.442103
vn 0.814822 0.435568 -0.382553
vn 0.660317 0.70503 -0.258678
vn 0.769799 0.551546 -0.321256
vn 0.654619 0.613199 -0.442109
vn 0.551546 0.769799 -0.321256
vn 0.843517 -0.196685 -0.499795
vn 0.659225 0.021528 -0.751638
vn 0.793092 -0.025957 -0.608548
vn 0.86568 0.028291 -0.499798
vn 0.78969 0.077798 -0.608553
vn 0.741987 0.122503 -0.659127
vn 0.789693 -0.077807 -0.608548
vn 0.442243 -0.014475 -0.896778
vn 0.606031 0.059703 -0.793197
vn 0.497797 -0.048999 -0.865908
vn 0.381014 0.037532 -0.923807
vn 0.569937 0.214487 -0.793201
vn 0.78893 0.357475 -0.499802
vn 0.772746 0.180203 -0.608597
vn 0.293485 0.471966 -0.831333
vn 0.494993 0.354698 -0.793203
vn 0.673839 0.419038 -0.608562
vn 0.600604 0.37353 -0.70693
vn 0.517154 0.321556 -0.793192
vn 0.638626 0.397092 -0.659148
vn 0.903091 0.409157 -0.130448
vn 0.971798 0.226569 -0.065387
vn 0.954888 0.289673 -0.065404
vn 0.847413 0.526896 -0.065353
vn 0.935897 0.352274 0.0
vn 0.935897 0.352274 -0.0
vn 0.956942 0.290279 0.0
vn 0.956942 0.290279 -0.0
vn 0.893386 0.40477 -0.194996
vn 0.90619 0.274917 -0.321311
vn 0.880027 0.470406 -0.065352
vn 0.874376 0.467386 -0.130448
vn 0.917953 0.345455 -0.194995
vn 0.820279 0.510138 -0.258654
vn 0.864986 0.46234 -0.195043
vn 0.851889 0.455394 -0.258653
vn 0.455362 0.851897 -0.258683
vn 0.354507 0.663218 -0.659141
vn 0.096114 0.97609 -0.194961
vn 0.404768 0.893387 -0.194995
vn 0.230331 0.759326 -0.608582
vn 0.087969 0.892647 -0.442089
vn 0.209805 0.899806 -0.382533
vn -0.146098 0.884998 -0.442078
vn -0.971801 -0.226547 -0.065409
vn -0.971798 0.226569 -0.065387
vn -0.956942 0.290279 0.0
vn -0.956942 0.290279 0.0
vn -0.990918 0.032478 -0.130483
vn -0.999465 0.03272 0.0
vn -0.999465 0.03272 0.0
vn -0.995186 -0.098007 0.0
vn -0.995186 -0.098007 -0.0
vn -0.771346 0.63305 -0.065368
vn -0.728274 0.682154 -0.065451
vn -0.715863 0.670464 -0.194983
vn -0.677777 0.723601 -0.130461
vn -0.933894 0.351521 -0.065383
vn -0.810619 0.305101 -0.499811
vn -0.835162 0.446416 -0.321273
vn -0.967711 0.159751 -0.194976
vn -0.884168 0.268172 -0.382533
vn -0.938562 0.284756 -0.194974
vn -0.965559 0.225122 -0.130448
vn -0.940736 0.219332 -0.258668
vn -0.934332 0.15425 -0.321294
vn -0.986674 0.097203 -0.130482
vn -0.971801 0.226547 -0.065409
vn -0.549446 -0.669544 -0.499821
vn -0.935897 -0.352274 0.0
vn -0.935897 -0.352274 -0.0
vn -0.705044 -0.660308 -0.258663
vn -0.617277 -0.232278 -0.751676
vn -0.728332 -0.682099 -0.065372
vn -0.820279 -0.510138 -0.258654
vn -0.880043 -0.47038 -0.065322
vn -0.880027 -0.470406 -0.065352
vn -0.647324 -0.691179 -0.321314
vn -0.728274 -0.682154 -0.065451
vn -0.805879 -0.577536 -0.130428
vn -0.729893 -0.683562 0.0
vn -0.729893 -0.683562 -0.0
vn -0.592128 -0.632124 -0.499804
vn -0.592109 -0.632166 -0.499773
vn -0.715844 -0.670495 -0.194948
vn -0.631599 -0.674382 -0.382482
vn -0.568466 -0.607004 -0.55533
vn -0.607004 -0.568466 -0.55533
vn -0.483517 -0.516207 -0.706924
vn -0.381327 -0.841584 -0.382525
vn -0.538201 -0.751032 -0.38248
vn -0.551566 -0.769773 -0.321285
vn -0.435568 -0.814822 -0.382553
vn -0.628986 -0.766385 -0.1305
vn -0.325421 -0.864749 -0.382506
vn -0.230357 -0.75933 -0.608567
vn -0.226547 -0.971801 -0.065409
vn 0.094637 -0.961316 -0.258678
vn 0.087958 -0.892644 -0.442097
vn 0.090517 -0.919491 -0.382547
vn -0.325452 -0.864748 -0.382481
vn -0.280436 -0.924357 -0.258689
vn -0.351521 -0.933894 -0.065383
vn -0.287847 -0.94875 -0.130448
vn 0.03265 -0.997327 -0.065361
vn 0.03272 -0.999465 0.0
vn 0.03272 -0.999465 0.0
vn -0.092778 -0.942424 -0.321294
vn 0.159751 -0.967711 -0.194976
vn 0.157344 -0.953068 -0.258658
vn 0.162574 -0.984527 -0.065397
vn 0.632166 -0.592109 -0.499773
vn 0.841584 -0.381327 -0.382525
vn 0.723608 -0.677767 -0.130472
vn 0.70503 -0.660317 -0.258678
vn 0.028291 -0.86568 -0.499798
vn -0.087969 -0.892647 -0.442089
vn 0.538117 -0.751056 -0.382551
vn 0.715863 -0.670464 -0.194983
vn 0.375754 -0.233657 -0.896779
vn 0.548864 -0.514077 -0.659146
vn 0.397104 -0.638624 -0.659142
vn 0.419038 -0.673839 -0.608562
vn 0.354698 -0.494993 -0.793203
vn 0.617277 -0.232278 -0.751676
vn 0.062369 -0.377744 -0.923807
vn 0.235796 -0.441137 -0.865909
vn 0.291881 -0.644255 -0.706923
vn 0.272225 -0.600748 -0.751662
vn 0.232371 -0.617286 -0.751639
vn 0.352584 -0.429617 -0.831333
vn 0.012524 -0.382649 -0.923809
vn 0.043363 -0.440352 -0.896777
vn 0.310351 -0.685001 -0.659133
vn 0.249181 -0.661942 -0.706924
vn 0.059609 -0.027008 -0.997856
vn -0.194252 -0.019126 -0.980765
vn 0.21984 -0.234722 -0.946877
vn 0.014481 -0.442245 -0.896778
vn -0.531864 -0.161324 -0.831321
vn -0.192583 -0.031796 -0.980765
vn -0.046002 0.122219 -0.991436
vn 0.021273 -0.128847 -0.991436
vn -0.555464 -0.018227 -0.831341
vn -0.497797 -0.048999 -0.865908
vn -0.3173 0.052388 -0.946877
vn -0.436565 0.072081 -0.89678
vn -0.484362 -0.675981 -0.555377
vn -0.438033 -0.61127 -0.659148
vn -0.02829 -0.86568 -0.499797
vn -0.027161 -0.831148 -0.555387
vn 0.025957 -0.793092 -0.608548
vn 0.025963 -0.793095 -0.608545
vn 0.073687 -0.748388 -0.659155
vn -0.073687 -0.748388 -0.659155
vn 0.191448 -0.63113 -0.75168
vn 0.327452 -0.722781 -0.608575
vn -0.249161 -0.661964 -0.706911
vn -0.3334 -0.623808 -0.7069
vn -0.264916 -0.703819 -0.659135
vn -0.241398 -0.795807 -0.555354
vn -0.019971 -0.608636 -0.793198
vn -0.064661 -0.65636 -0.751672
vn 0.272189 -0.600791 -0.75164
vn 0.293485 -0.471966 -0.831333
vn -0.354698 -0.494993 -0.793203
vn -0.450855 -0.481399 -0.751655
vn -0.411979 -0.574912 -0.706929
vn -0.229365 -0.506231 -0.831338
vn -0.323722 -0.451764 -0.831332
vn -0.31091 -0.581648 -0.751678
vn -0.293491 -0.471965 -0.831332
vn 0.176198 -0.468141 -0.865909
vn 0.788929 0.357489 -0.499792
vn 0.76387 0.408302 -0.499792
vn 0.735541 0.457382 -0.499781
vn 0.693364 0.569022 -0.442109
vn 0.669544 0.549446 -0.499821
vn 0.611268 0.438044 -0.659143
vn 0.693389 0.569008 -0.442087
vn 0.751032 0.538201 -0.38248
vn 0.83949 -0.315946 -0.442079
vn 0.632124 -0.592128 -0.499804
vn 0.451765 -0.323722 -0.831332
vn 0.697853 -0.115216 -0.706914
vn 0.733416 -0.392006 -0.555367
vn 0.706201 -0.439144 -0.555367
vn 0.735535 -0.457386 -0.499786
vn 0.814822 -0.435568 -0.382553
vn 0.70401 -0.504529 -0.499821
vn 0.642874 -0.527559 -0.555333
vn 0.886294 -0.333533 -0.321307
vn 0.862567 -0.390839 -0.321284
vn 0.886295 -0.333529 -0.32131
vn 0.884171 -0.268237 -0.382481
vn 0.07303 -0.313194 -0.946877
vn 0.068962 -0.110897 -0.991436
vn 0.111137 -0.366372 -0.923807
vn 0.01052 -0.321427 -0.946876
vn 0.440345 -0.043377 -0.89678
vn 0.321427 -0.01052 -0.946876
vn 0.313194 -0.07303 -0.946877
vn 0.493524 0.081496 -0.865906
vn 0.252187 -0.058802 -0.96589
vn 0.219901 -0.136747 -0.96589
vn 0.470734 0.386329 -0.793196
vn 0.403038 0.182616 -0.896778
vn 0.49013 0.262007 -0.831339
vn 0.581648 0.31091 -0.751678
vn -0.35832 0.134859 -0.923807
vn -0.423425 0.128445 -0.896779
vn -0.377744 -0.062369 -0.923807
vn -0.258812 0.008478 -0.965891
vn -0.497804 0.04902 -0.865903
vn -0.414119 0.15586 -0.896779
vn -0.470734 0.386329 -0.793196
vn -0.451765 0.323722 -0.831332
vn -0.31091 0.581648 -0.751678
vn -0.090547 0.548346 -0.831335
vn -0.257732 0.359667 -0.89678
vn -0.311204 0.223007 -0.923807
vn -0.348727 0.158012 -0.923808
vn -0.337647 0.18048 -0.923808
vn -0.359666 0.257734 -0.896779
vn -0.295954 0.242883 -0.923807
vn -0.122064 0.228375 -0.965891
vn -0.300985 0.113283 -0.946876
vn -0.64499 0.462209 -0.608565
vn -0.61127 0.438033 -0.659148
vn -0.405641 0.379924 -0.831332
vn -0.517125 0.321574 -0.793203
vn -0.858363 0.260338 -0.442083
vn -0.751032 0.538201 -0.38248
vn -0.693389 0.569008 -0.442087
vn -0.568489 0.606948 -0.555369
vn -0.751622 -0.024643 -0.659134
vn -0.789693 0.077807 -0.608548
vn -0.608636 0.019971 -0.793198
vn -0.600844 0.099216 -0.793185
vn -0.656356 0.064652 -0.751676
vn -0.424772 0.264139 -0.865909
vn -0.548346 0.090547 -0.831335
vn -0.455617 0.206432 -0.865909
vn -0.673839 -0.419038 -0.608562
vn -0.617286 -0.232371 -0.751639
vn -0.483499 -0.516255 -0.706902
vn -0.623808 -0.3334 -0.7069
vn -0.654619 -0.613199 -0.442109
vn -0.814847 -0.435544 -0.382525
vn -0.748388 0.073687 -0.659155
vn -0.82886 -0.25139 -0.499795
vn 0.151603 -0.283625 -0.946876
vn 0.041519 -0.050584 -0.997856
vn 0.248597 -0.204019 -0.946877
vn 0.037909 0.124967 -0.991436
vn 0.292935 0.778293 -0.555382
vn 0.503404 0.613395 -0.608548
vn 0.549468 0.669537 -0.499804
vn 0.408291 0.763884 -0.499781
vn 0.264847 0.703812 -0.659169
vn 0.160606 0.688819 -0.706918
vn -0.025963 0.793095 -0.608545
vn 0.218316 0.719639 -0.659135
vn -0.113698 0.158657 -0.980765
vn -0.058805 0.252186 -0.96589
vn -0.023053 0.061247 -0.997856
vn -0.151603 0.283625 -0.946876
vn 0.204017 0.2486 -0.946877
vn 0.029649 0.12718 -0.991436
vn 0.418438 0.509829 -0.751654
vn 0.37353 0.600604 -0.70693
vn 0.477075 0.581313 -0.659147
vn 0.477084 0.581311 -0.659142
vn 0.354698 0.494993 -0.793203
vn 0.379924 0.405641 -0.831332
vn 0.251353 0.554686 -0.793187
vn 0.516254 0.483499 -0.706902
vn 0.379916 0.405643 -0.831335
vn 0.111134 0.366372 -0.923808
vn 0.126177 0.541271 -0.831327
vn -0.037532 0.381014 -0.923807
vn 0.229356 0.506231 -0.83134
vn 0.180163 0.772779 -0.608567
vn 0.3334 0.623808 -0.7069
vn 0.249181 0.661942 -0.706924
vn -0.804147 0.500123 -0.321286
vn -0.814847 0.435544 -0.382525
vn -0.503404 0.613395 -0.608548
vn -0.669537 0.549468 -0.499804
vn -0.581311 0.477084 -0.659142
vn -0.516255 0.483499 -0.706902
vn -0.384169 0.536133 -0.751649
vn -0.419012 0.673879 -0.608535
vn -0.374069 0.699802 -0.608563
vn -0.357489 0.788929 -0.499792
vn -0.439144 0.706201 -0.555367
vn -0.392035 0.733414 -0.555348
vn -0.446404 0.835165 -0.321283
vn -0.408302 0.76387 -0.499792
vn -0.354507 0.663218 -0.659141
vn -0.291891 0.644256 -0.706919
vn -0.305101 0.810619 -0.499811
vn -0.343183 0.757505 -0.555348
vn -0.129261 0.782915 -0.608553
vn -0.081532 0.827598 -0.555369
vn -0.027162 0.831148 -0.555387
vn -0.141078 0.854585 -0.499782
vn 0.176784 0.582757 -0.793185
vn 0.161324 0.531864 -0.831321
vn 0.031517 0.32005 -0.946876
vn 0.11328 0.300985 -0.946877
vn 0.11356 0.487146 -0.865906
vn 0.037532 0.381014 -0.923807
vn 0.182616 0.403038 -0.896778
vn 0.341931 0.365087 -0.865907
vn -0.483499 0.516255 -0.706902
vn -0.448719 0.546732 -0.70692
vn -0.149812 0.642287 -0.751681
vn -0.323722 0.451765 -0.831332
vn -0.073687 0.748388 -0.659155
vn -0.069308 0.70391 -0.706899
vn -0.272225 0.600748 -0.751662
vn -0.310351 0.685001 -0.659133
vn -0.115216 0.697853 -0.706914
vn -0.310396 0.684946 -0.659169
vn -0.225122 0.965559 -0.130448
vn -0.16147 0.978214 -0.130479
vn -0.577469 0.805915 -0.130501
vn -0.287813 0.948756 -0.130482
vn -0.58613 0.714255 -0.38248
vn -0.422856 0.79104 -0.442095
vn -0.632124 0.592128 -0.499804
vn -0.723601 0.677777 -0.130461
vn -0.352274 0.935897 0.0
vn -0.352274 0.935897 0.0
vn -0.349246 0.927908 -0.13044
vn 0.908925 -0.411801 -0.065382
vn 0.677777 -0.723601 -0.130461
vn 0.409164 -0.903089 -0.13044
vn 0.934332 -0.15425 -0.321294
vn 0.953067 -0.157333 -0.258668
vn 0.938579 -0.284723 -0.194939
vn 0.924357 -0.280436 -0.258689
vn 0.849229 -0.528025 0.0
vn 0.849229 -0.528025 0.0
vn 0.999465 0.03272 0.0
vn 0.999465 0.03272 -0.0
vn 0.993052 0.097834 -0.065397
vn 0.986674 0.097206 -0.13048
vn 0.892647 0.087969 -0.442089
vn 0.892647 -0.087969 -0.442089
vn 0.934302 -0.154312 -0.321353
vn 0.919513 0.090606 -0.382474
vn 0.896491 -0.029345 -0.442089
vn 0.896474 -0.029297 -0.442127
vn 0.861967 -0.084946 -0.499797
vn 0.861967 -0.084946 -0.499797
vn 0.84352 -0.196703 -0.499782
vn 0.92223 -0.215 -0.321352
vn 0.906186 0.274923 -0.321317
vn 0.886294 0.333533 -0.321307
vn -0.203686 -0.873542 -0.442082
vn -0.146119 -0.884986 -0.442096
vn -0.081558 -0.827583 -0.555387
vn -0.028291 -0.86568 -0.499798
vn -0.030228 -0.923472 -0.382474
vn -0.15425 -0.934332 -0.321294
vn 0.408302 -0.76387 -0.499792
vn 0.333533 -0.886294 -0.321307
vn 0.504503 -0.704053 -0.499786
vn 0.569022 -0.693364 -0.442109
vn 0.203682 -0.873545 -0.442079
vn 0.135434 -0.820519 -0.555343
vn 0.522473 -0.729084 -0.442107
vn 0.381311 -0.8416 -0.382507
vn 0.15425 -0.934332 -0.321294
vn 0.154312 -0.934302 -0.321353
vn 0.577469 -0.805915 -0.130501
vn 0.517931 -0.83289 -0.195041
vn 0.523561 -0.841946 -0.130427
vn 0.677767 -0.723608 -0.130472
vn 0.398672 -0.879854 -0.258684
vn 0.46234 -0.864986 -0.195043
vn 0.222702 -0.95519 -0.194976
vn -0.226547 0.971801 -0.065409
vn 0.097206 0.986674 -0.13048
vn 0.09466 0.96132 -0.258658
vn 0.090517 0.919491 -0.382547
vn 0.032638 0.997327 -0.065373
vn 0.032088 0.980269 -0.195046
vn -0.097834 0.993052 -0.065397
vn 0.409157 0.903091 -0.130448
vn 0.352274 0.935897 0.0
vn 0.352274 0.935897 -0.0
vn 0.226547 0.971801 -0.065409
vn -0.03272 0.999465 0.0
vn -0.03272 0.999465 0.0
vn 0.772999 0.634407 0.0
vn 0.772999 0.634407 -0.0
vn 0.729893 0.683562 0.0
vn 0.729893 0.683562 -0.0
vn 0.411801 0.908925 -0.065382
vn 0.83949 0.315946 -0.442079
vn 0.899806 0.209805 -0.382533
vn 0.884168 0.268172 -0.382533
vn 0.778293 0.292935 -0.555382
vn 0.771343 0.633055 -0.065362
vn 0.728274 0.682154 -0.065451
vn 0.723601 0.677777 -0.130461
vn 0.46234 0.864986 -0.195043
vn 0.517931 0.83289 -0.195041
vn 0.551566 0.769773 -0.321285
vn 0.381311 0.8416 -0.382507
vn 0.647324 0.691179 -0.321314
vn 0.660308 0.705044 -0.258663
vn 0.562617 0.785192 -0.25872
vn 0.523562 0.841945 -0.130426
vn 0.622222 0.758181 -0.194941
vn 0.682154 0.728274 -0.065451
vn 0.586175 0.714181 -0.38255
vn 0.600803 0.732003 -0.321258
vn 0.634407 0.772999 0.0
vn 0.634407 0.772999 -0.0
vn 0.582489 0.812839 0.0
vn 0.582489 0.812839 -0.0
vn 0.526896 0.847413 -0.065353
vn 0.47038 0.880043 -0.065322
vn 0.804147 0.500123 -0.321286
vn 0.761718 0.473643 -0.442095
vn 0.839468 0.315971 -0.442104
vn 0.817002 0.370188 -0.442118
vn 0.75815 0.622248 -0.194979
vn 0.8111 0.581243 -0.065362
vn 0.714181 0.586175 -0.38255
vn 0.732003 0.600803 -0.321258
vn 0.82886 -0.25139 -0.499795
vn 0.789693 0.077807 -0.608548
vn 0.659225 -0.021528 -0.751638
vn 0.553097 0.05446 -0.831335
vn 0.748408 -0.073739 -0.659127
vn 0.827598 0.081532 -0.555369
vn 0.820508 0.135394 -0.555369
vn 0.782915 0.129261 -0.608553
vn 0.688819 0.160606 -0.706918
vn 0.732379 0.170762 -0.659136
vn 0.600844 -0.099216 -0.793186
vn 0.414119 -0.155865 -0.896778
vn 0.65636 -0.064661 -0.751672
vn 0.548346 -0.090547 -0.831335
vn 0.499944 -0.01637 -0.865903
vn 0.548345 0.090548 -0.831335
vn 0.497804 -0.04902 -0.865903
vn 0.555464 0.018226 -0.831341
vn 0.497797 0.048999 -0.865908
vn 0.555476 -0.018255 -0.831332
vn 0.3173 0.052389 -0.946877
vn 0.46812 0.17622 -0.865916
vn 0.703819 0.264916 -0.659135
vn 0.719639 0.218316 -0.659135
vn 0.517125 0.321574 -0.793203
vn 0.574931 0.411969 -0.70692
vn 0.574912 0.411979 -0.706929
vn 0.416292 0.444465 -0.793191
vn 0.685001 0.310351 -0.659133
vn 0.663229 0.354499 -0.659134
vn 0.581311 0.477084 -0.659142
vn 0.581313 0.477075 -0.659147
vn 0.661942 0.249181 -0.706924
vn 0.617286 0.232371 -0.751639
vn 0.910849 0.41274 0.0
vn 0.910849 0.41274 -0.0
vn 0.847381 0.526941 -0.065408
vn 0.917943 0.345511 -0.194941
vn 0.938579 0.284723 -0.194939
vn 0.95519 0.222704 -0.194974
vn 0.978212 0.161531 -0.13042
vn 0.971801 0.226547 -0.065409
vn 0.94875 0.287847 -0.130448
vn 0.771346 0.63305 -0.065368
vn 0.908904 0.411859 -0.065321
vn 0.933894 0.351521 -0.065383
vn 0.893387 0.404768 -0.194995
vn 0.903089 0.409164 -0.13044
vn 0.804158 0.500113 -0.321273
vn 0.835162 0.446416 -0.321273
vn 0.832911 0.517909 -0.195013
vn 0.820301 0.510068 -0.25872
vn 0.333533 0.886294 -0.321307
vn 0.315946 0.83949 -0.442079
vn 0.435544 0.814847 -0.382525
vn 0.446404 0.835165 -0.321283
vn 0.333529 0.886295 -0.32131
vn 0.096159 0.976077 -0.195006
vn 0.351501 0.9339 -0.065403
vn 0.409164 0.903089 -0.13044
vn 0.129187 0.782893 -0.608596
vn 0.160563 0.688809 -0.706938
vn 0.170747 0.732392 -0.659126
vn 0.135434 0.820519 -0.555343
vn -0.849229 -0.528025 0.0
vn -0.849229 -0.528025 -0.0
vn -0.903091 -0.409157 -0.130448
vn -0.874376 -0.467386 -0.130448
vn -0.87439 -0.467367 -0.130425
vn -0.935897 0.352274 0.0
vn -0.935897 0.352274 0.0
vn -0.908925 0.411801 -0.065382
vn -0.967711 -0.159751 -0.194976
vn -0.927908 -0.349246 -0.13044
vn -0.517931 0.83289 -0.195041
vn -0.683562 0.729893 0.0
vn -0.683562 0.729893 0.0
vn -0.83289 0.517931 -0.195041
vn -0.600756 0.732023 -0.321301
vn -0.908904 0.411859 -0.065321
vn -0.771343 0.633055 -0.065362
vn -0.938579 0.284723 -0.194939
vn -0.862571 0.390812 -0.321306
vn -0.903091 0.409157 -0.130448
vn -0.886294 0.333533 -0.321307
vn -0.927918 0.349204 -0.130481
vn -0.893387 0.404768 -0.194995
vn -0.835165 0.446404 -0.321283
vn -0.699803 0.374047 -0.608575
vn -0.92223 0.215 -0.321352
vn -0.899806 0.209805 -0.382533
vn -0.884168 -0.268172 -0.382533
vn -0.948756 -0.287813 -0.130482
vn -0.961316 0.094637 -0.258678
vn -0.942424 0.092778 -0.321294
vn -0.954894 0.289657 -0.065387
vn -0.954888 0.289673 -0.065404
vn -0.97609 0.096114 -0.194961
vn -0.967716 0.159737 -0.194962
vn -0.997327 0.032638 -0.065373
vn -0.980276 0.032129 -0.195006
vn -0.832911 -0.517909 -0.195013
vn -0.746675 -0.61283 -0.25868
vn -0.76387 -0.408302 -0.499793
vn -0.942424 -0.092778 -0.321294
vn -0.613199 -0.654619 -0.442109
vn -0.549468 -0.669537 -0.499804
vn -0.693364 -0.569022 -0.442109
vn -0.654651 -0.613119 -0.442174
vn -0.75815 -0.622248 -0.194979
vn -0.797228 -0.571337 -0.19494
vn -0.670495 -0.715844 -0.194948
vn -0.677777 -0.723601 -0.130461
vn -0.812839 -0.582489 0.0
vn -0.812839 -0.582489 -0.0
vn -0.766403 -0.62897 -0.130476
vn -0.8111 -0.581243 -0.065362
vn -0.881927 -0.471387 0.0
vn -0.881927 -0.471387 -0.0
vn -0.613119 -0.654651 -0.442174
vn -0.58613 -0.714255 -0.38248
vn -0.569008 -0.693389 -0.442087
vn -0.435544 -0.814847 -0.382525
vn -0.542399 -0.57917 -0.608577
vn -0.57917 -0.542399 -0.608577
vn -0.581203 -0.811125 -0.065409
vn -0.622222 -0.758181 -0.194941
vn -0.523562 -0.841945 -0.130426
vn -0.409157 -0.903091 -0.130448
vn -0.523561 -0.841946 -0.130427
vn -0.526941 -0.847381 -0.065408
vn -0.404768 -0.893386 -0.194995
vn -0.517931 -0.83289 -0.195041
vn -0.577469 -0.805915 -0.130501
vn -0.682154 -0.728274 -0.065451
vn -0.691179 -0.647324 -0.321314
vn -0.660308 -0.705044 -0.258663
vn -0.227055 -0.973882 -0.0
vn -0.227055 -0.973882 0.0
vn -0.411801 -0.908925 -0.065382
vn -0.289673 -0.954888 -0.065404
vn -0.289657 -0.954894 -0.065387
vn -0.215041 -0.922232 -0.321318
vn -0.340276 -0.904035 -0.258713
vn -0.562616 -0.785194 -0.258717
vn -0.370209 -0.817001 -0.442103
vn -0.032478 -0.990918 -0.130483
vn -0.092775 -0.942423 -0.321297
vn 0.092775 -0.942423 -0.321297
vn -0.349204 -0.927918 -0.130481
vn -0.287813 -0.948756 -0.130482
vn -0.226569 -0.971798 -0.065387
vn -0.157333 -0.953067 -0.258668
vn -0.098007 -0.995186 -0.0
vn -0.098007 -0.995186 0.0
vn -0.03272 -0.999465 -0.0
vn -0.03272 -0.999465 0.0
vn 0.16147 -0.978214 -0.13048
vn 0.097206 -0.986674 -0.13048
vn 0.162911 -0.986641 0.0
vn 0.162911 -0.986641 0.0
vn 0.804158 -0.500113 -0.321273
vn 0.751056 -0.538117 -0.382551
vn 0.517909 -0.832911 -0.195013
vn 0.723601 -0.677777 -0.130461
vn 0.797261 -0.571265 -0.195015
vn 0.880043 -0.47038 -0.065322
vn 0.02829 -0.86568 -0.499797
vn 0.081532 -0.827598 -0.555369
vn 0.087969 -0.892647 -0.442089
vn -0.031001 -0.946471 -0.321296
vn 0.674382 -0.631599 -0.382482
vn 0.613199 -0.654619 -0.442109
vn 0.606948 -0.568489 -0.555369
vn 0.607004 -0.568466 -0.55533
vn 0.438033 -0.61127 -0.659148
vn 0.419012 -0.673879 -0.608535
vn 0.61337 -0.503415 -0.608564
vn 0.57917 -0.542399 -0.608577
vn 0.374047 -0.699803 -0.608575
vn 0.397092 -0.638626 -0.659148
vn 0.406589 -0.291352 -0.86591
vn 0.448707 -0.546734 -0.706925
vn 0.49013 -0.262007 -0.831339
vn 0.27944 -0.261718 -0.923806
vn 0.205316 -0.676848 -0.706911
vn -0.021528 -0.659225 -0.751638
vn 0.348328 -0.560082 -0.751649
vn 0.384169 -0.536133 -0.751649
vn 0.348253 -0.560089 -0.751678
vn 0.31091 -0.581648 -0.751678
vn 0.261993 -0.490148 -0.831333
vn 0.251309 -0.554685 -0.793201
vn 0.176764 -0.582753 -0.793192
vn 0.113283 -0.300985 -0.946876
vn 0.064568 0.010654 -0.997856
vn 0.124966 -0.03791 -0.991436
vn 0.09201 -0.172145 -0.980765
vn 0.082847 -0.100948 -0.991436
vn -0.177794 -0.080556 -0.980765
vn -0.056662 -0.186786 -0.980765
vn -0.093352 -0.30775 -0.946877
vn -0.151603 -0.283625 -0.946876
vn -0.642287 -0.149812 -0.751681
vn -0.541271 -0.126177 -0.831327
vn -0.065406 0.002143 -0.997856
vn 0.064568 -0.010654 -0.997856
vn -0.128847 -0.021273 -0.991436
vn -0.537059 -0.287094 -0.793186
vn -0.177794 0.080556 -0.980765
vn -0.123828 0.150883 -0.980766
vn -0.642287 0.149812 -0.751681
vn -0.499944 0.01637 -0.865903
vn -0.257732 -0.359667 -0.89678
vn -0.113698 -0.158657 -0.980765
vn -0.261411 -0.187322 -0.946876
vn -0.436566 -0.072079 -0.89678
vn -0.473652 -0.761706 -0.442106
vn -0.504503 -0.704053 -0.499786
vn -0.327452 -0.722781 -0.608575
vn -0.327543 -0.722783 -0.608523
vn -0.141078 -0.854585 -0.499782
vn -0.196685 -0.843517 -0.499795
vn -0.218313 -0.719638 -0.659136
vn -0.122502 -0.741988 -0.659126
vn -0.077798 -0.78969 -0.608553
vn -0.081532 -0.827598 -0.555369
vn 0.024605 -0.751604 -0.659155
vn 0.122502 -0.741988 -0.659126
vn -0.024643 -0.751622 -0.659134
vn -0.023177 -0.706934 -0.706899
vn 0.069308 -0.70391 -0.706899
vn -0.05446 -0.553097 -0.831335
vn -0.069334 -0.703894 -0.706913
vn -0.099216 -0.600844 -0.793186
vn -0.069308 -0.70391 -0.706899
vn -0.024605 -0.751604 -0.659155
vn -0.176764 -0.582753 -0.793192
vn 0.012525 -0.38265 -0.923809
vn -0.214471 -0.569954 -0.793193
vn -0.205328 -0.676836 -0.706918
vn -0.234722 -0.21984 -0.946877
vn -0.090547 -0.548346 -0.831335
vn 0.019135 -0.19425 -0.980765
vn -0.086942 -0.372856 -0.923807
vn -0.059703 -0.606031 -0.793197
vn 0.01637 -0.499944 -0.865903
vn -0.477084 -0.581311 -0.659142
vn -0.448707 -0.546734 -0.706925
vn -0.373496 -0.600659 -0.706902
vn -0.310886 -0.581682 -0.751662
vn -0.348253 -0.560089 -0.751678
vn -0.321556 -0.517154 -0.793192
vn -0.411969 -0.574931 -0.70692
vn -0.384169 -0.536133 -0.751649
vn -0.037521 -0.381011 -0.923809
vn -0.019126 -0.194252 -0.980765
vn 0.195809 -0.520157 -0.831321
vn 0.044326 -0.190092 -0.980765
vn 0.70401 0.504529 -0.499821
vn 0.735535 0.457386 -0.499786
vn 0.606948 0.568489 -0.555369
vn 0.568466 0.607004 -0.55533
vn 0.663218 -0.354507 -0.659141
vn 0.644255 -0.291881 -0.706923
vn 0.673839 -0.419038 -0.608562
vn 0.673879 -0.419012 -0.608535
vn 0.703812 -0.264847 -0.659169
vn 0.820508 -0.135394 -0.555369
vn 0.722781 -0.327452 -0.608575
vn 0.817001 -0.370209 -0.442103
vn 0.763884 -0.408291 -0.499781
vn 0.675967 -0.484432 -0.555332
vn 0.862571 -0.390812 -0.321306
vn 0.8416 -0.381311 -0.382507
vn 0.873542 -0.203686 -0.442082
vn 0.980269 -0.032088 -0.195046
vn 0.138275 -0.593049 -0.793204
vn 0.262007 -0.49013 -0.831339
vn 0.223003 -0.311205 -0.923808
vn 0.202173 -0.325123 -0.923808
vn 0.234723 -0.219837 -0.946877
vn 0.058805 -0.252186 -0.96589
vn 0.24235 -0.091219 -0.965891
vn 0.280704 0.34204 -0.89678
vn 0.541271 -0.126177 -0.831327
vn 0.295954 -0.242883 -0.923807
vn 0.390228 -0.208586 -0.89678
vn 0.441138 -0.235787 -0.865911
vn 0.128847 0.021273 -0.991436
vn 0.142463 0.133432 -0.980765
vn 0.35832 0.134859 -0.923807
vn 0.313194 0.07303 -0.946877
vn 0.403038 0.182617 -0.896778
vn 0.172145 0.09201 -0.980765
vn 0.490148 0.261993 -0.831333
vn 0.506231 0.229365 -0.831338
vn 0.569954 0.214471 -0.793193
vn 0.554685 0.251309 -0.793201
vn -0.441138 0.235787 -0.865911
vn -0.537059 0.287094 -0.793186
vn -0.490148 0.261993 -0.831333
vn -0.325123 0.202173 -0.923808
vn -0.18268 -0.068759 -0.980765
vn -0.247802 0.075167 -0.96589
vn -0.32005 0.031517 -0.946876
vn -0.321427 -0.01052 -0.946876
vn -0.430918 0.100479 -0.896779
vn -0.442243 0.014475 -0.896778
vn -0.471966 0.293485 -0.831333
vn -0.471965 0.293491 -0.831332
vn -0.416292 0.444465 -0.793191
vn -0.429616 0.352586 -0.831332
vn -0.293485 0.471966 -0.831333
vn -0.205316 0.676848 -0.706911
vn -0.091213 0.242353 -0.965891
vn -0.158009 0.34873 -0.923808
vn -0.302473 0.322944 -0.896782
vn -0.234722 0.21984 -0.946877
vn -0.150886 0.123826 -0.980765
vn -0.262007 0.49013 -0.831339
vn -0.358318 0.134861 -0.923808
vn -0.172145 0.09201 -0.980765
vn -0.386659 0.317323 -0.86591
vn -0.429617 0.352584 -0.831333
vn -0.136737 0.219904 -0.965891
vn -0.235868 0.106868 -0.965891
vn -0.325124 0.202171 -0.923808
vn -0.337647 0.18048 -0.923808
vn -0.546732 0.448719 -0.70692
vn -0.579155 0.542447 -0.608548
vn -0.706201 0.439144 -0.555367
vn -0.729084 0.522473 -0.442107
vn -0.638626 0.397092 -0.659148
vn -0.685001 0.310351 -0.659133
vn -0.719638 0.218313 -0.659136
vn -0.757465 0.343218 -0.555381
vn -0.75933 0.230357 -0.608567
vn -0.531849 0.161341 -0.831328
vn -0.729109 0.522457 -0.442085
vn -0.632166 0.592109 -0.499773
vn -0.732003 0.600803 -0.321258
vn -0.841584 0.381327 -0.382525
vn -0.659225 0.021528 -0.751638
vn -0.751604 0.024605 -0.659155
vn -0.706934 0.023177 -0.706899
vn -0.719638 -0.218313 -0.659136
vn -0.555476 0.018255 -0.831332
vn -0.608647 0.01995 -0.79319
vn -0.661942 0.249181 -0.706924
vn -0.617277 0.232278 -0.751676
vn -0.593061 0.13833 -0.793186
vn -0.600828 0.099162 -0.793204
vn -0.560082 0.348328 -0.751649
vn -0.569954 0.214471 -0.793193
vn -0.828844 -0.251408 -0.499811
vn -0.600844 -0.099216 -0.793186
vn -0.516255 -0.483499 -0.706902
vn -0.317329 -0.386657 -0.865909
vn -0.841584 -0.381327 -0.382525
vn -0.642874 -0.527559 -0.555333
vn -0.613395 -0.503404 -0.608548
vn -0.581313 -0.477075 -0.659147
vn -0.688819 -0.160606 -0.706918
vn -0.892647 -0.087969 -0.442089
vn -0.946471 -0.031001 -0.321296
vn -0.782893 -0.129187 -0.608596
vn -0.828844 0.251408 -0.499811
vn -0.896474 0.029297 -0.442127
vn 0.313196 -0.073027 -0.946877
vn 0.375752 -0.233659 -0.89678
vn 0.177791 -0.080559 -0.980765
vn 0.189 -0.177017 -0.96589
vn 0.514077 0.548864 -0.659146
vn 0.514085 0.548842 -0.659158
vn 0.305113 0.810619 -0.499803
vn 0.357475 0.78893 -0.499802
vn 0.419012 0.673879 -0.608535
vn 0.327452 0.722781 -0.608575
vn 0.081482 0.49352 -0.865909
vn 0.191448 0.63113 -0.75168
vn 0.123828 0.150883 -0.980766
vn 0.127179 -0.029654 -0.991436
vn 0.27944 0.261718 -0.923806
vn 0.012525 0.38265 -0.923809
vn -0.008473 0.25881 -0.965891
vn 0.006382 0.195086 -0.980765
vn -0.021276 0.128846 -0.991436
vn 0.065126 -0.006412 -0.997856
vn 0.429617 0.352584 -0.831333
vn 0.444469 0.416279 -0.793196
vn 0.448719 0.546732 -0.70692
vn 0.483517 0.516207 -0.706924
vn 0.448707 0.546734 -0.706926
vn 0.272225 0.600748 -0.751662
vn 0.206432 0.455617 -0.865909
vn 0.195752 0.520153 -0.831337
vn 0.352585 0.429616 -0.831332
vn 0.323722 0.451764 -0.831332
vn 0.261993 0.490148 -0.831333
vn 0.262007 0.49013 -0.831339
vn 0.233659 0.375752 -0.89678
vn 0.234723 0.219837 -0.946877
vn -0.064652 0.656356 -0.751676
vn 0.107398 0.650729 -0.751676
vn 0.31091 0.581648 -0.751678
vn 0.272189 0.600791 -0.75164
vn 0.214471 0.569954 -0.793193
vn 0.229365 0.506231 -0.831338
vn 0.264916 0.703819 -0.659135
vn 0.249161 0.661964 -0.706911
vn 0.527559 0.642874 -0.555333
vn 0.462186 0.645032 -0.608537
vn -0.847381 0.526941 -0.065408
vn -0.893386 0.40477 -0.194996
vn -0.64282 0.527586 -0.555371
vn -0.606948 0.568489 -0.555369
vn -0.484432 0.675967 -0.555332
vn -0.527586 0.64282 -0.555371
vn -0.481399 0.450855 -0.751655
vn -0.494993 0.354698 -0.793203
vn -0.397104 0.638624 -0.659142
vn -0.373496 0.600659 -0.706902
vn -0.029297 0.896474 -0.442127
vn -0.188865 0.809891 -0.555343
vn -0.241398 0.795807 -0.555354
vn -0.230331 0.759326 -0.608582
vn -0.107486 0.650756 -0.75164
vn -0.333423 0.623775 -0.706918
vn -0.419038 0.673839 -0.608562
vn -0.439154 0.706187 -0.555378
vn -0.370209 0.817001 -0.442103
vn -0.292935 0.778293 -0.555382
vn -0.457382 0.735541 -0.499781
vn -0.457386 0.735535 -0.499786
vn -0.129187 0.782893 -0.608596
vn -0.180203 0.772746 -0.608597
vn 0.251408 0.828844 -0.499811
vn -0.135394 0.820508 -0.555369
vn 0.031002 0.946472 -0.321295
vn -0.096114 0.97609 -0.194961
vn 0.208586 0.390228 -0.89678
vn 0.176198 0.468141 -0.865909
vn 0.202173 0.325123 -0.923808
vn 0.233657 0.375754 -0.896779
vn 0.151602 0.283625 -0.946876
vn 0.128445 0.423425 -0.896779
vn -0.01637 0.499944 -0.865903
vn 0.043377 0.440345 -0.89678
vn 0.062369 0.377744 -0.923807
vn -0.010523 0.321426 -0.946876
vn -0.323722 0.451764 -0.831332
vn -0.379916 0.405643 -0.831335
vn -0.354698 0.494993 -0.793203
vn -0.348328 0.560082 -0.751649
vn -0.069334 0.703894 -0.706913
vn -0.021528 0.659225 -0.751638
vn -0.122502 0.741988 -0.659126
vn -0.073739 0.748408 -0.659127
vn -0.107398 0.650729 -0.751676
vn -0.090548 0.548345 -0.831335
vn -0.031001 0.946471 -0.321296
vn -0.284756 0.938562 -0.194974
vn -0.290279 0.956942 0.0
vn -0.290279 0.956942 0.0
vn -0.287847 0.94875 -0.130448
vn -0.222704 0.95519 -0.194974
vn -0.804158 0.500113 -0.321273
vn -0.785194 0.562616 -0.258717
vn -0.455394 0.851889 -0.258653
vn -0.333529 0.886295 -0.32131
vn -0.40477 0.893386 -0.194996
vn -0.398672 0.879854 -0.258684
vn -0.462387 0.864971 -0.194996
vn -0.46234 0.864986 -0.195043
vn 0.289657 -0.954894 -0.065387
vn 0.622248 -0.75815 -0.194979
vn 0.980276 0.032129 -0.195006
vn 0.965559 -0.225122 -0.130448
vn 0.942423 -0.092775 -0.321297
vn 0.967716 -0.159737 -0.194962
vn 0.993052 -0.097834 -0.065397
vn 0.995186 -0.098007 0.0
vn 0.995186 -0.098007 0.0
vn 0.917953 -0.345455 -0.194995
vn 0.917943 -0.345511 -0.194941
vn 0.986641 -0.162911 0.0
vn 0.986641 -0.162911 0.0
vn 0.927908 -0.349246 -0.13044
vn 0.971798 -0.226569 -0.065387
vn 0.864971 -0.462387 -0.194996
vn 0.851889 -0.455394 -0.258653
vn 0.771343 -0.633055 -0.065362
vn 0.8111 -0.581243 -0.065362
vn 0.880027 -0.470406 -0.065352
vn 0.847413 -0.526896 -0.065353
vn 0.993058 0.097798 -0.06536
vn 0.984528 0.162562 -0.065409
vn 0.942424 0.092778 -0.321294
vn 0.976077 0.096159 -0.195006
vn 0.892644 0.087958 -0.442097
vn 0.884986 0.146119 -0.442096
vn 0.934302 0.154312 -0.321353
vn 0.911603 0.150563 -0.382506
vn 0.923464 0.030248 -0.382491
vn 0.919491 0.090517 -0.382547
vn 0.831166 0.027204 -0.555359
vn 0.861967 0.084946 -0.499797
vn 0.86568 0.02829 -0.499797
vn 0.896491 0.029345 -0.442089
vn 0.919491 -0.090517 -0.382547
vn 0.854585 -0.141078 -0.499782
vn 0.795807 -0.241398 -0.555354
vn 0.810619 -0.305113 -0.499803
vn 0.904035 0.340276 -0.258713
vn 0.924358 0.280409 -0.258714
vn -0.274923 -0.906186 -0.321317
vn -0.203682 -0.873545 -0.442079
vn -0.087958 -0.892644 -0.442097
vn 0.030228 -0.923472 -0.382474
vn -0.146098 -0.884998 -0.442078
vn -0.18886 -0.80989 -0.555346
vn -0.084946 -0.861967 -0.499797
vn -0.084946 -0.861967 -0.499797
vn 0.032088 -0.980269 -0.195046
vn -0.284723 -0.938579 -0.194939
vn 0.274917 -0.90619 -0.321311
vn 0.268237 -0.884171 -0.382481
vn 0.325421 -0.864749 -0.382506
vn 0.325452 -0.864748 -0.382481
vn 0.422856 -0.79104 -0.442095
vn 0.551546 -0.769799 -0.321256
vn 0.29298 -0.778296 -0.555354
vn 0.129187 -0.782893 -0.608596
vn 0.218313 -0.719638 -0.659136
vn 0.218316 -0.719639 -0.659135
vn 0.392006 -0.733416 -0.555367
vn 0.251408 -0.828844 -0.499811
vn 0.343183 -0.757505 -0.555348
vn 0.457382 -0.735541 -0.499781
vn 0.150563 -0.911603 -0.382506
vn 0.280436 -0.924357 -0.258689
vn 0.146098 -0.884998 -0.442078
vn 0.141078 -0.854585 -0.499782
vn 0.222704 -0.95519 -0.194974
vn 0.159737 -0.967716 -0.194962
vn 0.569008 -0.693389 -0.442087
vn 0.61283 -0.746675 -0.25868
vn 0.682099 -0.728332 -0.065372
vn 0.682154 -0.728274 -0.065451
vn 0.526896 -0.847413 -0.065353
vn 0.470406 -0.880027 -0.065352
vn 0.462387 -0.864971 -0.194996
vn 0.562617 -0.785192 -0.25872
vn 0.284756 -0.938562 -0.194974
vn 0.398648 -0.879874 -0.258656
vn 0.219332 -0.940736 -0.258668
vn 0.219353 -0.940725 -0.25869
vn -0.162562 0.984528 -0.065409
vn 0.031622 0.965446 -0.258678
vn 0.031001 0.946471 -0.321296
vn 0.159751 0.967711 -0.194976
vn 0.087958 0.892644 -0.442097
vn 0.029345 0.896491 -0.442089
vn 0.030228 0.923472 -0.382474
vn -0.031622 0.965446 -0.258678
vn -0.031603 0.965451 -0.25866
vn 0.03265 0.997327 -0.065361
vn 0.280436 0.924357 -0.258689
vn -0.098007 0.995186 0.0
vn -0.098007 0.995186 0.0
vn 0.349204 0.927918 -0.130481
vn 0.287813 0.948756 -0.130482
vn 0.470406 0.880027 -0.065352
vn 0.467386 0.874376 -0.130448
vn 0.097834 0.993052 -0.065397
vn 0.287847 0.94875 -0.130448
vn 0.161531 0.978212 -0.13042
vn 0.290279 0.956942 0.0
vn 0.290279 0.956942 -0.0
vn 0.873542 0.203686 -0.442082
vn 0.843517 0.196685 -0.499795
vn 0.810619 0.305113 -0.499803
vn 0.810619 0.305101 -0.499811
vn 0.841584 0.381327 -0.382525
vn 0.864749 0.325421 -0.382506
vn 0.577536 0.805879 -0.130428
vn 0.523561 0.841946 -0.130427
vn 0.462387 0.864971 -0.194996
vn 0.510138 0.820279 -0.258654
vn 0.487966 0.7846 -0.382482
vn 0.500123 0.804147 -0.321286
vn 0.600756 0.732023 -0.321301
vn 0.647337 0.691173 -0.321302
vn 0.705044 0.660308 -0.258663
vn 0.691179 0.647324 -0.321314
vn 0.528025 0.849229 0.0
vn 0.528025 0.849229 -0.0
vn 0.63305 0.771346 -0.065368
vn 0.631599 0.674382 -0.382482
vn 0.631607 0.674378 -0.382474
vn 0.569008 0.693389 -0.442087
vn 0.504503 0.704053 -0.499786
vn 0.785194 0.562616 -0.258717
vn 0.769773 0.551566 -0.321285
vn 0.746675 0.61283 -0.25868
vn 0.70503 0.660317 -0.258678
vn 0.674382 0.631599 -0.382482
vn 0.674378 0.631607 -0.382474
vn 0.69782 -0.11526 -0.706938
vn 0.742693 -0.279478 -0.608522
vn 0.719639 -0.218316 -0.659135
vn 0.706891 -0.023084 -0.706945
vn 0.741987 -0.122503 -0.659127
vn 0.820519 -0.135434 -0.555343
vn 0.706934 0.023177 -0.706899
vn 0.793092 0.025957 -0.608548
vn 0.772779 0.180163 -0.608567
vn 0.759326 0.230331 -0.608582
vn 0.732392 0.170747 -0.659126
vn 0.741988 0.122502 -0.659126
vn 0.366372 -0.111137 -0.923807
vn 0.366372 -0.111134 -0.923808
vn 0.555464 -0.018226 -0.831341
vn 0.656356 -0.064652 -0.751676
vn 0.436566 0.072079 -0.89678
vn 0.478655 0.145185 -0.865916
vn 0.650729 0.107398 -0.751676
vn 0.65636 0.064661 -0.751672
vn 0.553091 0.054441 -0.83134
vn 0.555476 0.018255 -0.831332
vn 0.63113 -0.191448 -0.75168
vn 0.541254 -0.126199 -0.831335
vn 0.442243 0.014475 -0.896778
vn 0.381011 -0.037521 -0.923809
vn 0.455612 0.206438 -0.865911
vn 0.455617 0.206432 -0.865909
vn 0.69782 0.11526 -0.706938
vn 0.661964 0.249161 -0.70691
vn 0.560089 0.348253 -0.751678
vn 0.560082 0.348328 -0.751649
vn 0.623775 0.333423 -0.706919
vn 0.722781 0.327452 -0.608575
vn 0.742618 0.279549 -0.608581
vn 0.733414 0.392035 -0.555348
vn 0.675981 0.484362 -0.555377
vn 0.613395 0.503404 -0.608548
vn 0.978214 0.16147 -0.130479
vn 0.97609 0.096114 -0.194961
vn 0.965559 0.225122 -0.130448
vn 0.965569 0.225094 -0.13042
vn 0.927918 0.349204 -0.130481
vn 0.927908 0.349246 -0.13044
vn 0.670495 0.715844 -0.194948
vn 0.811125 0.581203 -0.065409
vn 0.766385 0.628986 -0.1305
vn 0.814847 0.435544 -0.382525
vn 0.835165 0.446404 -0.321283
vn 0.879874 0.398648 -0.258656
vn 0.879854 0.398672 -0.258684
vn 0.785192 0.562617 -0.25872
vn 0.797261 0.571265 -0.195015
vn 0.268172 0.884168 -0.382533
vn 0.260345 0.858364 -0.442078
vn 0.325452 0.864748 -0.382481
vn 0.215 0.92223 -0.321352
vn 0.325421 0.864749 -0.382506
vn 0.219353 0.940725 -0.25869
vn 0.219332 0.940736 -0.258668
vn 0.284756 0.938562 -0.194974
vn 0.084946 0.861967 -0.499797
vn 0.084946 0.861967 -0.499797
vn 0.122502 0.741988 -0.659126
vn 0.069308 0.70391 -0.706899
vn 0.18886 0.80989 -0.555346
vn 0.392006 0.733416 -0.555367
vn -0.908904 -0.411858 -0.065321
vn -0.999465 -0.03272 0.0
vn -0.999465 -0.03272 -0.0
vn -0.997327 -0.03265 -0.065361
vn -0.997327 -0.032638 -0.065373
vn -0.933894 -0.351521 -0.065383
vn -0.893386 -0.40477 -0.194996
vn -0.967716 -0.159737 -0.194962
vn -0.467386 0.874376 -0.130448
vn -0.526896 0.847413 -0.065353
vn -0.797228 0.571337 -0.19494
vn -0.805879 0.577536 -0.130428
vn -0.766385 0.628986 -0.1305
vn -0.864986 0.46234 -0.195043
vn -0.581203 0.811125 -0.065409
vn -0.660317 0.70503 -0.258678
vn -0.881927 0.471387 0.0
vn -0.881927 0.471387 0.0
vn -0.528025 0.849229 0.0
vn -0.528025 0.849229 0.0
vn -0.729893 0.683562 0.0
vn -0.729893 0.683562 0.0
vn -0.922232 0.215041 -0.321318
vn -0.940725 0.219353 -0.25869
vn -0.917953 0.345455 -0.194995
vn -0.924358 0.280409 -0.258714
vn -0.90619 0.274917 -0.321311
vn -0.917943 0.345511 -0.194941
vn -0.851897 0.455362 -0.258683
vn -0.769799 0.551546 -0.321256
vn -0.706187 0.439154 -0.555378
vn -0.79104 0.422856 -0.442095
vn -0.911594 0.150512 -0.382548
vn -0.896491 0.029345 -0.442089
vn -0.911603 0.150563 -0.382506
vn -0.934302 0.154312 -0.321353
vn -0.919491 0.090517 -0.382547
vn -0.965446 0.031622 -0.258678
vn -0.997327 0.03265 -0.065361
vn -0.993058 0.097798 -0.06536
vn -0.978212 0.161531 -0.13042
vn -0.978214 0.16147 -0.13048
vn -0.953068 0.157344 -0.258658
vn -0.96132 0.09466 -0.258658
vn -0.965446 -0.031622 -0.258678
vn -0.980269 0.032088 -0.195046
vn -0.864986 -0.46234 -0.195043
vn -0.83289 -0.517931 -0.195041
vn -0.820301 -0.510068 -0.25872
vn -0.797261 -0.571265 -0.195015
vn -0.778296 -0.29298 -0.555354
vn -0.810619 -0.305113 -0.499803
vn -0.568489 -0.606948 -0.555369
vn -0.527586 -0.64282 -0.55537
vn -0.766385 -0.628986 -0.1305
vn -0.811125 -0.581203 -0.065409
vn -0.600756 -0.732023 -0.321301
vn -0.647337 -0.691173 -0.321302
vn -0.683562 -0.729893 -0.0
vn -0.683562 -0.729893 0.0
vn -0.847381 -0.526941 -0.065408
vn -0.841946 -0.523561 -0.130427
vn -0.771343 -0.633055 -0.065362
vn -0.771346 -0.63305 -0.065368
vn -0.677767 -0.723608 -0.130472
vn -0.62897 -0.766403 -0.130476
vn -0.634407 -0.772999 -0.0
vn -0.634407 -0.772999 0.0
vn -0.582489 -0.812839 -0.0
vn -0.582489 -0.812839 0.0
vn -0.510138 -0.820279 -0.258654
vn -0.209805 -0.899806 -0.382533
vn -0.411858 -0.908904 -0.065321
vn -0.467386 -0.874376 -0.130448
vn -0.470406 -0.880027 -0.065352
vn -0.571265 -0.797261 -0.195015
vn -0.517909 -0.832911 -0.195013
vn -0.500123 -0.804147 -0.321286
vn -0.500113 -0.804158 -0.321273
vn -0.457382 -0.735541 -0.499781
vn -0.457386 -0.735535 -0.499786
vn -0.268172 -0.884168 -0.382533
vn -0.398648 -0.879873 -0.258656
vn -0.633055 -0.771343 -0.065362
vn -0.63305 -0.771346 -0.065368
vn -0.70503 -0.660317 -0.258678
vn -0.746692 -0.612795 -0.258716
vn -0.660317 -0.70503 -0.258678
vn -0.61283 -0.746675 -0.25868
vn -0.41274 -0.910849 -0.0
vn -0.41274 -0.910849 0.0
vn -0.352274 -0.935897 -0.0
vn -0.352274 -0.935897 0.0
vn -0.280409 -0.924358 -0.258714
vn -0.219353 -0.940725 -0.25869
vn -0.343183 -0.757505 -0.555348
vn -0.439154 -0.706187 -0.555378
vn -0.251408 -0.828844 -0.499811
vn -0.25139 -0.82886 -0.499795
vn -0.446404 -0.835165 -0.321283
vn -0.390839 -0.862567 -0.321284
vn -0.097834 -0.993052 -0.065397
vn -0.159737 -0.967716 -0.194962
vn 0.032478 -0.990918 -0.130483
vn 0.032129 -0.980276 -0.195006
vn 0.029345 -0.896491 -0.442089
vn 0.090606 -0.919513 -0.382474
vn -0.351501 -0.9339 -0.065403
vn -0.349246 -0.927908 -0.13044
vn 0.097798 -0.993058 -0.06536
vn 0.098007 -0.995186 0.0
vn 0.098007 -0.995186 0.0
vn 0.096114 -0.97609 -0.194961
vn 0.09466 -0.96132 -0.258658
vn 0.161531 -0.978212 -0.13042
vn 0.225094 -0.965569 -0.13042
vn 0.751032 -0.538201 -0.38248
vn 0.769799 -0.551546 -0.321256
vn 0.758181 -0.622222 -0.194941
vn 0.797228 -0.571337 -0.19494
vn 0.562616 -0.785194 -0.258717
vn 0.631599 -0.674382 -0.382482
vn 0.75815 -0.622248 -0.194979
vn 0.746675 -0.61283 -0.25868
vn 0.027204 -0.831166 -0.555359
vn 0.073739 -0.748408 -0.659127
vn 0.081558 -0.827583 -0.555387
vn 0.084946 -0.861967 -0.499797
vn 0.592128 -0.632124 -0.499804
vn 0.549468 -0.669537 -0.499804
vn 0.542399 -0.57917 -0.608577
vn 0.450855 -0.481399 -0.751655
vn 0.462209 -0.64499 -0.608565
vn 0.503415 -0.61337 -0.608564
vn 0.611268 -0.438044 -0.659143
vn 0.579155 -0.542447 -0.608548
vn 0.374069 -0.699802 -0.608563
vn 0.279478 -0.742693 -0.608522
vn 0.392035 -0.733414 -0.555348
vn 0.370209 -0.817001 -0.442103
vn 0.317329 -0.386657 -0.865909
vn 0.537059 -0.287094 -0.793186
vn 0.536126 -0.384173 -0.751652
vn 0.470734 -0.386329 -0.793196
vn 0.164274 -0.200173 -0.965891
vn 0.233659 -0.375752 -0.89678
vn 0.214471 -0.569954 -0.793193
vn 0.232278 -0.617277 -0.751676
vn 0.287094 -0.537059 -0.793186
vn 0.291352 -0.406589 -0.86591
vn 0.354698 -0.494993 -0.793203
vn 0.321574 -0.517125 -0.793203
vn 0.161341 -0.531849 -0.831328
vn 0.090548 -0.548345 -0.831335
vn 0.229365 -0.506231 -0.831338
vn 0.251353 -0.554686 -0.793187
vn 0.065126 0.006413 -0.997856
vn 0.050587 -0.041516 -0.997856
vn 0.058802 -0.252187 -0.96589
vn 0.056662 -0.186786 -0.980765
vn 0.089266 -0.095318 -0.991436
vn 0.068759 -0.18268 -0.980765
vn 0.165755 -0.103075 -0.980766
vn 0.123828 -0.150883 -0.980766
vn -0.008478 -0.258812 -0.965891
vn 0.041516 -0.050587 -0.997856
vn -0.081482 -0.49352 -0.865909
vn -0.145185 -0.478655 -0.865916
vn -0.145199 -0.478656 -0.865913
vn -0.27944 -0.261718 -0.923806
vn -0.186786 -0.056662 -0.980765
vn -0.169829 -0.273099 -0.946876
vn -0.531849 -0.161341 -0.831328
vn -0.722781 -0.327452 -0.608575
vn -0.581648 -0.31091 -0.751678
vn -0.560089 -0.348253 -0.751678
vn 0.002138 0.065407 -0.997856
vn -0.041516 -0.050587 -0.997856
vn -0.106868 -0.235868 -0.965891
vn -0.091219 -0.24235 -0.965891
vn 0.076067 0.10615 -0.991436
vn 0.065126 -0.006413 -0.997856
vn -0.255493 0.042182 -0.96589
vn -0.127179 0.029654 -0.991436
vn -0.493524 -0.081496 -0.865906
vn -0.49352 -0.081482 -0.865909
vn -0.372856 -0.086936 -0.923808
vn -0.377744 -0.062368 -0.923807
vn -0.423425 -0.128444 -0.896779
vn -0.122219 -0.046003 -0.991436
vn -0.313194 -0.07303 -0.946877
vn -0.541254 -0.126199 -0.831335
vn -0.499944 -0.01637 -0.865903
vn -0.38265 0.012525 -0.923809
vn -0.374047 -0.699803 -0.608575
vn -0.462186 -0.645032 -0.608537
vn -0.408291 -0.763884 -0.499781
vn -0.230331 -0.759326 -0.608582
vn -0.196703 -0.84352 -0.499782
vn -0.343218 -0.757465 -0.555381
vn -0.188865 -0.809891 -0.555343
vn -0.135434 -0.820519 -0.555343
vn -0.11526 -0.69782 -0.706938
vn -0.122503 -0.741987 -0.659127
vn -0.279478 -0.742693 -0.608522
vn -0.264847 -0.703812 -0.659169
vn -0.027204 -0.831166 -0.555359
vn -0.077807 -0.789693 -0.608548
vn -0.129187 -0.782893 -0.608596
vn -0.129261 -0.782915 -0.608553
vn 0.170747 -0.732392 -0.659126
vn 0.160563 -0.688809 -0.706938
vn 0.024643 -0.751622 -0.659134
vn 0.069334 -0.703894 -0.706913
vn 0.064661 -0.65636 -0.751672
vn 0.126199 -0.541254 -0.831335
vn -0.059673 -0.606049 -0.793186
vn -0.11356 -0.487146 -0.865906
vn -0.149733 -0.642352 -0.751641
vn -0.064652 -0.656356 -0.751676
vn -0.232278 -0.617277 -0.751676
vn -0.176784 -0.582757 -0.793185
vn -0.291881 -0.644255 -0.706923
vn -0.251353 -0.554686 -0.793187
vn -0.161324 -0.531864 -0.831321
vn -0.195809 -0.520157 -0.831321
vn -0.037532 -0.381014 -0.923807
vn -0.126177 -0.541271 -0.831327
vn -0.018255 -0.555476 -0.831332
vn -0.016429 -0.499916 -0.865918
vn -0.542447 -0.579155 -0.608548
vn -0.514085 -0.548842 -0.659158
vn -0.448719 -0.546732 -0.70692
vn -0.384173 -0.536126 -0.751652
vn -0.354499 -0.663229 -0.659134
vn -0.310351 -0.685001 -0.659133
vn -0.232371 -0.617286 -0.751639
vn -0.262007 -0.49013 -0.831339
vn -0.418436 -0.509834 -0.751652
vn -0.418438 -0.509829 -0.751654
vn -0.287094 -0.537059 -0.793186
vn -0.287076 -0.53706 -0.793192
vn 0.031517 -0.32005 -0.946876
vn 0.11328 -0.300985 -0.946877
vn 0.012802 -0.129962 -0.991436
vn 0.052388 -0.3173 -0.946877
vn 0.729084 0.522473 -0.442107
vn 0.761706 0.473652 -0.442106
vn 0.645032 0.462186 -0.608537
vn 0.706187 0.439154 -0.555378
vn 0.722783 -0.327543 -0.608523
vn 0.688809 -0.160563 -0.706938
vn 0.623775 -0.333423 -0.706918
vn 0.638624 -0.397104 -0.659142
vn 0.676848 -0.205316 -0.706911
vn 0.593061 -0.13833 -0.793186
vn 0.757505 -0.343183 -0.555348
vn 0.78893 -0.357475 -0.499802
vn 0.79104 -0.422856 -0.442095
vn 0.817002 -0.370188 -0.442118
vn 0.788929 -0.357489 -0.499792
vn 0.791044 -0.422826 -0.442117
vn 0.693389 -0.569008 -0.442087
vn 0.669544 -0.549446 -0.499821
vn 0.873545 -0.203682 -0.442079
vn 0.884168 -0.268172 -0.382533
vn 0.182617 -0.403038 -0.896778
vn 0.20858 -0.390235 -0.896778
vn 0.161324 -0.531864 -0.831321
vn 0.155865 -0.414119 -0.896778
vn 0.054441 -0.553091 -0.83134
vn 0.182616 -0.403038 -0.896778
vn 0.122068 -0.228372 -0.965891
vn 0.151602 -0.283625 -0.946876
vn 0.09201 0.172144 -0.980765
vn -0.014866 0.06373 -0.997856
vn 0.219904 0.136737 -0.965891
vn 0.32005 -0.031517 -0.946876
vn 0.300985 0.113283 -0.946876
vn -0.192583 0.031796 -0.980765
vn 0.172145 -0.09201 -0.980765
vn 0.18268 -0.068759 -0.980765
vn 0.235868 -0.106868 -0.965891
vn 0.30775 -0.093352 -0.946877
vn 0.381014 -0.037532 -0.923807
vn 0.424772 -0.264139 -0.865909
vn 0.442245 -0.014481 -0.896778
vn 0.440352 -0.043363 -0.896777
vn 0.487127 -0.113585 -0.865913
vn 0.3173 -0.052388 -0.946877
vn 0.25881 -0.008473 -0.965891
vn 0.320047 -0.031523 -0.946877
vn 0.377744 0.062369 -0.923807
vn 0.414119 0.155865 -0.896778
vn 0.478656 0.145199 -0.865913
vn 0.487127 0.113585 -0.865913
vn 0.451765 0.323722 -0.831332
vn 0.470717 0.386337 -0.793202
vn 0.520153 0.195752 -0.831337
vn 0.506231 0.229356 -0.83134
vn 0.600791 0.272189 -0.75164
vn 0.644255 0.291881 -0.706923
vn 0.617277 0.232278 -0.751676
vn 0.631138 0.19144 -0.751675
vn -0.455612 0.206438 -0.865911
vn -0.403038 0.182617 -0.896778
vn -0.242353 0.091213 -0.965891
vn -0.24235 0.091219 -0.965891
vn -0.25881 -0.008473 -0.965891
vn -0.258812 -0.008478 -0.965891
vn -0.372857 0.086942 -0.923807
vn -0.252186 0.058805 -0.96589
vn -0.3173 0.052389 -0.946877
vn -0.440352 -0.043363 -0.896777
vn -0.487146 0.11356 -0.865906
vn -0.548345 0.090548 -0.831335
vn -0.487127 0.113585 -0.865913
vn -0.478656 0.145199 -0.865913
vn -0.375752 0.233659 -0.89678
vn -0.390228 0.208586 -0.89678
vn -0.451764 0.323722 -0.831332
vn -0.406589 0.291352 -0.86591
vn -0.341931 0.365087 -0.865907
vn -0.291354 0.406586 -0.86591
vn -0.494993 0.354698 -0.793203
vn -0.536126 0.384173 -0.751652
vn -0.352585 0.429616 -0.831332
vn -0.379924 0.405641 -0.831332
vn 0.048999 0.497797 -0.865908
vn -0.019971 0.608636 -0.793198
vn -0.043363 0.440352 -0.896777
vn -0.018226 0.555464 -0.831341
vn -0.11328 0.300985 -0.946877
vn -0.128444 0.423425 -0.896779
vn -0.081496 0.493524 -0.865906
vn -0.128445 0.423425 -0.896779
vn -0.150883 0.123828 -0.980766
vn -0.10615 0.076067 -0.991436
vn -0.34204 0.280704 -0.89678
vn -0.322953 0.302469 -0.89678
vn -0.136747 0.219901 -0.96589
vn -0.223007 0.311204 -0.923807
vn -0.210483 0.150839 -0.965891
vn -0.202171 0.325124 -0.923808
vn -0.414119 0.155865 -0.896778
vn -0.403038 0.182616 -0.896778
vn -0.342039 0.280705 -0.89678
vn -0.359667 0.257732 -0.89678
vn -0.235868 0.106868 -0.965891
vn -0.190092 0.044326 -0.980765
vn -0.273105 0.169824 -0.946876
vn -0.283625 0.151603 -0.946876
vn -0.273099 0.169829 -0.946876
vn -0.261411 0.187322 -0.946876
vn -0.57917 0.542399 -0.608577
vn -0.568466 0.607004 -0.55533
vn -0.673839 0.419038 -0.608562
vn -0.675981 0.484362 -0.555377
vn -0.663218 0.354507 -0.659141
vn -0.663229 0.354499 -0.659134
vn -0.778296 0.29298 -0.555354
vn -0.82886 0.25139 -0.499795
vn -0.742693 0.279478 -0.608522
vn -0.703812 0.264847 -0.659169
vn -0.613119 0.654651 -0.442174
vn -0.654651 0.613119 -0.442174
vn -0.70391 0.069308 -0.706899
vn -0.732392 0.170747 -0.659126
vn -0.706891 0.023084 -0.706945
vn -0.706934 -0.023177 -0.706899
vn -0.688819 0.160606 -0.706918
vn -0.676848 0.205316 -0.706911
vn -0.555464 0.018226 -0.831341
vn -0.608647 -0.01995 -0.79319
vn -0.555476 -0.018255 -0.831332
vn -0.606049 0.059673 -0.793186
vn -0.531864 0.161324 -0.831321
vn -0.520153 0.195752 -0.831337
vn -0.541271 0.126177 -0.831327
vn -0.541254 0.126199 -0.831335
vn -0.650756 0.107486 -0.75164
vn -0.661964 0.249161 -0.70691
vn -0.53706 0.287076 -0.793192
vn -0.554685 0.251309 -0.793201
vn -0.517154 0.321556 -0.793192
vn -0.600748 0.272225 -0.751662
vn -0.732379 -0.170762 -0.659136
vn -0.706891 -0.023084 -0.706945
vn -0.676848 -0.205316 -0.706911
vn -0.772746 -0.180203 -0.608597
vn -0.650729 -0.107398 -0.751676
vn -0.732392 -0.170747 -0.659126
vn -0.64282 -0.527586 -0.55537
vn -0.669544 -0.549446 -0.499821
vn -0.674382 -0.631599 -0.382482
vn -0.864749 -0.325421 -0.382506
vn -0.729109 -0.522457 -0.442085
vn -0.769799 -0.551546 -0.321256
vn -0.481399 -0.450855 -0.751655
vn -0.714255 -0.58613 -0.38248
vn -0.923472 -0.030228 -0.382474
vn -0.793092 0.025957 -0.608548
vn -0.923464 0.030248 -0.382491
vn -0.751604 -0.024605 -0.659155
vn -0.965569 -0.225094 -0.13042
vn -0.940736 -0.219332 -0.258668
vn -0.741987 -0.122503 -0.659127
vn -0.884998 -0.146098 -0.442078
vn -0.772779 0.180163 -0.608567
vn -0.809891 0.188865 -0.555343
vn -0.741988 0.122502 -0.659126
vn -0.741987 0.122503 -0.659127
vn 0.291354 -0.406586 -0.86591
vn 0.2486 -0.204017 -0.946877
vn 0.164277 -0.200172 -0.96589
vn 0.200172 -0.164277 -0.96589
vn 0.283625 -0.151603 -0.946876
vn 0.53706 -0.287076 -0.793192
vn 0.03791 -0.124966 -0.991436
vn 0.235868 -0.106868 -0.965891
vn 0.381327 0.841584 -0.382525
vn 0.422856 0.79104 -0.442095
vn 0.343218 0.757465 -0.555381
vn 0.305101 0.810619 -0.499811
vn 0.484362 0.675981 -0.555377
vn 0.310396 0.684946 -0.659169
vn 0.176764 0.582753 -0.793192
vn 0.19144 0.631138 -0.751675
vn 0.064661 0.65636 -0.751672
vn 0.059703 0.606031 -0.793197
vn 0.205328 0.676836 -0.706918
vn 0.205316 0.676848 -0.706911
vn 0.019126 0.194252 -0.980765
vn -0.031523 0.320047 -0.946877
vn -0.031517 0.32005 -0.946876
vn -0.037521 0.381011 -0.923809
vn 0.010523 0.321426 -0.946876
vn 0.037521 0.381011 -0.923809
vn 0.044326 0.190092 -0.980765
vn 0.091213 0.242353 -0.965891
vn 0.075167 0.247802 -0.96589
vn -0.012802 0.129962 -0.991436
vn 0.348328 0.560082 -0.751649
vn 0.386337 0.470717 -0.793202
vn 0.451764 0.323722 -0.831332
vn 0.34204 0.280704 -0.89678
vn 0.481399 0.450855 -0.751655
vn 0.444465 0.416292 -0.793191
vn 0.411979 0.574912 -0.706929
vn 0.392035 0.733414 -0.555348
vn 0.291352 0.406589 -0.86591
vn 0.264139 0.424772 -0.865909
vn 0.352584 0.429617 -0.831333
vn 0.386329 0.470734 -0.793196
vn 0.405643 0.379916 -0.831335
vn 0.295955 0.242879 -0.923807
vn 0.411969 0.574931 -0.70692
vn 0.321556 0.517154 -0.793192
vn 0.348253 0.560089 -0.751678
vn 0.310886 0.581682 -0.751662
vn 0.291881 0.644255 -0.706923
vn 0.291891 0.644256 -0.706919
vn 0.214487 0.569937 -0.793201
vn 0.251309 0.554685 -0.793201
vn 0.17622 0.46812 -0.865916
vn 0.145185 0.478655 -0.865916
vn 0.310351 0.685001 -0.659133
vn 0.438044 0.611268 -0.659143
vn -0.751056 0.538117 -0.382551
vn -0.735541 0.457382 -0.499781
vn -0.669544 0.549446 -0.499821
vn -0.642874 0.527559 -0.555333
vn -0.613395 0.503404 -0.608548
vn -0.61337 0.503415 -0.608564
vn -0.438033 0.61127 -0.659148
vn -0.503415 0.61337 -0.608564
vn -0.569008 0.693389 -0.442087
vn -0.462209 0.64499 -0.608565
vn -0.509834 0.418436 -0.751652
vn -0.509829 0.418438 -0.751654
vn -0.644256 0.291891 -0.706919
vn -0.623775 0.333423 -0.706919
vn -0.574931 0.411969 -0.70692
vn -0.574912 0.411979 -0.706929
vn -0.333533 0.886294 -0.321307
vn -0.260338 0.858363 -0.442083
vn -0.29298 0.778296 -0.555354
vn -0.279549 0.742618 -0.608581
vn -0.291881 0.644255 -0.706923
vn -0.310886 0.581682 -0.751662
vn -0.381327 0.841584 -0.382525
vn -0.315971 0.839468 -0.442104
vn -0.422826 0.791044 -0.442117
vn -0.473652 0.761706 -0.442106
vn -0.522457 0.729109 -0.442085
vn -0.504503 0.704053 -0.499786
vn -0.522473 0.729084 -0.442107
vn -0.75815 0.622248 -0.194979
vn -0.18886 0.80989 -0.555346
vn -0.25139 0.82886 -0.499795
vn -0.025957 0.793092 -0.608548
vn -0.027204 0.831166 -0.555359
vn -0.032129 0.980276 -0.195006
vn -0.096159 0.976077 -0.195006
vn 0.20858 0.390235 -0.896778
vn 0.235796 0.441137 -0.865909
vn 0.36508 0.341934 -0.865909
vn 0.325124 0.202171 -0.923808
vn 0.086942 0.372856 -0.923807
vn 0.111137 0.366372 -0.923807
vn 0.158012 0.348727 -0.923808
vn 0.158009 0.34873 -0.923808
vn 0.18048 0.337647 -0.923808
vn 0.202171 0.325124 -0.923808
vn -0.04902 0.497804 -0.865903
vn 0.113585 0.487127 -0.865913
vn 0.01052 0.321427 -0.946876
vn -0.012525 0.38265 -0.923809
vn 0.072079 0.436566 -0.89678
vn 0.072081 0.436565 -0.89678
vn -0.206432 0.455617 -0.865909
vn -0.321574 0.517125 -0.793203
vn -0.202173 0.325123 -0.923808
vn -0.317323 0.386659 -0.86591
vn -0.293491 0.471965 -0.831332
vn -0.348253 0.560089 -0.751678
vn -0.386337 0.470717 -0.793202
vn -0.418438 0.509829 -0.751654
vn -0.411979 0.574912 -0.706929
vn -0.37353 0.600604 -0.70693
vn 0.023084 0.706891 -0.706945
vn 0.024605 0.751604 -0.659155
vn -0.01995 0.608647 -0.79319
vn -0.059703 0.606031 -0.793197
vn -0.232278 0.617277 -0.751676
vn -0.218313 0.719638 -0.659136
vn -0.077798 0.78969 -0.608553
vn -0.077807 0.789693 -0.608548
vn -0.099162 0.600828 -0.793204
vn -0.099216 0.600844 -0.793186
vn -0.176764 0.582753 -0.793192
vn -0.176784 0.582757 -0.793185
vn -0.157333 0.953067 -0.258668
vn -0.219353 0.940725 -0.25869
vn -0.161531 0.978212 -0.13042
vn -0.225094 0.965569 -0.13042
vn -0.157344 0.953068 -0.258658
vn -0.159737 0.967716 -0.194962
vn -0.289657 0.954894 -0.065387
vn -0.351501 0.9339 -0.065403
vn -0.289673 0.954888 -0.065404
vn -0.349204 0.927918 -0.130481
vn -0.404768 0.893387 -0.194995
vn -0.390812 0.862571 -0.321306
vn -0.390839 0.862567 -0.321284
vn -0.345455 0.917953 -0.194995
vn -0.345511 0.917943 -0.194941
vn -0.562616 0.785194 -0.258717
vn -0.622248 0.75815 -0.194979
vn 0.289673 -0.954888 -0.065404
vn 0.41274 -0.910849 0.0
vn 0.41274 -0.910849 0.0
vn 0.227055 -0.973882 0.0
vn 0.227055 -0.973882 0.0
vn 0.226569 -0.971798 -0.065387
vn 0.290279 -0.956942 0.0
vn 0.290279 -0.956942 0.0
vn 0.582489 -0.812839 0.0
vn 0.582489 -0.812839 0.0
vn 0.581243 -0.8111 -0.065362
vn 0.63305 -0.771346 -0.065368
vn 0.633055 -0.771343 -0.065362
vn 0.95519 -0.222704 -0.194974
vn 0.940725 -0.219353 -0.25869
vn 0.965451 -0.031603 -0.25866
vn 0.965446 -0.031622 -0.258678
vn 0.986674 -0.097203 -0.130482
vn 0.976077 -0.096159 -0.195006
vn 0.993058 -0.097798 -0.06536
vn 0.933894 -0.351521 -0.065383
vn 0.990918 -0.032478 -0.130483
vn 0.990927 -0.032428 -0.130434
vn 0.940736 -0.219332 -0.258668
vn 0.986674 -0.097206 -0.13048
vn 0.893386 -0.404768 -0.194995
vn 0.879873 -0.398648 -0.258656
vn 0.948756 -0.287813 -0.130482
vn 0.927918 -0.349204 -0.130481
vn 0.879854 -0.398672 -0.258684
vn 0.851897 -0.455362 -0.258683
vn 0.785192 -0.562617 -0.25872
vn 0.820279 -0.510138 -0.258654
vn 0.811125 -0.581203 -0.065409
vn 0.805879 -0.577536 -0.130428
vn 0.772999 -0.634407 0.0
vn 0.772999 -0.634407 0.0
vn 0.771346 -0.63305 -0.065368
vn 0.997327 0.03265 -0.065361
vn 0.997327 0.032638 -0.065373
vn 0.995186 0.098007 0.0
vn 0.995186 0.098007 -0.0
vn 0.923464 -0.030248 -0.382491
vn 0.923472 -0.030228 -0.382474
vn 0.953068 0.157344 -0.258658
vn 0.946472 0.031002 -0.321295
vn 0.86568 -0.02829 -0.499797
vn 0.827583 0.081558 -0.555387
vn 0.884998 -0.146098 -0.442078
vn 0.892644 -0.087958 -0.442097
vn 0.858363 -0.260338 -0.442083
vn 0.782915 -0.129261 -0.608553
vn 0.757465 -0.343218 -0.555381
vn 0.759326 -0.230331 -0.608582
vn -0.260345 -0.858364 -0.442078
vn -0.260338 -0.858363 -0.442083
vn -0.150563 -0.911603 -0.382506
vn -0.154312 -0.934302 -0.321353
vn -0.029345 -0.896491 -0.442089
vn -0.029297 -0.896474 -0.442127
vn -0.090606 -0.919513 -0.382474
vn -0.090517 -0.919491 -0.382547
vn 0.571265 -0.797261 -0.195015
vn 0.435544 -0.814847 -0.382525
vn 0.122503 -0.741987 -0.659127
vn 0.129261 -0.782915 -0.608553
vn 0.241389 -0.795815 -0.555347
vn 0.135394 -0.820508 -0.555369
vn 0.264916 -0.703819 -0.659135
vn 0.230357 -0.75933 -0.608567
vn 0.230331 -0.759326 -0.608582
vn 0.279549 -0.742618 -0.608581
vn 0.180163 -0.772779 -0.608567
vn 0.115216 -0.697853 -0.706914
vn 0.141056 -0.854579 -0.499797
vn 0.260345 -0.858364 -0.442078
vn 0.305101 -0.810619 -0.499811
vn 0.292935 -0.778293 -0.555382
vn 0.408291 -0.763884 -0.499781
vn 0.439144 -0.706201 -0.555367
vn 0.203686 -0.873542 -0.442082
vn 0.260338 -0.858363 -0.442083
vn 0.215041 -0.922232 -0.321318
vn 0.274923 -0.906186 -0.321317
vn 0.613119 -0.654651 -0.442174
vn 0.654651 -0.613119 -0.442174
vn 0.631607 -0.674378 -0.382474
vn 0.612795 -0.746692 -0.258716
vn 0.500113 -0.804158 -0.321273
vn 0.600756 -0.732023 -0.321301
vn 0.523562 -0.841945 -0.130426
vn 0.404768 -0.893387 -0.194995
vn 0.390812 -0.862571 -0.321306
vn 0.390839 -0.862567 -0.321284
vn 0.284723 -0.938579 -0.194939
vn 0.280409 -0.924358 -0.258714
vn -0.351521 0.933894 -0.065383
vn 0.15425 0.934332 -0.321294
vn 0.154312 0.934302 -0.321353
vn -0.090606 0.919513 -0.382474
vn 0.029297 0.896474 -0.442127
vn -0.030248 0.923464 -0.382491
vn -0.028291 0.86568 -0.499798
vn 0.090606 0.919513 -0.382474
vn 0.146119 0.884986 -0.442096
vn 0.032129 0.980276 -0.195006
vn 0.097203 0.986674 -0.130482
vn 0.032478 0.990918 -0.130483
vn 0.032428 0.990927 -0.130434
vn 0.03272 0.999465 0.0
vn 0.03272 0.999465 -0.0
vn 0.098007 0.995186 0.0
vn 0.098007 0.995186 -0.0
vn 0.227055 0.973882 0.0
vn 0.227055 0.973882 -0.0
vn 0.41274 0.910849 0.0
vn 0.41274 0.910849 -0.0
vn 0.577469 0.805915 -0.130501
vn 0.581203 0.811125 -0.065409
vn 0.398648 0.879874 -0.258656
vn 0.40477 0.893386 -0.194996
vn 0.500113 0.804158 -0.321273
vn 0.446416 0.835162 -0.321273
vn 0.538117 0.751056 -0.382551
vn 0.538201 0.751032 -0.38248
vn 0.766403 0.62897 -0.130476
vn 0.758181 0.622222 -0.194941
vn 0.703894 -0.069334 -0.706913
vn 0.795815 -0.241389 -0.555347
vn 0.782893 -0.129187 -0.608596
vn 0.688819 -0.160606 -0.706918
vn 0.827583 -0.081558 -0.555387
vn 0.86568 -0.028291 -0.499798
vn 0.741988 -0.122502 -0.659126
vn 0.809891 -0.188865 -0.555343
vn 0.78969 -0.077798 -0.608553
vn 0.827598 -0.081532 -0.555369
vn 0.748388 0.073687 -0.659155
vn 0.751604 0.024605 -0.659155
vn 0.706891 0.023084 -0.706945
vn 0.793095 -0.025963 -0.608545
vn 0.828844 0.251408 -0.499811
vn 0.782893 0.129187 -0.608596
vn 0.553091 -0.054441 -0.83134
vn 0.553097 -0.05446 -0.831335
vn 0.631138 -0.19144 -0.751675
vn 0.531849 -0.161341 -0.831328
vn 0.608647 -0.01995 -0.79319
vn 0.659182 -0.021607 -0.751673
vn 0.676836 0.205328 -0.706918
vn 0.697853 0.115216 -0.706914
vn 0.600844 0.099216 -0.793186
vn 0.606049 0.059673 -0.793186
vn 0.600828 0.099162 -0.793204
vn 0.541254 0.126199 -0.831335
vn 0.423425 0.128444 -0.896779
vn 0.582753 0.176764 -0.793192
vn 0.440352 0.043363 -0.896777
vn 0.497804 0.04902 -0.865903
vn 0.499916 -0.016429 -0.865918
vn 0.499916 0.016429 -0.865918
vn 0.414119 0.15586 -0.896779
vn 0.468141 0.176198 -0.865909
vn 0.390235 0.20858 -0.896778
vn 0.441138 0.235787 -0.865911
vn 0.536133 0.384169 -0.751649
vn 0.638624 0.397104 -0.659142
vn 0.663218 0.354507 -0.659141
vn 0.554686 0.251353 -0.793187
vn 0.684946 0.310396 -0.659169
vn 0.722783 0.327543 -0.608523
vn 0.64282 0.527586 -0.555371
vn 0.642874 0.527559 -0.555333
vn 0.961316 0.094637 -0.258678
vn 0.967711 0.159751 -0.194976
vn 0.967716 0.159737 -0.194962
vn 0.95519 0.222702 -0.194976
vn 0.812839 0.582489 0.0
vn 0.812839 0.582489 -0.0
vn 0.880043 0.47038 -0.065322
vn 0.203686 0.873542 -0.442082
vn 0.260338 0.858363 -0.442083
vn 0.150512 0.911594 -0.382548
vn 0.150563 0.911603 -0.382506
vn 0.390812 0.862571 -0.321306
vn 0.390839 0.862567 -0.321284
vn 0.16147 0.978214 -0.130479
vn 0.159737 0.967716 -0.194962
vn 0.222702 0.95519 -0.194976
vn 0.225122 0.965559 -0.130448
vn 0.215041 0.922232 -0.321318
vn 0.274923 0.906186 -0.321317
vn 0.222704 0.95519 -0.194974
vn 0.157333 0.953067 -0.258668
vn 0.188865 0.809891 -0.555343
vn 0.073687 0.748388 -0.659155
vn 0.027162 0.831148 -0.555387
vn 0.02829 0.86568 -0.499797
vn 0.025963 0.793095 -0.608545
vn 0.023177 0.706934 -0.706899
vn 0.170762 0.732379 -0.659136
vn 0.218313 0.719638 -0.659136
vn 0.135394 0.820508 -0.555369
vn 0.241389 0.795815 -0.555347
vn -0.986641 0.162911 0.0
vn -0.986641 0.162911 0.0
vn -0.993052 -0.097834 -0.065397
vn -0.961316 -0.094637 -0.258678
vn -0.993058 -0.097798 -0.06536
vn -0.908925 -0.411801 -0.065382
vn -0.9339 -0.351501 -0.065403
vn -0.903089 -0.409164 -0.13044
vn -0.879873 -0.398648 -0.258656
vn -0.879854 -0.398672 -0.258684
vn -0.470406 0.880027 -0.065352
vn -0.467367 0.87439 -0.130425
vn -0.832911 0.517909 -0.195013
vn -0.797261 0.571265 -0.195015
vn -0.847413 0.526896 -0.065353
vn -0.820301 0.510068 -0.25872
vn -0.758181 0.622222 -0.194941
vn -0.766403 0.62897 -0.130476
vn -0.811125 0.581203 -0.065409
vn -0.812839 0.582489 0.0
vn -0.812839 0.582489 0.0
vn -0.581243 0.8111 -0.065362
vn -0.677767 0.723608 -0.130472
vn -0.8111 0.581243 -0.065362
vn -0.94875 0.287847 -0.130448
vn -0.948756 0.287813 -0.130482
vn -0.904035 0.340276 -0.258713
vn -0.904072 0.340223 -0.258654
vn -0.8416 0.381311 -0.382507
vn -0.884171 0.268237 -0.382481
vn -0.862567 0.390839 -0.321284
vn -0.879854 0.398672 -0.258684
vn -0.761706 0.473652 -0.442106
vn -0.761718 0.473643 -0.442095
vn -0.884986 0.146119 -0.442096
vn -0.884998 0.146098 -0.442078
vn -0.946471 0.031001 -0.321296
vn -0.942423 0.092775 -0.321297
vn -0.986674 0.097206 -0.13048
vn -0.993052 0.097834 -0.065397
vn -0.917943 -0.345511 -0.194941
vn -0.892644 -0.087958 -0.442097
vn -0.757465 -0.343218 -0.555381
vn -0.810619 -0.305101 -0.499811
vn -0.795807 -0.241398 -0.555354
vn -0.884986 -0.146119 -0.442096
vn -0.446416 -0.835162 -0.321273
vn -0.46234 -0.864986 -0.195043
vn -0.471387 -0.881927 -0.0
vn -0.471387 -0.881927 0.0
vn -0.577536 -0.805879 -0.130428
vn -0.571337 -0.797228 -0.19494
vn -0.600803 -0.732003 -0.321258
vn -0.586175 -0.714181 -0.38255
vn -0.487966 -0.7846 -0.382482
vn -0.487882 -0.784618 -0.382551
vn -0.345511 -0.917943 -0.194941
vn -0.345455 -0.917953 -0.194995
vn -0.340223 -0.904072 -0.258654
vn -0.333533 -0.886294 -0.321307
vn -0.670464 -0.715863 -0.194983
vn -0.622248 -0.75815 -0.194979
vn -0.732023 -0.600756 -0.321301
vn -0.691173 -0.647337 -0.321302
vn -0.162911 -0.986641 -0.0
vn -0.162911 -0.986641 0.0
vn -0.097206 -0.986674 -0.13048
vn -0.159751 -0.967711 -0.194976
vn -0.305113 -0.810619 -0.499803
vn -0.422856 -0.79104 -0.442095
vn -0.315946 -0.83949 -0.442079
vn -0.268237 -0.884171 -0.382481
vn -0.097203 -0.986674 -0.130482
vn -0.162574 -0.984527 -0.065397
vn -0.03265 -0.997327 -0.065361
vn -0.097798 -0.993058 -0.06536
vn 0.096159 -0.976077 -0.195006
vn 0.097203 -0.986674 -0.130482
vn 0.835165 -0.446404 -0.321283
vn 0.835162 -0.446416 -0.321273
vn 0.705044 -0.660308 -0.258663
vn 0.660317 -0.70503 -0.258678
vn 0.670464 -0.715863 -0.194983
vn 0.670495 -0.715844 -0.194948
vn 0.785194 -0.562616 -0.258717
vn 0.746692 -0.612795 -0.258716
vn 0.805915 -0.577469 -0.130501
vn 0.766385 -0.628986 -0.1305
vn -0.025957 -0.793092 -0.608548
vn -0.025963 -0.793095 -0.608545
vn 0.592109 -0.632166 -0.499773
vn 0.568489 -0.606948 -0.555369
vn 0.450864 -0.481376 -0.751664
vn 0.418436 -0.509834 -0.751652
vn 0.548842 -0.514085 -0.659158
vn 0.517154 -0.321556 -0.793192
vn 0.462186 -0.645032 -0.608537
vn 0.484362 -0.675981 -0.555377
vn 0.546734 -0.448707 -0.706926
vn 0.64499 -0.462209 -0.608565
vn 0.516207 -0.483517 -0.706924
vn 0.542447 -0.579155 -0.608548
vn 0.264847 -0.703812 -0.659169
vn 0.354499 -0.663229 -0.659134
vn 0.365087 -0.341931 -0.865907
vn 0.423425 -0.128445 -0.896779
vn 0.494993 -0.354698 -0.793203
vn 0.444469 -0.416279 -0.793196
vn 0.514085 -0.548842 -0.659158
vn 0.429617 -0.352584 -0.831333
vn 0.169824 -0.273105 -0.946876
vn 0.233657 -0.375754 -0.896779
vn 0.264139 -0.424772 -0.865909
vn 0.264142 -0.424772 -0.865909
vn 0.310886 -0.581682 -0.751662
vn 0.3334 -0.623808 -0.7069
vn 0.321556 -0.517154 -0.793192
vn 0.287076 -0.53706 -0.793192
vn 0.206438 -0.455612 -0.865911
vn 0.235787 -0.441138 -0.865911
vn 0.145185 -0.478655 -0.865916
vn 0.059673 -0.606049 -0.793186
vn 0.214487 -0.569937 -0.793201
vn 0.195752 -0.520153 -0.831337
vn -0.037909 -0.124967 -0.991436
vn -0.029654 -0.127179 -0.991436
vn 0.030852 -0.057712 -0.997856
vn 0.076067 -0.10615 -0.991436
vn 0.059609 -0.027007 -0.997856
vn 0.044315 -0.190092 -0.980766
vn 0.080559 -0.177791 -0.980765
vn -0.042182 -0.255493 -0.96589
vn -0.025373 -0.257703 -0.965891
vn 0.061558 -0.115171 -0.991436
vn -0.057712 -0.030852 -0.997856
vn -0.195086 -0.006382 -0.980765
vn 0.06373 -0.014866 -0.997856
vn 0.187322 -0.261411 -0.946876
vn 0.09201 -0.172145 -0.980765
vn 0.082847 -0.100947 -0.991436
vn 0.142468 -0.133423 -0.980766
vn -0.044326 -0.190092 -0.980765
vn -0.093351 -0.30775 -0.946877
vn -0.012525 -0.38265 -0.923809
vn -0.043377 -0.440345 -0.89678
vn -0.100474 -0.430918 -0.89678
vn -0.073027 -0.313196 -0.946877
vn -0.242883 -0.295954 -0.923807
vn -0.300985 -0.113283 -0.946876
vn -0.257734 -0.359666 -0.896779
vn -0.202171 -0.325124 -0.923808
vn -0.354698 -0.494993 -0.793203
vn -0.386337 -0.470717 -0.793202
vn -0.075167 -0.247802 -0.96589
vn -0.07517 -0.247799 -0.965891
vn -0.106868 -0.235868 -0.965891
vn -0.187323 -0.261409 -0.946877
vn -0.593049 -0.138275 -0.793204
vn -0.631138 -0.19144 -0.751675
vn -0.229356 -0.506231 -0.83134
vn -0.546732 -0.448719 -0.70692
vn -0.61127 -0.438033 -0.659148
vn -0.536133 -0.384169 -0.751649
vn -0.520153 -0.195752 -0.831337
vn -0.53706 -0.287076 -0.793192
vn -0.182681 -0.068758 -0.980765
vn 0.046003 0.122219 -0.991436
vn -0.008478 0.258812 -0.965891
vn 0.006412 0.065126 -0.997856
vn 0.100948 0.082847 -0.991436
vn -0.095315 0.089268 -0.991436
vn 0.115171 -0.061559 -0.991436
vn -0.100948 0.082847 -0.991436
vn -0.124966 0.03791 -0.991436
vn -0.11895 0.053894 -0.991436
vn -0.219904 0.136737 -0.965891
vn -0.123826 0.150886 -0.980765
vn -0.451765 -0.323722 -0.831332
vn -0.487146 -0.11356 -0.865906
vn -0.430918 -0.100474 -0.89678
vn -0.436565 -0.072081 -0.89678
vn -0.440345 -0.043377 -0.89678
vn -0.257704 0.025383 -0.96589
vn -0.255492 -0.042184 -0.96589
vn -0.3173 -0.052388 -0.946877
vn -0.247799 -0.07517 -0.965891
vn -0.242353 -0.091213 -0.965891
vn -0.442245 0.014481 -0.896777
vn -0.440352 0.043363 -0.896777
vn -0.442243 -0.014475 -0.896778
vn -0.497804 -0.04902 -0.865903
vn -0.419012 -0.673879 -0.608535
vn -0.397092 -0.638626 -0.659148
vn -0.370188 -0.817002 -0.442118
vn -0.29298 -0.778296 -0.555354
vn -0.170747 -0.732392 -0.659126
vn -0.170762 -0.732379 -0.659136
vn 0.149733 -0.642352 -0.751641
vn 0.160606 -0.688819 -0.706918
vn 0.023177 -0.706934 -0.706899
vn 0.021528 -0.659225 -0.751638
vn 0.099216 -0.600844 -0.793185
vn 0.099162 -0.600828 -0.793204
vn -0.01995 -0.608647 -0.79319
vn -0.021607 -0.659182 -0.751673
vn -0.138275 -0.593049 -0.793204
vn -0.099162 -0.600828 -0.793204
vn -0.160563 -0.688809 -0.706938
vn -0.160606 -0.688819 -0.706918
vn -0.19144 -0.631138 -0.751675
vn -0.251309 -0.554685 -0.793201
vn -0.214487 -0.569937 -0.793201
vn -0.249181 -0.661942 -0.706924
vn -0.062369 -0.377744 -0.923807
vn -0.012524 -0.382649 -0.923809
vn -0.17622 -0.46812 -0.865916
vn -0.086936 -0.372856 -0.923808
vn -0.054441 -0.553091 -0.83134
vn -0.018227 -0.555464 -0.831341
vn 0.016429 -0.499916 -0.865918
vn 0.018255 -0.555476 -0.831332
vn -0.477075 -0.581313 -0.659147
vn -0.503404 -0.613395 -0.608548
vn -0.348328 -0.560082 -0.751649
vn -0.37353 -0.600604 -0.70693
vn -0.333423 -0.623775 -0.706918
vn -0.291891 -0.644256 -0.706919
vn -0.280705 -0.342039 -0.89678
vn -0.520157 -0.195809 -0.831321
vn 0.037521 -0.381011 -0.923809
vn 0.014475 -0.442243 -0.896778
vn 0.031523 -0.320047 -0.946877
vn 0.031795 -0.192583 -0.980766
vn 0.684946 -0.310396 -0.659169
vn 0.623808 -0.3334 -0.7069
vn 0.600791 -0.272189 -0.75164
vn 0.593049 -0.138275 -0.793204
vn 0.661942 -0.249181 -0.706924
vn 0.600659 -0.373496 -0.706902
vn 0.554685 -0.251309 -0.793201
vn 0.520153 -0.195752 -0.831337
vn 0.650729 -0.107398 -0.751676
vn 0.650756 -0.107486 -0.75164
vn 0.699802 -0.374069 -0.608563
vn 0.699803 -0.374047 -0.608575
vn 0.729109 -0.522457 -0.442085
vn 0.784618 -0.487882 -0.382551
vn 0.761706 -0.473652 -0.442106
vn 0.735541 -0.457382 -0.499781
vn 0.769773 -0.551566 -0.321285
vn 0.729084 -0.522473 -0.442107
vn 0.062368 -0.377744 -0.923807
vn 0.04902 -0.497804 -0.865903
vn 0.072079 -0.436566 -0.89678
vn 0.043377 -0.440345 -0.89678
vn 0.126177 -0.541271 -0.831327
vn 0.128445 -0.423425 -0.896779
vn 0.111134 -0.366372 -0.923808
vn 0.086936 -0.372856 -0.923808
vn 0.13273 -0.292932 -0.946876
vn 0.158012 -0.348727 -0.923808
vn 0.169829 -0.273099 -0.946876
vn 0.136747 -0.219901 -0.96589
vn 0.132723 -0.292932 -0.946876
vn 0.106868 -0.235868 -0.965891
vn 0.09201 0.172145 -0.980765
vn 0.132723 0.292932 -0.946876
vn 0.150886 0.123826 -0.980765
vn -0.082847 0.100947 -0.991436
vn 0.195087 0.006391 -0.980765
vn 0.192583 -0.031795 -0.980766
vn 0.358318 0.134861 -0.923808
vn 0.337647 0.18048 -0.923808
vn 0.172145 -0.09201 -0.980765
vn 0.337647 -0.18048 -0.923808
vn 0.190092 -0.044326 -0.980765
vn 0.252186 -0.058805 -0.96589
vn 0.337647 -0.18048 -0.923808
vn 0.273105 -0.169824 -0.946876
vn 0.372856 -0.086942 -0.923807
vn 0.377744 -0.062368 -0.923807
vn 0.38265 -0.012525 -0.923809
vn 0.321427 0.01052 -0.946876
vn 0.430918 -0.100479 -0.896779
vn 0.372856 -0.086936 -0.923808
vn 0.258812 -0.008478 -0.965891
vn 0.25881 0.008473 -0.965891
vn 0.3173 -0.052389 -0.946877
vn 0.257704 -0.025383 -0.96589
vn 0.32005 0.031517 -0.946876
vn 0.381011 0.037521 -0.923809
vn 0.377744 0.062368 -0.923807
vn 0.487146 0.11356 -0.865906
vn 0.30775 0.093352 -0.946877
vn 0.366372 0.111134 -0.923808
vn 0.593061 0.13833 -0.793186
vn 0.593049 0.138275 -0.793204
vn 0.537059 0.287094 -0.793186
vn 0.53706 0.287076 -0.793192
vn -0.128847 0.021273 -0.991436
vn -0.252187 0.058802 -0.96589
vn -0.192583 0.031795 -0.980766
vn -0.19425 -0.019135 -0.980765
vn -0.257703 0.025373 -0.965891
vn -0.25881 0.008473 -0.965891
vn -0.255493 -0.042182 -0.96589
vn -0.257704 -0.025383 -0.96589
vn -0.372856 0.086936 -0.923808
vn -0.30775 0.093351 -0.946877
vn -0.553091 0.054441 -0.83134
vn -0.553097 0.05446 -0.831335
vn -0.36508 0.341934 -0.865909
vn -0.386657 0.317329 -0.865909
vn -0.405643 0.379916 -0.831335
vn -0.444469 0.416278 -0.793196
vn -0.291352 0.406589 -0.86591
vn -0.352584 0.429617 -0.831333
vn 0.126199 0.541254 -0.831335
vn 0.090548 0.548345 -0.831335
vn -0.15586 0.414119 -0.896779
vn -0.062369 0.377744 -0.923807
vn -0.072079 0.436566 -0.89678
vn -0.081482 0.49352 -0.865909
vn -0.048999 0.497797 -0.865908
vn -0.014481 0.442245 -0.896778
vn -0.182616 0.403038 -0.896778
vn -0.056662 0.186786 -0.980765
vn -0.134861 0.358318 -0.923808
vn -0.13273 0.292932 -0.946876
vn -0.155865 0.414119 -0.896778
vn -0.229365 0.506231 -0.831338
vn -0.261718 0.27944 -0.923806
vn -0.322944 0.302473 -0.896782
vn -0.031795 0.192583 -0.980766
vn -0.093351 0.30775 -0.946877
vn 0.023053 -0.061247 -0.997856
vn -0.091219 0.24235 -0.965891
vn -0.366372 0.111137 -0.923807
vn -0.423425 0.128444 -0.896779
vn -0.292932 0.132723 -0.946876
vn -0.292932 0.13273 -0.946876
vn -0.219837 0.234723 -0.946877
vn -0.261409 0.187323 -0.946877
vn -0.581313 0.477075 -0.659147
vn -0.514077 0.548864 -0.659146
vn -0.673879 0.419012 -0.608535
vn -0.645032 0.462186 -0.608537
vn -0.84352 0.196703 -0.499782
vn -0.817002 0.370188 -0.442118
vn -0.817001 0.370209 -0.442103
vn -0.788929 0.357489 -0.499792
vn -0.693364 0.569022 -0.442109
vn -0.654619 0.613199 -0.442109
vn -0.659182 0.021607 -0.751673
vn -0.65636 0.064661 -0.751672
vn -0.553091 -0.054441 -0.83134
vn -0.553097 -0.05446 -0.831335
vn -0.520157 0.195809 -0.831321
vn -0.46812 0.17622 -0.865916
vn -0.582757 0.176784 -0.793185
vn -0.697853 0.115216 -0.706914
vn -0.719639 0.218316 -0.659135
vn -0.703819 0.264916 -0.659135
vn -0.623808 0.3334 -0.7069
vn -0.554686 0.251353 -0.793187
vn -0.49013 0.262007 -0.831339
vn -0.506231 0.229356 -0.83134
vn -0.659225 -0.021528 -0.751638
vn -0.65636 -0.064661 -0.751672
vn -0.593061 -0.13833 -0.793186
vn -0.688809 -0.160563 -0.706938
vn -0.554685 -0.251309 -0.793201
vn -0.600748 -0.272225 -0.751662
vn -0.748408 -0.073739 -0.659127
vn -0.676836 -0.205328 -0.706918
vn -0.741988 -0.122502 -0.659126
vn -0.650756 -0.107486 -0.75164
vn -0.669537 -0.549468 -0.499804
vn -0.632124 -0.592128 -0.499804
vn -0.763884 -0.408291 -0.499781
vn -0.611268 -0.438044 -0.659143
vn -0.714181 -0.586175 -0.38255
vn -0.79104 -0.422856 -0.442095
vn -0.835162 -0.446416 -0.321273
vn -0.835165 -0.446404 -0.321283
vn -0.761706 -0.473652 -0.442106
vn -0.675981 -0.484362 -0.555377
vn -0.574912 -0.411979 -0.706929
vn -0.581311 -0.477084 -0.659142
vn -0.793095 -0.025963 -0.608545
vn -0.793092 -0.025957 -0.608548
vn -0.873545 -0.203682 -0.442079
vn -0.884171 -0.268237 -0.382481
vn -0.942423 -0.092775 -0.321297
vn -0.919513 -0.090606 -0.382474
vn -0.892644 0.087958 -0.442097
vn -0.827583 0.081558 -0.555387
vn -0.843517 0.196685 -0.499795
vn -0.873542 0.203686 -0.442082
vn -0.80989 0.18886 -0.555346
vn -0.795815 0.241389 -0.555347
vn -0.772746 0.180203 -0.608597
vn -0.820508 0.135394 -0.555369
vn 0.242879 -0.295955 -0.923807
vn 0.257732 -0.359667 -0.89678
vn 0.478656 -0.145199 -0.865913
vn 0.423425 -0.128444 -0.896779
vn 0.422826 0.791044 -0.442117
vn 0.473643 0.761718 -0.442095
vn 0.462209 0.64499 -0.608564
vn 0.279478 0.742693 -0.608522
vn 0.457386 0.735535 -0.499786
vn 0.527586 0.64282 -0.555371
vn 0.438033 0.61127 -0.659148
vn 0.354499 0.663229 -0.659134
vn 0.522457 0.729109 -0.442085
vn 0.484432 0.675967 -0.555332
vn 0.107486 0.650756 -0.75164
vn 0.064652 0.656356 -0.751676
vn 0.149812 0.642287 -0.751681
vn 0.13833 0.593061 -0.793186
vn 0.01995 0.608647 -0.79319
vn 0.021607 0.659182 -0.751673
vn -0.025383 0.257704 -0.96589
vn -0.042184 0.255492 -0.96589
vn 0.056662 0.186786 -0.980765
vn 0.150834 0.210489 -0.96589
vn 0.019135 0.19425 -0.980766
vn 0.012802 0.129962 -0.991436
vn -0.006391 0.195087 -0.980765
vn -0.006382 0.195086 -0.980765
vn 0.025373 0.257703 -0.965891
vn 0.025383 0.257704 -0.96589
vn 0.450855 0.481399 -0.751655
vn 0.483499 0.516254 -0.706902
vn 0.416279 0.444469 -0.793196
vn 0.405641 0.379924 -0.831332
vn 0.406589 0.291352 -0.86591
vn 0.242883 0.295954 -0.923807
vn 0.287076 0.53706 -0.793192
vn 0.287094 0.537059 -0.793186
vn 0.384169 0.536133 -0.751649
vn 0.384173 0.536126 -0.751652
vn 0.155865 0.414119 -0.896778
vn 0.093351 0.30775 -0.946877
vn -0.7846 0.487966 -0.382482
vn -0.784618 0.487882 -0.382551
vn -0.477084 0.581311 -0.659142
vn -0.477075 0.581313 -0.659147
vn -0.549468 0.669537 -0.499804
vn -0.527559 0.642874 -0.555333
vn -0.581682 0.310886 -0.751662
vn -0.600659 0.373496 -0.706902
vn -0.548842 0.514085 -0.659158
vn -0.516207 0.483517 -0.706924
vn -0.159751 0.967711 -0.194976
vn -0.381311 0.8416 -0.382507
vn -0.196685 0.843517 -0.499795
vn -0.196703 0.84352 -0.499782
vn -0.327543 0.722783 -0.608523
vn -0.279478 0.742693 -0.608522
vn -0.327452 0.722781 -0.608575
vn -0.374047 0.699803 -0.608575
vn -0.357475 0.78893 -0.499802
vn -0.305113 0.810619 -0.499803
vn -0.274917 0.90619 -0.321311
vn -0.260345 0.858364 -0.442078
vn -0.325421 0.864749 -0.382506
vn -0.435544 0.814847 -0.382525
vn -0.473643 0.761718 -0.442095
vn -0.487882 0.784618 -0.382551
vn -0.135434 0.820519 -0.555343
vn -0.141056 0.854579 -0.499797
vn 0.027204 0.831166 -0.555359
vn -0.023084 0.706891 -0.706945
vn 0.187322 0.261411 -0.946876
vn 0.257734 0.359666 -0.896779
vn 0.317323 0.386659 -0.86591
vn 0.317329 0.386657 -0.865909
vn 0.052389 0.3173 -0.946877
vn 0.062368 0.377744 -0.923807
vn 0.100474 0.430918 -0.89678
vn 0.100479 0.430918 -0.896779
vn 0.093352 0.30775 -0.946877
vn 0.073027 0.313196 -0.946877
vn 0.182617 0.403038 -0.896778
vn 0.206438 0.455612 -0.865911
vn 0.18048 0.337647 -0.923808
vn 0.13273 0.292932 -0.946876
vn -0.012524 0.382649 -0.923809
vn 0.012524 0.382649 -0.923809
vn -0.161341 0.531849 -0.831328
vn -0.17622 0.46812 -0.865916
vn -0.321556 0.517154 -0.793192
vn -0.287076 0.53706 -0.793192
vn -0.208586 0.390228 -0.89678
vn -0.20858 0.390235 -0.896778
vn -0.233657 0.375754 -0.896779
vn -0.257734 0.359666 -0.896779
vn -0.384173 0.536126 -0.751652
vn -0.418436 0.509834 -0.751652
vn -0.054441 0.553091 -0.83134
vn -0.05446 0.553097 -0.831335
vn -0.191448 0.63113 -0.75168
vn -0.264916 0.703819 -0.659135
vn -0.170762 0.732379 -0.659136
vn -0.170747 0.732392 -0.659126
vn -0.19144 0.631138 -0.751675
vn -0.249181 0.661942 -0.706924
vn -0.13833 0.593061 -0.793186
vn -0.205328 0.676836 -0.706918
vn -0.195752 0.520153 -0.831337
vn -0.214471 0.569954 -0.793193
vn -0.09466 0.96132 -0.258658
vn -0.094637 0.961316 -0.258678
vn -0.226569 0.971798 -0.065387
vn -0.227055 0.973882 0.0
vn -0.227055 0.973882 0.0
vn -0.500123 0.804147 -0.321286
vn -0.551566 0.769773 -0.321285
vn -0.674378 0.631607 -0.382474
vn -0.715844 0.670495 -0.194948
vn 0.910849 -0.41274 0.0
vn 0.910849 -0.41274 0.0
vn 0.349246 -0.927908 -0.13044
vn 0.40477 -0.893386 -0.194996
vn 0.352274 -0.935897 0.0
vn 0.352274 -0.935897 0.0
vn 0.411858 -0.908904 -0.065321
vn 0.953068 -0.157344 -0.258658
vn 0.967711 -0.159751 -0.194976
vn 0.961316 -0.094637 -0.258678
vn 0.946471 -0.031001 -0.321296
vn 0.96132 0.09466 -0.258658
vn 0.965451 0.031603 -0.25866
vn 0.984528 -0.162562 -0.065409
vn 0.971801 -0.226547 -0.065409
vn 0.999465 -0.03272 0.0
vn 0.999465 -0.03272 0.0
vn 0.904035 -0.340276 -0.258713
vn 0.924358 -0.280409 -0.258714
vn 0.938562 -0.284756 -0.194974
vn 0.94875 -0.287847 -0.130448
vn 0.820301 -0.510068 -0.25872
vn 0.832911 -0.517909 -0.195012
vn 0.903091 -0.409157 -0.130448
vn 0.954894 -0.289657 -0.065387
vn 0.965446 0.031622 -0.258678
vn 0.934332 0.15425 -0.321294
vn 0.831148 -0.027162 -0.555387
vn 0.831166 -0.027204 -0.555359
vn 0.899824 -0.209777 -0.382506
vn 0.899806 -0.209805 -0.382533
vn 0.828844 -0.251408 -0.499811
vn 0.80989 -0.18886 -0.555346
vn -0.209777 -0.899824 -0.382506
vn -0.215 -0.92223 -0.321352
vn 0.030248 -0.923464 -0.382491
vn 0.031002 -0.946472 -0.321295
vn -0.032088 -0.980269 -0.195046
vn -0.032129 -0.980276 -0.195006
vn 0.455394 -0.851889 -0.258653
vn 0.455362 -0.851897 -0.258683
vn 0.435568 -0.814822 -0.382553
vn 0.487882 -0.784618 -0.382551
vn 0.538201 -0.751032 -0.38248
vn 0.522457 -0.729109 -0.442085
vn 0.25139 -0.82886 -0.499795
vn 0.196685 -0.843517 -0.499795
vn 0.315971 -0.839468 -0.442104
vn 0.315946 -0.83949 -0.442079
vn 0.305113 -0.810619 -0.499803
vn 0.343218 -0.757465 -0.555381
vn 0.622222 -0.758181 -0.194941
vn 0.571337 -0.797228 -0.19494
vn 0.467367 -0.87439 -0.130425
vn 0.467386 -0.874376 -0.130448
vn 0.349204 -0.927918 -0.130481
vn 0.287813 -0.948756 -0.130482
vn -0.409157 0.903091 -0.130448
vn -0.084946 0.861967 -0.499797
vn -0.02829 0.86568 -0.499797
vn -0.030228 0.923472 -0.382474
vn -0.146119 0.884986 -0.442096
vn -0.268237 0.884171 -0.382481
vn -0.031002 0.946472 -0.321295
vn 0.092778 0.942424 -0.321294
vn 0.092775 0.942423 -0.321297
vn 0.226569 0.971798 -0.065387
vn 0.471387 0.881927 0.0
vn 0.471387 0.881927 -0.0
vn 0.581243 0.8111 -0.065362
vn 0.526941 0.847381 -0.065408
vn 0.633055 0.771343 -0.065362
vn 0.628986 0.766385 -0.1305
vn 0.805915 0.577469 -0.130501
vn 0.805879 0.577536 -0.130428
vn 0.723608 0.677767 -0.130472
vn 0.715844 0.670495 -0.194948
vn 0.772746 -0.180203 -0.608597
vn 0.732392 -0.170747 -0.659126
vn 0.70391 0.069308 -0.706899
vn 0.751622 0.024643 -0.659134
vn 0.748388 -0.073687 -0.659155
vn 0.70391 -0.069308 -0.706899
vn 0.854585 0.141078 -0.499782
vn 0.854579 0.141056 -0.499797
vn 0.49352 -0.081482 -0.865909
vn 0.493524 -0.081496 -0.865906
vn 0.606031 -0.059703 -0.793197
vn 0.606049 -0.059673 -0.793186
vn 0.608647 0.01995 -0.79319
vn 0.608636 0.019971 -0.793198
vn 0.650756 0.107486 -0.75164
vn 0.642287 0.149812 -0.751681
vn 0.49352 0.081482 -0.865909
vn 0.541271 0.126177 -0.831327
vn 0.372856 0.086942 -0.923807
vn 0.440345 0.043377 -0.89678
vn 0.499944 0.01637 -0.865903
vn 0.442245 0.014481 -0.896777
vn 0.342039 0.280705 -0.89678
vn 0.424772 0.264139 -0.865909
vn 0.536126 0.384173 -0.751652
vn 0.494993 0.354698 -0.793203
vn 0.623808 0.3334 -0.7069
vn 0.600659 0.373496 -0.706902
vn 0.699803 0.374047 -0.608575
vn 0.699802 0.374069 -0.608563
vn 0.742693 0.279478 -0.608522
vn 0.703812 0.264847 -0.659169
vn 0.953067 0.157333 -0.258668
vn 0.940736 0.219332 -0.258668
vn 0.881927 0.471387 0.0
vn 0.881927 0.471387 -0.0
vn 0.284723 0.938579 -0.194939
vn 0.280409 0.924358 -0.258714
vn 0.268237 0.884171 -0.382481
vn 0.274917 0.90619 -0.321311
vn 0.081558 0.827583 -0.555387
vn 0.081532 0.827598 -0.555369
vn 0.115216 0.697853 -0.706914
vn 0.069334 0.703894 -0.706913
vn -0.023177 0.706934 -0.706899
vn 0.024643 0.751622 -0.659134
vn 0.180203 0.772746 -0.608597
vn 0.230357 0.75933 -0.608567
vn 0.141056 0.854579 -0.499797
vn 0.141078 0.854585 -0.499782
vn -0.971798 -0.226569 -0.065387
vn -0.954894 -0.289657 -0.065387
vn -0.910849 -0.41274 0.0
vn -0.910849 -0.41274 -0.0
vn -0.954888 -0.289673 -0.065404
vn -0.917953 -0.345455 -0.194995
vn -0.984527 -0.162574 -0.065397
vn -0.899806 -0.209805 -0.382533
vn -0.851889 -0.455394 -0.258653
vn -0.864971 -0.462387 -0.194996
vn -0.820279 0.510138 -0.258654
vn -0.851889 0.455394 -0.258653
vn -0.874376 0.467386 -0.130448
vn -0.880027 0.470406 -0.065352
vn -0.723608 0.677767 -0.130472
vn -0.631607 0.674378 -0.382474
vn -0.526941 0.847381 -0.065408
vn -0.622222 0.758181 -0.194941
vn -0.577536 0.805879 -0.130428
vn -0.510068 0.820301 -0.25872
vn -0.682154 0.728274 -0.065451
vn -0.682099 0.728332 -0.065372
vn -0.633055 0.771343 -0.065362
vn -0.63305 0.771346 -0.065368
vn -0.772999 0.634407 0.0
vn -0.772999 0.634407 0.0
vn -0.906186 0.274923 -0.321317
vn -0.924357 0.280436 -0.258689
vn -0.83949 0.315946 -0.442079
vn -0.858364 0.260345 -0.442078
vn -0.704053 0.504503 -0.499786
vn -0.735535 0.457386 -0.499786
vn -0.861967 0.084946 -0.499797
vn -0.896474 -0.029297 -0.442127
vn -0.96132 -0.09466 -0.258658
vn -0.980276 -0.032129 -0.195006
vn -0.934332 -0.15425 -0.321294
vn -0.663218 -0.354507 -0.659141
vn -0.742618 -0.279549 -0.608581
vn -0.843517 -0.196685 -0.499795
vn -0.854579 -0.141056 -0.499797
vn -0.858364 -0.260345 -0.442078
vn -0.839468 -0.315971 -0.442104
vn -0.858363 -0.260338 -0.442083
vn -0.873542 -0.203686 -0.442082
vn -0.551546 -0.769799 -0.321256
vn -0.538117 -0.751056 -0.382551
vn -0.462387 -0.864971 -0.194996
vn -0.455394 -0.851889 -0.258653
vn -0.290279 -0.956942 -0.0
vn -0.290279 -0.956942 0.0
vn -0.094637 -0.961316 -0.258678
vn -0.031622 -0.965446 -0.258678
vn -0.522473 -0.729084 -0.442107
vn -0.522457 -0.729109 -0.442085
vn -0.408302 -0.76387 -0.499793
vn -0.315971 -0.839468 -0.442104
vn -0.225094 -0.965569 -0.13042
vn -0.225122 -0.965559 -0.130448
vn -0.032428 -0.990927 -0.130434
vn 0.032428 -0.990927 -0.130434
vn 0.691179 -0.647324 -0.321314
vn 0.660308 -0.705044 -0.258663
vn 0.386337 -0.470717 -0.793202
vn 0.418438 -0.509829 -0.751654
vn 0.481376 -0.450864 -0.751664
vn 0.379916 -0.405643 -0.831335
vn 0.516255 -0.483499 -0.706902
vn 0.448719 -0.546732 -0.70692
vn 0.574931 -0.411969 -0.70692
vn 0.536133 -0.384169 -0.751649
vn 0.581313 -0.477075 -0.659147
vn 0.613395 -0.503404 -0.608548
vn 0.477075 -0.581313 -0.659147
vn 0.477084 -0.581311 -0.659142
vn 0.291891 -0.644256 -0.706919
vn 0.333423 -0.623775 -0.706919
vn 0.310396 -0.684946 -0.659169
vn 0.327543 -0.722783 -0.608523
vn 0.342039 -0.280705 -0.89678
vn 0.359666 -0.257734 -0.896779
vn 0.471966 -0.293485 -0.831333
vn 0.403038 -0.182616 -0.896778
vn 0.293491 -0.471965 -0.831332
vn 0.323722 -0.451765 -0.831332
vn 0.002138 -0.065407 -0.997856
vn 0.044734 -0.047764 -0.997856
vn 0.061245 -0.023057 -0.997856
vn 0.050584 0.041519 -0.997856
vn -0.123828 -0.150883 -0.980766
vn 0.122219 -0.046003 -0.991436
vn -0.029649 -0.12718 -0.991436
vn -0.021276 -0.128846 -0.991436
vn 0.100947 0.082847 -0.991436
vn 0.089266 0.095318 -0.991436
vn 0.053894 -0.11895 -0.991436
vn 0.091219 -0.24235 -0.965891
vn 0.042184 -0.255492 -0.96589
vn 0.129962 0.012802 -0.991436
vn -0.008473 -0.25881 -0.965891
vn -0.042184 -0.255492 -0.96589
vn 0.068957 -0.1109 -0.991436
vn 0.103069 -0.165759 -0.980765
vn -0.062623 0.018998 -0.997856
vn -0.044326 0.190092 -0.980765
vn 0.053897 -0.118949 -0.991436
vn 0.027008 -0.059609 -0.997856
vn -0.053894 0.11895 -0.991436
vn 0.018998 -0.062623 -0.997856
vn 0.136737 -0.219904 -0.965891
vn 0.122064 -0.228375 -0.965891
vn 0.133432 -0.142463 -0.980765
vn 0.076067 -0.10615 -0.991436
vn 0.234722 -0.21984 -0.946877
vn 0.302473 -0.322944 -0.896782
vn 0.150834 -0.210489 -0.96589
vn 0.187323 -0.261409 -0.946877
vn 0.133423 -0.142468 -0.980766
vn 0.150883 -0.123828 -0.980766
vn -0.058805 -0.252186 -0.96589
vn -0.058802 -0.252187 -0.96589
vn -0.444469 -0.416279 -0.793196
vn -0.234723 -0.219837 -0.946877
vn -0.204019 -0.248597 -0.946877
vn -0.187322 -0.261411 -0.946876
vn -0.235796 -0.441137 -0.865909
vn -0.176198 -0.468141 -0.865909
vn -0.132723 -0.292932 -0.946876
vn -0.13273 -0.292932 -0.946876
vn -0.068758 -0.182681 -0.980765
vn -0.068759 -0.18268 -0.980765
vn -0.697853 -0.115216 -0.706914
vn -0.600828 -0.099162 -0.793204
vn -0.444465 -0.416292 -0.793191
vn -0.481376 -0.450864 -0.751664
vn -0.560082 -0.348328 -0.751649
vn -0.273099 -0.169829 -0.946876
vn -0.291354 -0.406586 -0.86591
vn -0.293485 -0.471966 -0.831333
vn -0.600604 -0.37353 -0.70693
vn -0.684946 -0.310396 -0.659169
vn -0.554686 -0.251353 -0.793187
vn -0.386657 -0.317329 -0.865909
vn -0.569937 -0.214487 -0.793201
vn -0.569954 -0.214471 -0.793193
vn -0.300985 -0.11328 -0.946877
vn -0.219901 -0.136747 -0.96589
vn -0.24235 -0.091219 -0.965891
vn -0.30775 -0.093351 -0.946877
vn -0.150839 -0.210483 -0.965891
vn 0.027007 -0.059609 -0.997856
vn 0.122064 0.228375 -0.965891
vn 0.034557 -0.055573 -0.997856
vn 0.050584 -0.041519 -0.997856
vn -0.021273 0.128847 -0.991436
vn 0.038119 -0.053194 -0.997856
vn -0.014866 -0.06373 -0.997856
vn 0.258812 0.008478 -0.965891
vn 0.038112 0.053198 -0.997856
vn 0.062625 -0.01899 -0.997856
vn -0.01899 -0.062625 -0.997856
vn -0.186786 0.056662 -0.980765
vn -0.122219 0.046002 -0.991436
vn -0.219901 0.136747 -0.96589
vn -0.133432 0.142463 -0.980765
vn -0.122219 0.046003 -0.991436
vn -0.172145 0.09201 -0.980765
vn -0.158657 0.113698 -0.980765
vn -0.210489 0.150834 -0.96589
vn -0.313196 -0.073027 -0.946877
vn -0.252187 -0.058802 -0.96589
vn -0.38265 -0.012525 -0.923809
vn -0.32005 -0.031517 -0.946876
vn -0.30775 -0.093352 -0.946877
vn -0.366372 -0.111134 -0.923808
vn -0.320047 0.031523 -0.946877
vn -0.440345 0.043377 -0.89678
vn -0.321427 0.01052 -0.946876
vn -0.442245 -0.014481 -0.896778
vn -0.419038 -0.673839 -0.608562
vn -0.374069 -0.699802 -0.608563
vn 0.11526 -0.69782 -0.706938
vn 0.107486 -0.650756 -0.75164
vn 0.023084 -0.706891 -0.706945
vn -0.023084 -0.706891 -0.706945
vn 0.021607 -0.659182 -0.751673
vn 0.01995 -0.608647 -0.79319
vn -0.149812 -0.642287 -0.751681
vn -0.13833 -0.593061 -0.793186
vn -0.272189 -0.600791 -0.75164
vn -0.272225 -0.600748 -0.751662
vn -0.062368 -0.377744 -0.923807
vn -0.052388 -0.3173 -0.946877
vn -0.014475 -0.442243 -0.896778
vn -0.031517 -0.32005 -0.946876
vn -0.04902 -0.497804 -0.865903
vn -0.048999 -0.497797 -0.865908
vn -0.090548 -0.548345 -0.831335
vn -0.126199 -0.541254 -0.831335
vn -0.158012 -0.348727 -0.923808
vn -0.113585 -0.487127 -0.865913
vn 0.025373 -0.257703 -0.965891
vn 0.019126 -0.194252 -0.980765
vn 0.661964 -0.249161 -0.706911
vn 0.703819 -0.264916 -0.659135
vn 0.642287 -0.149812 -0.751681
vn 0.642352 -0.149733 -0.751641
vn 0.581648 -0.31091 -0.751678
vn 0.560089 -0.348253 -0.751678
vn 0.581682 -0.310886 -0.751662
vn 0.617286 -0.232371 -0.751639
vn 0.569937 -0.214487 -0.793201
vn 0.569954 -0.214471 -0.793193
vn 0.669537 -0.549468 -0.499804
vn 0.693364 -0.569022 -0.442109
vn 0.714181 -0.586175 -0.38255
vn 0.714255 -0.58613 -0.38248
vn 0.7846 -0.487966 -0.382482
vn 0.804147 -0.500123 -0.321286
vn 0.134859 -0.35832 -0.923807
vn 0.17622 -0.46812 -0.865916
vn 0.081482 -0.49352 -0.865909
vn 0.048999 -0.497797 -0.865908
vn 0.176784 -0.582757 -0.793185
vn 0.13833 -0.593061 -0.793186
vn 0.202171 -0.325124 -0.923808
vn 0.18048 -0.337647 -0.923808
vn 0.189 0.177017 -0.96589
vn 0.164277 0.200172 -0.96589
vn 0.19425 0.019135 -0.980766
vn 0.118949 0.053897 -0.991436
vn 0.063732 -0.01486 -0.997856
vn 0.194252 -0.019126 -0.980765
vn 0.186786 0.056662 -0.980765
vn 0.122219 0.046003 -0.991436
vn 0.257703 -0.025373 -0.965891
vn 0.19425 -0.019135 -0.980765
vn 0.313196 0.073027 -0.946877
vn 0.194252 0.019126 -0.980765
vn 0.182681 0.068758 -0.980765
vn 0.255493 0.042182 -0.96589
vn 0.177794 0.080556 -0.980765
vn 0.311204 0.223007 -0.923807
vn 0.1109 -0.068957 -0.991436
vn 0.10615 -0.076067 -0.991436
vn 0.30775 -0.093351 -0.946877
vn 0.242353 -0.091213 -0.965891
vn 0.118949 -0.053897 -0.991436
vn 0.124967 -0.037909 -0.991436
vn 0.165759 -0.103069 -0.980765
vn 0.273099 -0.169829 -0.946876
vn 0.311205 -0.223003 -0.923808
vn 0.261411 -0.187322 -0.946876
vn 0.34873 -0.158009 -0.923808
vn 0.358318 -0.134861 -0.923808
vn 0.478655 -0.145185 -0.865916
vn 0.46812 -0.17622 -0.865916
vn 0.377744 -0.062369 -0.923807
vn 0.430918 -0.100474 -0.89678
vn 0.382649 0.012524 -0.923809
vn 0.382649 -0.012524 -0.923809
vn 0.531864 0.161324 -0.831321
vn 0.520157 0.195809 -0.831321
vn -0.321426 0.010523 -0.946876
vn -0.381011 0.037521 -0.923809
vn -0.13052 0.00427 -0.991436
vn -0.195087 0.006391 -0.980765
vn -0.195087 -0.006391 -0.980765
vn -0.257703 -0.025373 -0.965891
vn -0.3173 -0.052389 -0.946877
vn -0.320047 -0.031523 -0.946877
vn -0.313196 0.073027 -0.946877
vn -0.313194 0.07303 -0.946877
vn -0.499916 0.016429 -0.865918
vn -0.499916 -0.016429 -0.865918
vn -0.493524 0.081496 -0.865906
vn -0.49352 0.081482 -0.865909
vn -0.416279 0.444469 -0.793196
vn -0.386329 0.470734 -0.793196
vn -0.317329 0.386657 -0.865909
vn -0.341934 0.36508 -0.865909
vn 0.081496 0.493524 -0.865906
vn 0.059673 0.606049 -0.793186
vn 0.04902 0.497804 -0.865903
vn 0.01637 0.499944 -0.865903
vn 0.099216 0.600844 -0.793186
vn 0.090547 0.548346 -0.831335
vn -0.072081 0.436565 -0.89678
vn -0.043377 0.440345 -0.89678
vn -0.07303 0.313194 -0.946877
vn -0.086942 0.372856 -0.923807
vn -0.111134 0.366372 -0.923808
vn -0.056662 0.186786 -0.980765
vn -0.189 0.177017 -0.96589
vn -0.204017 0.2486 -0.946877
vn -0.103069 0.165759 -0.980765
vn -0.18048 0.337647 -0.923808
vn -0.100474 0.430918 -0.89678
vn -0.145199 0.478656 -0.865913
vn -0.177018 0.188998 -0.96589
vn -0.2486 0.204017 -0.946877
vn -0.031796 0.192583 -0.980765
vn -0.019135 0.19425 -0.980765
vn -0.053897 0.118949 -0.991436
vn -0.076067 0.10615 -0.991436
vn -0.09201 0.172145 -0.980765
vn -0.080559 0.177791 -0.980765
vn -0.068758 0.182681 -0.980765
vn -0.228372 0.122068 -0.965891
vn -0.228375 0.122064 -0.965891
vn -0.733414 0.392035 -0.555348
vn -0.757505 0.343183 -0.555348
vn -0.69782 0.11526 -0.706938
vn -0.650729 0.107398 -0.751676
vn -0.63113 0.191448 -0.75168
vn -0.631138 0.19144 -0.751675
vn -0.642352 -0.149733 -0.751641
vn -0.63113 -0.191448 -0.75168
vn -0.789693 -0.077807 -0.608548
vn -0.748388 -0.073687 -0.659155
vn -0.64499 -0.462209 -0.608565
vn -0.61337 -0.503415 -0.608564
vn -0.693389 -0.569008 -0.442087
vn -0.769773 -0.551566 -0.321285
vn -0.751056 -0.538117 -0.382551
vn -0.732003 -0.600803 -0.321258
vn -0.862567 -0.390839 -0.321284
vn -0.7846 -0.487966 -0.382482
vn -0.804147 -0.500123 -0.321286
vn -0.804158 -0.500113 -0.321273
vn -0.791044 -0.422826 -0.442117
vn -0.788929 -0.357489 -0.499792
vn -0.761718 -0.473643 -0.442095
vn -0.735541 -0.457382 -0.499781
vn -0.817002 -0.370188 -0.442118
vn -0.817001 -0.370209 -0.442103
vn -0.574931 -0.411969 -0.70692
vn -0.516207 -0.483517 -0.706924
vn -0.78969 0.077798 -0.608553
vn -0.827598 0.081532 -0.555369
vn -0.923464 -0.030248 -0.382491
vn -0.946472 -0.031002 -0.321295
vn -0.831148 -0.027161 -0.555387
vn -0.919491 -0.090517 -0.382547
vn -0.820508 -0.135394 -0.555369
vn -0.827598 -0.081532 -0.555369
vn -0.759326 0.230331 -0.608582
vn -0.795807 0.241398 -0.555354
vn -0.854579 0.141056 -0.499797
vn -0.854585 0.141078 -0.499782
vn 0.242883 -0.295954 -0.923807
vn 0.261721 -0.279434 -0.923807
vn 0.280705 -0.342039 -0.89678
vn 0.317323 -0.386659 -0.86591
vn 0.292933 -0.132723 -0.946876
vn 0.300985 -0.113283 -0.946876
vn 0.457382 0.735541 -0.499781
vn 0.473652 0.761706 -0.442106
vn 0.357489 0.788929 -0.499792
vn 0.370209 0.817001 -0.442103
vn 0.435568 0.814822 -0.382553
vn 0.487882 0.784618 -0.382551
vn 0.29298 0.778296 -0.555354
vn 0.279549 0.742618 -0.608581
vn 0.397092 0.638626 -0.659148
vn 0.397104 0.638624 -0.659142
vn 0.504529 0.70401 -0.499821
vn 0.549446 0.669544 -0.499821
vn 0.106868 0.235868 -0.965891
vn 0.068759 0.18268 -0.980765
vn 0.151603 0.283625 -0.946876
vn 0.169824 0.273105 -0.946876
vn 0.164274 0.200173 -0.965891
vn 0.080559 0.177791 -0.980765
vn 0.031795 0.192583 -0.980766
vn 0.044315 0.190092 -0.980766
vn 0.006391 0.195087 -0.980765
vn 0.008478 0.258812 -0.965891
vn 0.450864 0.481376 -0.751664
vn 0.481376 0.450864 -0.751664
vn 0.322944 0.302473 -0.896782
vn 0.341934 0.36508 -0.865909
vn 0.386657 0.317329 -0.865909
vn 0.429616 0.352585 -0.831332
vn -0.549446 0.669544 -0.499821
vn -0.504529 0.70401 -0.499821
vn -0.581648 0.31091 -0.751678
vn -0.560089 0.348253 -0.751678
vn -0.600791 0.272189 -0.75164
vn -0.644255 0.291881 -0.706923
vn -0.514085 0.548842 -0.659158
vn -0.483517 0.516207 -0.706924
vn -0.340223 0.904072 -0.258654
vn -0.340276 0.904035 -0.258713
vn -0.241389 0.795815 -0.555347
vn -0.251408 0.828844 -0.499811
vn -0.325452 0.864748 -0.382481
vn -0.315946 0.83949 -0.442079
vn 0.223007 0.311204 -0.923807
vn 0.223003 0.311205 -0.923808
vn 0.302473 0.322944 -0.896782
vn 0.302469 0.322953 -0.89678
vn 0.07303 0.313194 -0.946877
vn 0.052388 0.3173 -0.946877
vn 0.128444 0.423425 -0.896779
vn 0.15586 0.414119 -0.896779
vn -0.195809 0.520157 -0.831321
vn -0.161324 0.531864 -0.831321
vn -0.182617 0.403038 -0.896778
vn -0.261993 0.490148 -0.831333
vn -0.158012 0.348727 -0.923808
vn -0.18048 0.337647 -0.923808
vn -0.242879 0.295955 -0.923807
vn -0.242883 0.295954 -0.923807
vn -0.235796 0.441137 -0.865909
vn -0.233659 0.375752 -0.89678
vn -0.232371 0.617286 -0.751639
vn -0.272189 0.600791 -0.75164
vn -0.160606 0.688819 -0.706918
vn -0.149733 0.642352 -0.751641
vn -0.229356 0.506231 -0.83134
vn -0.214487 0.569937 -0.793201
vn -0.219332 0.940736 -0.258668
vn -0.092778 0.942424 -0.321294
vn -0.15425 0.934332 -0.321294
vn -0.222702 0.95519 -0.194976
vn -0.500113 0.804158 -0.321273
vn -0.510138 0.820279 -0.258654
vn -0.714255 0.58613 -0.38248
vn -0.746692 0.612795 -0.258716
vn -0.551546 0.769799 -0.321256
vn -0.538117 0.751056 -0.382551
vn -0.569022 0.693364 -0.442109
vn -0.613199 0.654619 -0.442109
vn 0.881927 -0.471387 0.0
vn 0.881927 -0.471387 0.0
vn 0.935897 -0.352274 0.0
vn 0.935897 -0.352274 0.0
vn 0.351521 -0.933894 -0.065383
vn 0.411801 -0.908925 -0.065382
vn 0.984527 -0.162574 -0.065397
vn 0.965569 -0.225094 -0.13042
vn 0.96132 -0.09466 -0.258658
vn 0.97609 -0.096114 -0.194961
vn 0.978212 -0.161531 -0.13042
vn 0.978214 -0.16147 -0.13048
vn 0.90619 -0.274917 -0.321311
vn 0.906186 -0.274923 -0.321317
vn 0.847381 -0.526941 -0.065408
vn 0.841946 -0.523561 -0.130427
vn 0.946471 0.031001 -0.321296
vn 0.942423 0.092775 -0.321297
vn 0.884986 -0.146119 -0.442096
vn 0.911594 -0.150512 -0.382548
vn 0.810619 -0.305101 -0.499811
vn 0.778293 -0.292935 -0.555382
vn -0.274917 -0.90619 -0.321311
vn -0.333529 -0.886295 -0.32131
vn -0.030248 -0.923464 -0.382491
vn -0.031002 -0.946472 -0.321295
vn 0.510068 -0.820301 -0.25872
vn 0.446416 -0.835162 -0.321273
vn 0.500123 -0.804147 -0.321286
vn 0.551566 -0.769773 -0.321285
vn 0.473643 -0.761718 -0.442095
vn 0.473652 -0.761706 -0.442106
vn 0.586175 -0.714181 -0.38255
vn 0.600803 -0.732003 -0.321258
vn 0.18886 -0.80989 -0.555346
vn 0.196703 -0.84352 -0.499782
vn 0.357475 -0.78893 -0.499802
vn 0.357489 -0.788929 -0.499792
vn -0.471387 0.881927 0.0
vn -0.471387 0.881927 0.0
vn -0.411801 0.908925 -0.065382
vn -0.029345 0.896491 -0.442089
vn -0.087969 0.892647 -0.442089
vn -0.081558 0.827583 -0.555387
vn -0.084946 0.861967 -0.499797
vn -0.150563 0.911603 -0.382506
vn -0.209805 0.899806 -0.382533
vn 0.162562 0.984528 -0.065409
vn 0.162574 0.984527 -0.065397
vn 0.772779 -0.180163 -0.608567
vn 0.75933 -0.230357 -0.608567
vn 0.656356 0.064652 -0.751676
vn 0.703894 0.069334 -0.706913
vn 0.751622 -0.024643 -0.659134
vn 0.706934 -0.023177 -0.706899
vn 0.809891 0.188865 -0.555343
vn 0.820519 0.135434 -0.555343
vn 0.80989 0.18886 -0.555346
vn 0.795815 0.241389 -0.555347
vn 0.548345 -0.090548 -0.831335
vn 0.487146 -0.11356 -0.865906
vn 0.436565 -0.072081 -0.89678
vn 0.436566 -0.072079 -0.89678
vn 0.642352 0.149733 -0.751641
vn 0.688809 0.160563 -0.706938
vn 0.430918 0.100474 -0.89678
vn 0.372856 0.086936 -0.923808
vn 0.359666 0.257734 -0.896779
vn 0.359667 0.257732 -0.89678
vn 0.87439 0.467367 -0.130425
vn 0.841945 0.523562 -0.130426
vn -0.024643 0.751622 -0.659134
vn -0.024605 0.751604 -0.659155
vn 0.025957 0.793092 -0.608548
vn 0.073739 0.748408 -0.659127
vn 0.129261 0.782915 -0.608553
vn 0.122503 0.741987 -0.659127
vn 0.196685 0.843517 -0.499795
vn 0.25139 0.82886 -0.499795
vn -0.986641 -0.162911 0.0
vn -0.986641 -0.162911 -0.0
vn -0.956942 -0.290279 0.0
vn -0.956942 -0.290279 -0.0
vn -0.922232 -0.215041 -0.321318
vn -0.938562 -0.284756 -0.194974
vn -0.87439 0.467367 -0.130425
vn -0.841945 0.523562 -0.130426
vn -0.523561 0.841946 -0.130427
vn -0.523562 0.841945 -0.130426
vn -0.571337 0.797228 -0.19494
vn -0.670495 0.715844 -0.194948
vn -0.864748 0.325452 -0.382481
vn -0.864749 0.325421 -0.382506
vn -0.831166 0.027204 -0.555359
vn -0.831166 -0.027204 -0.555359
vn -0.923472 0.030228 -0.382474
vn -0.919513 0.090606 -0.382474
vn -0.986674 -0.097203 -0.130482
vn -0.990918 -0.032478 -0.130483
vn -0.924358 -0.280409 -0.258714
vn -0.965559 -0.225122 -0.130448
vn -0.97609 -0.096114 -0.194961
vn -0.976077 -0.096159 -0.195006
vn -0.911594 -0.150512 -0.382548
vn -0.911603 -0.150563 -0.382506
vn -0.719639 -0.218316 -0.659135
vn -0.772779 -0.180163 -0.608567
vn -0.703819 -0.264916 -0.659135
vn -0.722783 -0.327543 -0.608523
vn -0.8416 -0.381311 -0.382507
vn -0.862571 -0.390812 -0.321306
vn -0.820519 -0.135434 -0.555343
vn -0.795815 -0.241389 -0.555347
vn -0.510068 -0.820301 -0.25872
vn -0.562617 -0.785192 -0.25872
vn -0.398672 -0.879854 -0.258684
vn -0.455362 -0.851897 -0.258683
vn -0.504529 -0.70401 -0.499821
vn -0.484432 -0.675967 -0.555332
vn -0.392006 -0.733416 -0.555367
vn -0.392035 -0.733414 -0.555348
vn -0.222702 -0.95519 -0.194976
vn -0.219332 -0.940736 -0.258668
vn -0.096114 -0.97609 -0.194961
vn -0.096159 -0.976077 -0.195006
vn 0.647324 -0.691179 -0.321314
vn 0.647337 -0.691173 -0.321302
vn 0.416278 -0.444469 -0.793196
vn 0.386329 -0.470734 -0.793196
vn 0.416292 -0.444465 -0.793191
vn 0.444465 -0.416292 -0.793191
vn 0.509834 -0.418436 -0.751652
vn 0.509829 -0.418438 -0.751654
vn 0.560082 -0.348328 -0.751649
vn 0.600604 -0.37353 -0.70693
vn 0.546732 -0.448719 -0.70692
vn 0.581311 -0.477084 -0.659142
vn 0.483517 -0.516207 -0.706924
vn 0.483499 -0.516255 -0.706902
vn 0.390235 -0.20858 -0.896778
vn 0.490148 -0.261993 -0.831333
vn 0.405641 -0.379924 -0.831332
vn 0.34204 -0.280704 -0.89678
vn 0.295955 -0.242879 -0.923807
vn 0.311204 -0.223007 -0.923807
vn 0.494993 -0.354698 -0.793203
vn 0.470717 -0.386337 -0.793202
vn 0.061559 -0.115171 -0.991436
vn -0.124967 0.037909 -0.991436
vn 0.023053 0.061247 -0.997856
vn -0.133432 -0.142463 -0.980765
vn 0.061247 -0.023053 -0.997856
vn 0.062623 -0.018998 -0.997856
vn 0.11895 -0.053894 -0.991436
vn 0.122219 -0.046002 -0.991436
vn 0.006391 -0.195087 -0.980765
vn -0.068957 -0.1109 -0.991436
vn -0.053897 -0.118949 -0.991436
vn -0.053894 -0.11895 -0.991436
vn -0.031796 -0.192583 -0.980765
vn 0.018998 0.062623 -0.997856
vn -0.129962 -0.012802 -0.991436
vn -0.12718 -0.029649 -0.991436
vn 0.068758 -0.182681 -0.980765
vn 0.080556 -0.177794 -0.980765
vn 0.093351 -0.30775 -0.946877
vn 0.091213 -0.242353 -0.965891
vn 0.056662 -0.186786 -0.980765
vn 0.037909 -0.124967 -0.991436
vn 0.031796 -0.192583 -0.980765
vn -0.041516 0.050587 -0.997856
vn -0.006382 -0.195086 -0.980765
vn -0.006391 -0.195087 -0.980765
vn -0.031523 -0.320047 -0.946877
vn -0.052389 -0.3173 -0.946877
vn 0.047764 -0.044734 -0.997856
vn 0.050587 0.041516 -0.997856
vn 0.046002 -0.122219 -0.991436
vn 0.046003 -0.122219 -0.991436
vn 0.030848 -0.057715 -0.997856
vn 0.061247 0.023053 -0.997856
vn 0.063732 0.01486 -0.997856
vn 0.059609 0.027008 -0.997856
vn -0.010654 0.064568 -0.997856
vn 0.006382 -0.195086 -0.980765
vn 0.057715 -0.030848 -0.997856
vn 0.113695 -0.158658 -0.980766
vn 0.103075 -0.165755 -0.980766
vn 0.261718 -0.27944 -0.923806
vn 0.219837 -0.234723 -0.946877
vn 0.210483 -0.150839 -0.965891
vn 0.200173 -0.164274 -0.965891
vn 0.100947 -0.082847 -0.991436
vn 0.100948 -0.082847 -0.991436
vn -0.11328 -0.300985 -0.946877
vn -0.091213 -0.242353 -0.965891
vn -0.219837 -0.234723 -0.946877
vn -0.089268 -0.095315 -0.991436
vn -0.322944 -0.302473 -0.896782
vn -0.223003 -0.311205 -0.923808
vn -0.113283 -0.300985 -0.946876
vn -0.18048 -0.337647 -0.923808
vn -0.100479 -0.430918 -0.896779
vn -0.134859 -0.35832 -0.923807
vn -0.122068 -0.228372 -0.965891
vn -0.151602 -0.283625 -0.946876
vn -0.659182 -0.021607 -0.751673
vn -0.606049 -0.059673 -0.793186
vn -0.582757 -0.176784 -0.793185
vn -0.582753 -0.176764 -0.793192
vn -0.317323 -0.386659 -0.86591
vn -0.379916 -0.405643 -0.831335
vn -0.494993 -0.354698 -0.793203
vn -0.470717 -0.386337 -0.793202
vn -0.292932 -0.13273 -0.946876
vn -0.200172 -0.164278 -0.96589
vn -0.261721 -0.279434 -0.923807
vn -0.375752 -0.233659 -0.89678
vn -0.352584 -0.429617 -0.831333
vn -0.470734 -0.386329 -0.793196
vn -0.536126 -0.384173 -0.751652
vn -0.494993 -0.354698 -0.793203
vn -0.455612 -0.206438 -0.865911
vn -0.406589 -0.291352 -0.86591
vn -0.478655 -0.145185 -0.865916
vn -0.403038 -0.182616 -0.896778
vn -0.235868 -0.106868 -0.965891
vn -0.235868 -0.106868 -0.965891
vn -0.164278 -0.200172 -0.96589
vn -0.247802 -0.075167 -0.96589
vn -0.252186 -0.058805 -0.96589
vn -0.158658 -0.113695 -0.980766
vn -0.136747 -0.219901 -0.96589
vn -0.150834 -0.210489 -0.96589
vn -0.034557 0.055573 -0.997856
vn -0.006412 -0.065126 -0.997856
vn 0.044734 -0.047765 -0.997856
vn 0.00427 0.13052 -0.991436
vn -0.019126 0.194252 -0.980765
vn 0.021276 0.128846 -0.991436
vn 0.010662 0.064567 -0.997856
vn 0.055573 0.034557 -0.997856
vn 0.002143 -0.065406 -0.997856
vn 0.046002 0.122219 -0.991436
vn -0.050584 0.041519 -0.997856
vn -0.06373 -0.014866 -0.997856
vn 0.10615 0.076067 -0.991436
vn -0.055573 0.034557 -0.997856
vn -0.002138 -0.065407 -0.997856
vn -0.100947 0.082847 -0.991436
vn -0.089266 0.095318 -0.991436
vn 0.034556 -0.055574 -0.997856
vn -0.18268 0.068759 -0.980765
vn -0.182681 0.068758 -0.980765
vn -0.247799 0.07517 -0.965891
vn -0.186786 0.056662 -0.980765
vn -0.200173 0.164274 -0.965891
vn -0.095318 0.089266 -0.991436
vn -0.158658 0.113695 -0.980766
vn -0.165759 0.103069 -0.980765
vn -0.142463 0.133432 -0.980765
vn -0.142468 0.133423 -0.980766
vn -0.377744 0.062369 -0.923807
vn -0.377744 0.062368 -0.923807
vn -0.381011 -0.037521 -0.923809
vn -0.381014 -0.037532 -0.923807
vn -0.382649 -0.012524 -0.923809
vn -0.382649 0.012524 -0.923809
vn -0.010523 -0.321426 -0.946876
vn -0.01052 -0.321427 -0.946876
vn -0.072079 -0.436566 -0.89678
vn -0.072081 -0.436565 -0.89678
vn -0.043363 -0.440352 -0.896777
vn -0.014481 -0.442245 -0.896778
vn -0.261993 -0.490148 -0.831333
vn -0.323722 -0.451765 -0.831332
vn -0.235787 -0.441138 -0.865911
vn -0.208586 -0.390228 -0.89678
vn 0.025383 -0.257704 -0.96589
vn 0.008478 -0.258812 -0.965891
vn 0.644256 -0.291891 -0.706919
vn 0.685001 -0.310351 -0.659133
vn 0.582753 -0.176764 -0.793192
vn 0.582757 -0.176784 -0.793185
vn 0.600748 -0.272225 -0.751662
vn 0.554686 -0.251353 -0.793187
vn 0.134861 -0.358318 -0.923808
vn 0.158009 -0.34873 -0.923808
vn 0.128444 -0.423425 -0.896779
vn 0.15586 -0.414119 -0.896779
vn 0.090547 -0.548346 -0.831335
vn 0.05446 -0.553097 -0.831335
vn 0.037532 -0.381014 -0.923807
vn 0.086942 -0.372857 -0.923807
vn 0.095318 0.089266 -0.991436
vn 0.273099 0.169829 -0.946876
vn 0.177791 0.080559 -0.980765
vn 0.053194 0.038119 -0.997856
vn 0.188998 0.177018 -0.96589
vn 0.177017 0.189 -0.96589
vn 0.064567 -0.010662 -0.997856
vn 0.190092 -0.044315 -0.980766
vn 0.129962 -0.012797 -0.991436
vn 0.12718 -0.029649 -0.991436
vn 0.128846 0.021276 -0.991436
vn 0.192583 0.031796 -0.980765
vn 0.255492 -0.042184 -0.96589
vn 0.255493 -0.042182 -0.96589
vn 0.3173 0.052388 -0.946877
vn 0.320047 0.031523 -0.946877
vn 0.124966 0.03791 -0.991436
vn 0.235868 0.106868 -0.965891
vn 0.12718 0.029649 -0.991436
vn 0.13052 -0.00427 -0.991436
vn -0.128846 -0.021276 -0.991436
vn -0.010662 -0.064567 -0.997856
vn 0.186786 -0.056662 -0.980765
vn 0.186786 -0.056662 -0.980765
vn 0.177794 -0.080556 -0.980765
vn 0.182681 -0.068758 -0.980765
vn 0.283625 -0.151602 -0.946876
vn 0.228372 -0.122068 -0.965891
vn 0.325124 -0.202171 -0.923808
vn 0.325123 -0.202173 -0.923808
vn 0.531849 0.161341 -0.831328
vn 0.582757 0.176784 -0.793185
vn -0.13052 -0.00427 -0.991436
vn -0.124966 -0.03791 -0.991436
vn -0.280704 0.34204 -0.89678
vn -0.302469 0.322953 -0.89678
vn -0.018255 0.555476 -0.831332
vn 0.018255 0.555476 -0.831332
vn 0.099162 0.600828 -0.793204
vn 0.138275 0.593049 -0.793204
vn 0.054441 0.553091 -0.83134
vn 0.018226 0.555464 -0.831341
vn -0.086936 0.372856 -0.923808
vn -0.113283 0.300985 -0.946876
vn -0.062368 0.377744 -0.923807
vn -0.052388 0.3173 -0.946877
vn -0.093352 0.30775 -0.946877
vn -0.073027 0.313196 -0.946877
vn -0.106868 0.235868 -0.965891
vn -0.132723 0.292933 -0.946876
vn -0.134859 0.35832 -0.923807
vn -0.111137 0.366372 -0.923807
vn -0.187323 0.261409 -0.946877
vn -0.187322 0.261411 -0.946876
vn -0.133423 0.142468 -0.980766
vn -0.082847 0.100948 -0.991436
vn -0.188998 0.177018 -0.96589
vn -0.295955 0.242879 -0.923807
vn -0.037909 0.124967 -0.991436
vn -0.046003 0.122219 -0.991436
vn 0.006413 -0.065126 -0.997856
vn -0.09201 0.172145 -0.980765
vn 0.055573 -0.034557 -0.997856
vn -0.061558 0.115171 -0.991436
vn -0.699802 0.374069 -0.608563
vn -0.778293 0.292935 -0.555382
vn -0.763884 0.408291 -0.499781
vn -0.733416 0.392006 -0.555367
vn -0.688809 0.160563 -0.706938
vn -0.642352 0.149733 -0.751641
vn -0.703894 -0.069334 -0.706913
vn -0.656356 -0.064652 -0.751676
vn -0.782915 -0.129261 -0.608553
vn -0.78969 -0.077798 -0.608553
vn -0.645032 -0.462186 -0.608537
vn -0.78893 -0.357475 -0.499802
vn -0.704053 -0.504503 -0.499786
vn -0.735535 -0.457386 -0.499786
vn -0.751032 -0.538201 -0.38248
vn -0.729084 -0.522473 -0.442107
vn -0.784618 -0.487882 -0.382551
vn -0.814822 -0.435568 -0.382553
vn -0.757505 -0.343183 -0.555348
vn -0.733414 -0.392035 -0.555348
vn -0.546734 -0.448707 -0.706925
vn -0.579155 -0.542447 -0.608548
vn -0.782893 0.129187 -0.608596
vn -0.782915 0.129261 -0.608553
vn -0.896491 -0.029345 -0.442089
vn -0.809891 -0.188865 -0.555343
vn 0.279434 -0.261721 -0.923807
vn 0.405643 -0.379916 -0.831335
vn 0.257734 -0.359666 -0.896779
vn 0.223007 -0.311204 -0.923807
vn 0.414119 -0.15586 -0.896779
vn 0.35832 -0.134859 -0.923807
vn 0.348727 -0.158012 -0.923808
vn 0.292932 -0.13273 -0.946876
vn 0.327543 0.722783 -0.608523
vn 0.343183 0.757505 -0.555348
vn 0.091219 0.24235 -0.965891
vn 0.056662 0.186786 -0.980765
vn 0.076067 0.10615 -0.991436
vn 0.068758 0.182681 -0.980765
vn 0.136747 0.219901 -0.96589
vn 0.169829 0.273099 -0.946876
vn 0.122068 0.228372 -0.965891
vn 0.106868 0.235868 -0.965891
vn 0.089268 0.095315 -0.991436
vn 0.082847 0.100948 -0.991436
vn 0.1109 0.068957 -0.991436
vn 0.068962 0.110897 -0.991436
vn 0.365087 0.341931 -0.865907
vn 0.322953 0.302469 -0.89678
vn -0.450864 0.481376 -0.751664
vn -0.481376 0.450864 -0.751664
vn 0.261721 0.279434 -0.923807
vn 0.187323 0.261409 -0.946877
vn 0.280705 0.342039 -0.89678
vn 0.257732 0.359667 -0.89678
vn 0.042182 0.255493 -0.96589
vn 0.042184 0.255492 -0.96589
vn 0.134861 0.358318 -0.923808
vn 0.113283 0.300985 -0.946876
vn -0.264142 0.424772 -0.865909
vn -0.264139 0.424772 -0.865909
vn -0.235787 0.441138 -0.865911
vn -0.206438 0.455612 -0.865911
vn -0.251309 0.554685 -0.793201
vn -0.251353 0.554686 -0.793187
vn -0.160563 0.688809 -0.706938
vn -0.11526 0.69782 -0.706938
vn -0.090517 0.919491 -0.382547
vn -0.092775 0.942423 -0.321297
vn -0.455362 0.851897 -0.258683
vn -0.446416 0.835162 -0.321273
vn -0.670464 0.715863 -0.194983
vn -0.746675 0.61283 -0.25868
vn -0.714181 0.586175 -0.38255
vn -0.674382 0.631599 -0.382482
vn 0.9339 -0.351501 -0.065403
vn 0.954888 -0.289673 -0.065404
vn 0.47038 -0.880043 -0.065322
vn 0.471387 -0.881927 0.0
vn 0.471387 -0.881927 0.0
vn 0.903089 -0.409164 -0.13044
vn 0.841945 -0.523562 -0.130426
vn 0.778296 -0.29298 -0.555354
vn 0.742618 -0.279549 -0.608581
vn -0.582489 0.812839 0.0
vn -0.582489 0.812839 0.0
vn -0.634407 0.772999 0.0
vn -0.634407 0.772999 0.0
vn -0.41274 0.910849 0.0
vn -0.41274 0.910849 0.0
vn -0.411859 0.908904 -0.065321
vn -0.274923 0.906186 -0.321317
vn -0.280436 0.924357 -0.258689
vn 0.732379 -0.170762 -0.659136
vn 0.719638 -0.218313 -0.659136
vn 0.436565 0.072081 -0.89678
vn 0.366372 0.111137 -0.923807
vn 0.423425 0.128445 -0.896779
vn 0.430918 0.100479 -0.896779
vn 0.348727 0.158012 -0.923808
vn 0.295954 0.242883 -0.923807
vn 0.375754 0.233657 -0.896779
vn 0.311205 0.223003 -0.923808
vn 0.077807 0.789693 -0.608548
vn 0.077798 0.78969 -0.608553
vn -0.886295 -0.333529 -0.32131
vn -0.953068 -0.157344 -0.258658
vn -0.94875 -0.287847 -0.130448
vn -0.904035 -0.340276 -0.258713
vn -0.934302 -0.154312 -0.321353
vn -0.92223 -0.215 -0.321352
vn -0.571265 0.797261 -0.195015
vn -0.517909 0.832911 -0.195012
vn -0.62897 0.766403 -0.130476
vn -0.628986 0.766385 -0.1305
vn -0.827583 -0.081558 -0.555387
vn -0.861967 -0.084946 -0.499797
vn -0.892647 0.087969 -0.442089
vn -0.861967 0.084946 -0.499797
vn -0.980269 -0.032088 -0.195046
vn -0.965451 -0.031603 -0.25866
vn -0.984528 -0.162562 -0.065409
vn -0.986674 -0.097206 -0.13048
vn -0.699803 -0.374047 -0.608575
vn -0.699802 -0.374069 -0.608563
vn -0.75933 -0.230357 -0.608567
vn -0.759326 -0.230331 -0.608582
vn -0.84352 -0.196703 -0.499782
vn -0.854585 -0.141078 -0.499782
vn -0.292935 -0.778293 -0.555382
vn -0.305101 -0.810619 -0.499811
vn 0.674378 -0.631607 -0.382474
vn 0.691173 -0.647337 -0.321302
vn 0.574912 -0.411979 -0.706929
vn 0.61127 -0.438033 -0.659148
vn 0.506231 -0.229365 -0.831338
vn 0.506231 -0.229356 -0.83134
vn 0.468141 -0.176198 -0.865909
vn 0.455617 -0.206432 -0.865909
vn 0.379924 -0.405641 -0.831332
vn 0.341931 -0.365087 -0.865907
vn 0.429616 -0.352585 -0.831332
vn 0.386657 -0.317329 -0.865909
vn 0.341934 -0.36508 -0.865909
vn 0.302469 -0.322953 -0.89678
vn 0.471965 -0.293491 -0.831332
vn 0.517125 -0.321574 -0.793203
vn -0.129962 0.012797 -0.991436
vn -0.023053 -0.061247 -0.997856
vn -0.09201 -0.172145 -0.980765
vn -0.031795 -0.192583 -0.980766
vn -0.044315 -0.190092 -0.980766
vn -0.041519 -0.050584 -0.997856
vn -0.195086 0.006382 -0.980765
vn -0.190092 0.044315 -0.980766
vn -0.115171 -0.061559 -0.991436
vn -0.177791 -0.080559 -0.980765
vn 0.093352 -0.30775 -0.946877
vn 0.073027 -0.313196 -0.946877
vn 0.095315 -0.089268 -0.991436
vn 0.089268 -0.095315 -0.991436
vn -0.038112 0.053198 -0.997856
vn 0.061559 0.115171 -0.991436
vn 0.047765 -0.044734 -0.997856
vn 0.01899 -0.062625 -0.997856
vn 0.004266 -0.130521 -0.991436
vn -0.01486 -0.063732 -0.997856
vn 0.038119 0.053194 -0.997856
vn 0.204017 -0.2486 -0.946877
vn 0.204019 -0.248597 -0.946877
vn 0.142463 -0.133432 -0.980765
vn 0.177017 -0.189 -0.96589
vn 0.228375 -0.122064 -0.965891
vn 0.219904 -0.136737 -0.965891
vn 0.261409 -0.187323 -0.946877
vn 0.210489 -0.150834 -0.96589
vn 0.150886 -0.123826 -0.980765
vn 0.158657 -0.113698 -0.980765
vn -0.261718 -0.27944 -0.923806
vn -0.223007 -0.311204 -0.923807
vn -0.169824 -0.273105 -0.946876
vn -0.18048 -0.337647 -0.923808
vn -0.233657 -0.375754 -0.896779
vn -0.202173 -0.325123 -0.923808
vn -0.134861 -0.358318 -0.923808
vn -0.158009 -0.34873 -0.923808
vn -0.182616 -0.403038 -0.896778
vn -0.155865 -0.414119 -0.896778
vn -0.608636 -0.019971 -0.793198
vn -0.606031 -0.059703 -0.793197
vn -0.352586 -0.429616 -0.831332
vn -0.416292 -0.444465 -0.793191
vn -0.189 -0.177017 -0.96589
vn -0.359666 -0.257734 -0.896779
vn -0.204017 -0.2486 -0.946877
vn -0.242879 -0.295955 -0.923807
vn -0.341931 -0.365087 -0.865907
vn -0.280704 -0.34204 -0.89678
vn -0.506231 -0.229365 -0.831338
vn -0.471965 -0.293491 -0.831332
vn -0.509829 -0.418438 -0.751654
vn -0.509834 -0.418436 -0.751652
vn -0.414119 -0.15586 -0.896779
vn -0.311205 -0.223003 -0.923808
vn -0.424772 -0.264142 -0.865909
vn -0.424772 -0.264139 -0.865909
vn -0.478656 -0.145199 -0.865913
vn -0.487127 -0.113585 -0.865913
vn -0.283625 -0.151602 -0.946876
vn -0.292933 -0.132723 -0.946876
vn -0.190092 -0.044315 -0.980766
vn -0.129962 -0.012797 -0.991436
vn -0.10615 -0.076067 -0.991436
vn -0.11895 -0.053894 -0.991436
vn -0.186786 -0.056662 -0.980765
vn -0.127179 -0.029654 -0.991436
vn -0.177018 -0.188998 -0.96589
vn -0.210483 -0.150839 -0.965891
vn 0.029654 0.127179 -0.991436
vn 0.080556 0.177794 -0.980765
vn -0.00427 0.13052 -0.991436
vn -0.004266 0.130521 -0.991436
vn 0.004265 0.130521 -0.991436
vn 0.012797 0.129962 -0.991436
vn 0.031796 0.192583 -0.980765
vn 0.021273 0.128847 -0.991436
vn 0.110897 0.068962 -0.991436
vn 0.010654 -0.064568 -0.997856
vn -0.006412 0.065126 -0.997856
vn 0.002143 0.065406 -0.997856
vn 0.041516 0.050587 -0.997856
vn -0.064567 -0.010662 -0.997856
vn 0.130521 -0.004266 -0.991436
vn 0.095315 0.089268 -0.991436
vn -0.118949 0.053897 -0.991436
vn 0.165759 0.103069 -0.980765
vn 0.10615 0.076067 -0.991436
vn 0.062623 0.018998 -0.997856
vn 0.082847 0.100947 -0.991436
vn -0.030848 0.057715 -0.997856
vn 0.023057 -0.061245 -0.997856
vn -0.047764 0.044734 -0.997856
vn -0.034556 0.055574 -0.997856
vn -0.06373 0.014866 -0.997856
vn 0.065407 0.002138 -0.997856
vn -0.053198 0.038112 -0.997856
vn -0.165755 0.103075 -0.980766
vn -0.291352 -0.406589 -0.86591
vn -0.264139 -0.424772 -0.865909
vn 0.00427 -0.13052 -0.991436
vn 0.012797 -0.129962 -0.991436
vn 0.010523 -0.321426 -0.946876
vn 0.008473 -0.25881 -0.965891
vn 0.113585 -0.487127 -0.865913
vn 0.145199 -0.478656 -0.865913
vn 0.100474 -0.430918 -0.89678
vn 0.072081 -0.436565 -0.89678
vn 0.242879 0.295955 -0.923807
vn 0.279434 0.261721 -0.923807
vn 0.057712 0.030852 -0.997856
vn 0.228375 0.122064 -0.965891
vn 0.210483 0.150839 -0.965891
vn 0.115171 0.061558 -0.991436
vn 0.172144 0.09201 -0.980765
vn 0.133432 0.142463 -0.980765
vn 0.177018 0.188998 -0.96589
vn 0.129962 -0.012802 -0.991436
vn 0.128846 -0.021276 -0.991436
vn 0.195087 -0.006391 -0.980765
vn 0.195086 -0.006382 -0.980765
vn 0.065407 -0.002138 -0.997856
vn -0.023057 0.061245 -0.997856
vn 0.257704 0.025383 -0.96589
vn 0.257703 0.025373 -0.965891
vn 0.300985 0.11328 -0.946877
vn 0.192583 0.031795 -0.980766
vn 0.30775 0.093351 -0.946877
vn 0.247802 0.075167 -0.96589
vn 0.110897 -0.068962 -0.991436
vn 0.10615 -0.076067 -0.991436
vn -0.061247 -0.023053 -0.997856
vn -0.130521 -0.004266 -0.991436
vn -0.059609 0.027007 -0.997856
vn 0.016429 0.499916 -0.865918
vn -0.016429 0.499916 -0.865918
vn -0.113585 0.487127 -0.865913
vn -0.100479 0.430918 -0.896779
vn -0.080556 0.177794 -0.980765
vn -0.106868 0.235868 -0.965891
vn -0.122068 0.228372 -0.965891
vn -0.151602 0.283625 -0.946876
vn -0.150839 0.210483 -0.965891
vn -0.150834 0.210489 -0.96589
vn -0.234723 0.219837 -0.946877
vn -0.164274 0.200173 -0.965891
vn -0.279434 0.261721 -0.923807
vn -0.27944 0.261718 -0.923806
vn -0.177017 0.189 -0.96589
vn -0.21984 0.234722 -0.946877
vn -0.044315 0.190092 -0.980766
vn 0.06373 0.014866 -0.997856
vn -0.07517 0.247799 -0.965891
vn -0.075167 0.247802 -0.96589
vn -0.068957 0.1109 -0.991436
vn -0.061559 0.115171 -0.991436
vn -0.810619 0.305113 -0.499803
vn -0.78893 0.357475 -0.499802
vn -0.791044 0.422826 -0.442117
vn -0.76387 0.408302 -0.499792
vn -0.675967 -0.484432 -0.555332
vn -0.70401 -0.504529 -0.499821
vn -0.548842 -0.514085 -0.659158
vn -0.548864 -0.514077 -0.659146
vn 0.439144 0.706201 -0.555367
vn 0.374047 0.699803 -0.608575
vn 0.053897 0.118949 -0.991436
vn 0.03791 0.124966 -0.991436
vn 0.030848 0.057715 -0.997856
vn 0.061558 0.115171 -0.991436
vn 0.113695 0.158658 -0.980766
vn 0.103075 0.165754 -0.980766
vn 0.133423 0.142469 -0.980766
vn 0.044734 0.047764 -0.997856
vn 0.261718 0.27944 -0.923806
vn 0.219837 0.234723 -0.946877
vn 0.058805 0.252186 -0.96589
vn 0.058802 0.252187 -0.96589
vn -0.647337 0.691173 -0.321302
vn -0.70503 0.660317 -0.258678
vn -0.732023 0.600756 -0.321301
vn -0.691173 0.647337 -0.321302
vn 0.973882 -0.227055 0.0
vn 0.973882 -0.227055 0.0
vn 0.874376 -0.467386 -0.130448
vn 0.87439 -0.467367 -0.130425
vn -0.47038 0.880043 -0.065322
vn -0.154312 0.934302 -0.321353
vn -0.215041 0.922232 -0.321318
vn 0.325123 0.202173 -0.923808
vn 0.273105 0.169824 -0.946876
vn 0.390228 0.208586 -0.89678
vn 0.34873 0.158009 -0.923808
vn 0.283625 0.151602 -0.946876
vn 0.337647 0.18048 -0.923808
vn 0.424772 0.264142 -0.865909
vn 0.375752 0.233659 -0.89678
vn -0.886294 -0.333533 -0.321307
vn -0.904072 -0.340223 -0.258654
vn -0.953067 -0.157333 -0.258668
vn -0.95519 -0.222702 -0.194976
vn -0.95519 -0.222704 -0.194974
vn -0.938579 -0.284723 -0.194939
vn -0.86568 -0.02829 -0.499797
vn -0.861967 -0.084946 -0.499797
vn -0.831148 0.027162 -0.555387
vn -0.86568 0.02829 -0.499797
vn -0.978214 -0.16147 -0.13048
vn -0.978212 -0.161531 -0.13042
vn -0.638626 -0.397092 -0.659148
vn -0.673879 -0.419012 -0.608535
vn -0.703812 -0.264847 -0.659169
vn -0.661964 -0.249161 -0.706911
vn -0.357489 -0.788929 -0.499792
vn -0.357475 -0.78893 -0.499802
vn 0.424772 -0.264142 -0.865909
vn 0.441137 -0.235796 -0.865909
vn 0.403038 -0.182617 -0.896778
vn 0.455612 -0.206438 -0.865911
vn 0.322944 -0.302473 -0.896782
vn 0.322953 -0.302469 -0.89678
vn 0.406586 -0.291354 -0.86591
vn 0.386659 -0.317323 -0.86591
vn -0.018998 -0.062623 -0.997856
vn -0.046001 -0.122219 -0.991436
vn -0.068962 -0.110897 -0.991436
vn -0.061559 -0.115171 -0.991436
vn 0.014866 -0.06373 -0.997856
vn -0.030852 -0.057712 -0.997856
vn -0.076067 -0.10615 -0.991436
vn -0.133423 -0.142468 -0.980766
vn -0.12718 0.029649 -0.991436
vn -0.128846 0.021276 -0.991436
vn -0.194252 0.019126 -0.980765
vn -0.19425 0.019135 -0.980765
vn 0.006412 -0.065126 -0.997856
vn 0.010662 -0.064567 -0.997856
vn 0.07517 -0.247799 -0.965891
vn 0.075167 -0.247802 -0.96589
vn -0.027008 0.059609 -0.997856
vn -0.050587 0.041516 -0.997856
vn 0.11895 0.053894 -0.991436
vn -0.01486 0.063732 -0.997856
vn 0.010654 0.064568 -0.997856
vn 0.029649 -0.12718 -0.991436
vn 0.021276 -0.128846 -0.991436
vn -0.010654 -0.064568 -0.997856
vn -0.006413 -0.065126 -0.997856
vn -0.089268 0.095315 -0.991436
vn -0.019135 -0.19425 -0.980765
vn -0.012797 -0.129962 -0.991436
vn 0.034557 0.055573 -0.997856
vn 0.068957 0.1109 -0.991436
vn 0.113698 -0.158657 -0.980765
vn 0.123826 -0.150886 -0.980765
vn 0.188998 -0.177018 -0.96589
vn 0.177018 -0.188998 -0.96589
vn -0.206432 -0.455618 -0.865909
vn -0.20858 -0.390235 -0.896778
vn -0.264142 -0.424772 -0.865909
vn -0.233659 -0.375752 -0.89678
vn -0.15586 -0.414119 -0.896779
vn -0.128445 -0.423425 -0.896779
vn -0.36508 -0.341934 -0.865909
vn -0.405643 -0.379916 -0.831335
vn -0.386329 -0.470734 -0.793196
vn -0.416278 -0.444469 -0.793196
vn -0.261409 -0.187323 -0.946877
vn -0.210489 -0.150834 -0.96589
vn -0.34204 -0.280704 -0.89678
vn -0.279434 -0.261721 -0.923807
vn -0.379924 -0.405641 -0.831332
vn -0.341934 -0.36508 -0.865909
vn -0.302469 -0.322953 -0.89678
vn -0.302473 -0.322944 -0.896782
vn -0.337647 -0.18048 -0.923808
vn -0.390228 -0.208586 -0.89678
vn -0.517125 -0.321574 -0.793203
vn -0.517154 -0.321556 -0.793192
vn -0.441137 -0.235796 -0.865909
vn -0.46812 -0.17622 -0.865916
vn -0.219904 -0.136737 -0.965891
vn -0.228372 -0.122068 -0.965891
vn -0.172145 -0.09201 -0.980765
vn -0.165759 -0.103069 -0.980765
vn -0.164274 -0.200173 -0.965891
vn -0.123826 -0.150886 -0.980765
vn -0.177017 -0.189 -0.96589
vn -0.21984 -0.234722 -0.946877
vn -0.158657 -0.113698 -0.980765
vn -0.082847 -0.100948 -0.991436
vn -0.050584 -0.041519 -0.997856
vn -0.010662 0.064567 -0.997856
vn -0.006413 0.065126 -0.997856
vn -0.012797 0.129962 -0.991436
vn 0.006413 0.065126 -0.997856
vn 0.053194 -0.038119 -0.997856
vn 0.065406 0.002143 -0.997856
vn -0.044734 -0.047765 -0.997856
vn 0.122219 0.046002 -0.991436
vn 0.252186 0.058805 -0.96589
vn 0.130521 0.004265 -0.991436
vn 0.047765 0.044734 -0.997856
vn 0.047764 0.044734 -0.997856
vn -0.027007 0.059609 -0.997856
vn -0.002143 0.065406 -0.997856
vn -0.002138 0.065407 -0.997856
vn -0.041519 0.050584 -0.997856
vn -0.002143 -0.065406 -0.997856
vn -0.064567 0.010662 -0.997856
vn 0.057712 -0.030852 -0.997856
vn 0.055574 0.034556 -0.997856
vn -0.177791 0.080559 -0.980765
vn -0.115171 0.061558 -0.991436
vn -0.057715 0.030848 -0.997856
vn -0.059609 0.027008 -0.997856
vn 0.081496 -0.493524 -0.865906
vn 0.11356 -0.487146 -0.865906
vn 0.204019 0.248597 -0.946877
vn 0.21984 0.234722 -0.946877
vn -0.065406 -0.002143 -0.997856
vn 0.115171 0.061559 -0.991436
vn 0.057715 0.030848 -0.997856
vn 0.165754 0.103075 -0.980766
vn 0.158658 0.113695 -0.980766
vn 0.192583 -0.031796 -0.980765
vn 0.128847 -0.021273 -0.991436
vn 0.13052 0.00427 -0.991436
vn 0.195086 0.006382 -0.980765
vn -0.061245 0.023057 -0.997856
vn 0.129962 0.012797 -0.991436
vn 0.252187 0.058802 -0.96589
vn 0.255492 0.042184 -0.96589
vn 0.242353 0.091213 -0.965891
vn 0.247799 0.07517 -0.965891
vn -0.038119 0.053194 -0.997856
vn -0.023057 -0.061245 -0.997856
vn -0.062625 -0.01899 -0.997856
vn 0.055574 -0.034556 -0.997856
vn -0.124967 -0.037909 -0.991436
vn -0.065407 -0.002138 -0.997856
vn -0.057712 0.030852 -0.997856
vn -0.169829 0.273099 -0.946876
vn -0.169824 0.273105 -0.946876
vn -0.113695 0.158658 -0.980766
vn -0.103075 0.165755 -0.980766
vn -0.200172 0.164277 -0.96589
vn -0.248597 0.204019 -0.946877
vn -0.204019 0.248597 -0.946877
vn -0.164277 0.200172 -0.96589
vn -0.03791 0.124966 -0.991436
vn -0.018998 0.062623 -0.997856
vn -0.029649 0.12718 -0.991436
vn -0.029654 0.127179 -0.991436
vn -0.706201 -0.439144 -0.555367
vn -0.706187 -0.439154 -0.555378
vn 0.419038 0.673839 -0.608562
vn 0.374069 0.699802 -0.608563
vn 0.027007 0.059609 -0.997856
vn 0.023058 0.061245 -0.997856
vn 0.034556 0.055574 -0.997856
vn 0.030852 0.057712 -0.997856
vn 0.136737 0.219904 -0.965891
vn 0.103069 0.165759 -0.980765
vn 0.123826 0.150886 -0.980765
vn 0.113698 0.158657 -0.980765
vn -0.61283 0.746675 -0.25868
vn -0.612795 0.746692 -0.258716
vn -0.209777 0.899824 -0.382506
vn -0.215 0.92223 -0.321352
vn 0.200173 0.164274 -0.965891
vn 0.234722 0.21984 -0.946877
vn 0.283625 0.151603 -0.946876
vn 0.228372 0.122068 -0.965891
vn 0.292932 0.132723 -0.946876
vn 0.292932 0.13273 -0.946876
vn 0.386659 0.317323 -0.86591
vn 0.406586 0.291354 -0.86591
vn -0.83949 -0.315946 -0.442079
vn -0.864748 -0.325452 -0.382481
vn -0.906186 -0.274923 -0.321317
vn -0.90619 -0.274917 -0.321311
vn -0.940725 -0.219353 -0.25869
vn -0.924357 -0.280436 -0.258689
vn -0.86568 0.028291 -0.499798
vn -0.86568 -0.028291 -0.499798
vn -0.600659 -0.373496 -0.706902
vn -0.638624 -0.397104 -0.659142
vn -0.644255 -0.291881 -0.706923
vn -0.663229 -0.354499 -0.659134
vn -0.03791 -0.124966 -0.991436
vn -0.046003 -0.122219 -0.991436
vn -0.122064 -0.228375 -0.965891
vn -0.061558 -0.115171 -0.991436
vn -0.103069 -0.165759 -0.980765
vn -0.09201 -0.172145 -0.980765
vn -0.103075 -0.165755 -0.980766
vn -0.113695 -0.158658 -0.980766
vn -0.034556 -0.055574 -0.997856
vn -0.034557 -0.055573 -0.997856
vn -0.038112 -0.053198 -0.997856
vn -0.027008 -0.059609 -0.997856
vn -0.030848 -0.057715 -0.997856
vn -0.095315 -0.089268 -0.991436
vn -0.038119 -0.053194 -0.997856
vn -0.076067 -0.10615 -0.991436
vn -0.118949 -0.053897 -0.991436
vn -0.115171 -0.061558 -0.991436
vn 0.014866 0.06373 -0.997856
vn 0.01899 0.062625 -0.997856
vn 0.029654 -0.127179 -0.991436
vn 0.01486 -0.063732 -0.997856
vn -0.012802 -0.129962 -0.991436
vn -0.021273 -0.128847 -0.991436
vn -0.00427 -0.13052 -0.991436
vn -0.004266 -0.130521 -0.991436
vn -0.030852 0.057712 -0.997856
vn -0.206438 -0.455612 -0.865911
vn -0.182617 -0.403038 -0.896778
vn -0.111137 -0.366372 -0.923807
vn -0.128444 -0.423425 -0.896779
vn -0.248597 -0.204019 -0.946877
vn -0.2486 -0.204017 -0.946877
vn -0.311204 -0.223007 -0.923807
vn -0.375754 -0.233657 -0.896779
vn -0.365087 -0.341931 -0.865907
vn -0.322953 -0.302469 -0.89678
vn -0.405641 -0.379924 -0.831332
vn -0.451764 -0.323722 -0.831332
vn -0.348727 -0.158012 -0.923808
vn -0.325123 -0.202173 -0.923808
vn -0.506231 -0.229356 -0.83134
vn -0.455618 -0.206432 -0.865909
vn -0.471966 -0.293485 -0.831333
vn -0.403038 -0.182617 -0.896778
vn -0.430918 -0.100479 -0.896779
vn -0.423425 -0.128445 -0.896779
vn -0.358318 -0.134861 -0.923808
vn -0.34873 -0.158009 -0.923808
vn -0.165755 -0.103075 -0.980766
vn -0.10615 -0.076067 -0.991436
vn -0.228375 -0.122064 -0.965891
vn -0.172145 -0.09201 -0.980765
vn -0.142468 -0.133423 -0.980766
vn -0.150883 -0.123828 -0.980766
vn -0.110897 0.068962 -0.991436
vn -0.01899 0.062625 -0.997856
vn 0.044734 0.047765 -0.997856
vn 0.041519 0.050584 -0.997856
vn 0.235868 0.106868 -0.965891
vn 0.127179 0.029654 -0.991436
vn 0.061245 0.023058 -0.997856
vn 0.059609 0.027007 -0.997856
vn 0.064567 0.010662 -0.997856
vn 0.142469 0.133423 -0.980766
vn 0.150883 0.123828 -0.980766
vn -0.044734 0.047764 -0.997856
vn -0.053194 -0.038119 -0.997856
vn -0.061247 0.023053 -0.997856
vn -0.059609 -0.027008 -0.997856
vn -0.027007 -0.059609 -0.997856
vn -0.044734 -0.047764 -0.997856
vn 0.053198 -0.038112 -0.997856
vn -0.100947 -0.082847 -0.991436
vn 0.053198 0.038112 -0.997856
vn -0.129962 0.012802 -0.991436
vn -0.065407 0.002138 -0.997856
vn -0.10615 0.076067 -0.991436
vn -0.053194 0.038119 -0.997856
vn 0.062625 0.01899 -0.997856
vn 0.2486 0.204017 -0.946877
vn 0.158657 0.113698 -0.980765
vn 0.190092 0.044315 -0.980766
vn 0.190092 0.044326 -0.980765
vn 0.186786 0.056662 -0.980765
vn 0.124967 0.037909 -0.991436
vn 0.24235 0.091219 -0.965891
vn 0.18268 0.068759 -0.980765
vn -0.047765 0.044734 -0.997856
vn -0.063732 -0.01486 -0.997856
vn -0.050587 -0.041516 -0.997856
vn -0.053198 -0.038112 -0.997856
vn -0.068962 0.110897 -0.991436
vn -0.076067 0.10615 -0.991436
vn 0.053894 0.11895 -0.991436
vn 0.027008 0.059609 -0.997856
vn -0.647324 0.691179 -0.321314
vn -0.691179 0.647324 -0.321314
vn 0.956942 -0.290279 0.0
vn 0.956942 -0.290279 0.0
vn 0.219901 0.136747 -0.96589
vn 0.261409 0.187323 -0.946877
vn -0.644256 -0.291891 -0.706919
vn -0.623775 -0.333423 -0.706918
vn -0.080556 -0.177794 -0.980765
vn -0.080559 -0.177791 -0.980765
vn -0.059609 -0.027007 -0.997856
vn -0.055573 -0.034557 -0.997856
vn -0.122219 -0.046001 -0.991436
vn 0.065126 0.006412 -0.997856
vn -0.044734 0.047765 -0.997856
vn -0.110897 -0.068962 -0.991436
vn -0.1109 -0.068957 -0.991436
vn -0.150886 -0.123826 -0.980765
vn -0.200173 -0.164274 -0.965891
vn -0.295955 -0.242879 -0.923807
vn -0.295954 -0.242883 -0.923807
vn -0.406586 -0.291354 -0.86591
vn -0.359667 -0.257732 -0.89678
vn -0.429617 -0.352584 -0.831333
vn -0.429616 -0.352585 -0.831332
vn -0.337647 -0.18048 -0.923808
vn -0.283625 -0.151603 -0.946876
vn -0.490148 -0.261993 -0.831333
vn -0.49013 -0.262007 -0.831339
vn -0.468141 -0.176198 -0.865909
vn -0.414119 -0.155865 -0.896778
vn -0.366372 -0.111137 -0.923807
vn -0.35832 -0.134859 -0.923807
vn -0.089266 -0.095318 -0.991436
vn -0.082847 -0.100947 -0.991436
vn -0.188998 -0.177018 -0.96589
vn -0.142463 -0.133432 -0.980765
vn -0.100948 -0.082847 -0.991436
vn -0.095318 -0.089266 -0.991436
vn -0.062623 -0.018998 -0.997856
vn -0.062625 0.01899 -0.997856
vn -0.065126 -0.006412 -0.997856
vn -0.064568 0.010654 -0.997856
vn -0.130521 0.004266 -0.991436
vn -0.063732 0.01486 -0.997856
vn -0.065126 -0.006413 -0.997856
vn -0.064568 -0.010654 -0.997856
vn -0.115171 0.061559 -0.991436
vn -0.1109 0.068957 -0.991436
vn -0.057715 -0.030848 -0.997856
vn -0.705044 0.660308 -0.258663
vn -0.660308 0.705044 -0.258663
vn 0.210489 0.150834 -0.96589
vn 0.261411 0.187322 -0.946876
vn -0.061245 -0.023057 -0.997856
vn -0.342039 -0.280705 -0.89678
vn -0.386659 -0.317323 -0.86591
vn -0.273105 -0.169824 -0.946876
vn -0.325124 -0.202171 -0.923808
vn -0.390235 -0.20858 -0.896778
vn -0.441138 -0.235787 -0.865911
vn -0.047765 -0.044734 -0.997856
vn -0.047764 -0.044734 -0.997856
vn -0.055574 0.034556 -0.997856
vn -0.0 0.0 -1.0
vn -0.0 0.0 -1.0
vn -0.0 0.0 -1.0
vn -0.0 0.0 -1.0
vn -0.0 0.0 -1.0
vn -0.0 0.0 -1.0
vn -0.0 0.0 -1.0
vn -0.0 0.0 -1.0
vn -0.0 0.0 -1.0
vn -0.0 0.0 -1.0
vn -0.0 0.0 -1.0
vn -0.0 0.0 -1.0
vn -0.0 0.0 -1.0
vn -0.0 0.0 -1.0
vn -0.0 0.0 -1.0
vn -0.0 0.0 -1.0
vn -0.0 0.0 -1.0
vn -0.0 0.0 -1.0
vn -0.0 0.0 -1.0
vn -0.0 0.0 -1.0
vn -0.0 0.0 -1.0
vn -0.0 0.0 -1.0
vn -0.0 0.0 -1.0
vn -0.0 0.0 -1.0
vn -0.0 0.0 -1.0
vn -0.0 0.0 -1.0
vn -0.0 0.0 -1.0
vn -0.0 0.0 -1.0
vn -0.0 0.0 -1.0
vn -0.0 0.0 -1.0
vn -0.0 0.0 -1.0
vn -0.0 0.0 -1.0
vn -0.0 0.0 -1.0
vn -0.0 0.0 -1.0
vn -0.0 0.0 -1.0
vn -0.0 0.0 -1.0
vn -0.0 0.0 -1.0
vn -0.0 0.0 -1.0
vn -0.0 0.0 -1.0
vn -0.0 0.0 -1.0
vn -0.0 0.0 -1.0
vn -0.0 0.0 -1.0
vn -0.0 0.0 -1.0
vn -0.0 0.0 -1.0
vn -0.0 0.0 -1.0
vn -0.0 0.0 -1.0
vn -0.0 0.0 -1.0
vn 0.0 0.0 -1.0
vn 0.0 0.0 -1.0
vn 0.0 0.0 -1.0
vn 0.0 0.0 -1.0
vn 0.0 0.0 -1.0
vn 0.0 0.0 -1.0
vn 0.0 0.0 -1.0
vn 0.0 0.0 -1.0
vn 0.0 0.0 -1.0
vn 0.0 0.0 -1.0
vn 0.0 0.0 -1.0
vn 0.0 0.0 -1.0
vn 0.0 0.0 -1.0
vn 0.0 0.0 -1.0
vn 0.0 0.0 -1.0
vn 0.0 0.0 -1.0
vn 0.0 0.0 -1.0
vn 0.0 0.0 -1.0
vn 0.0 0.0 -1.0
vn 0.0 0.0 -1.0
vn 0.0 0.0 -1.0
vn 0.0 0.0 -1.0
vn 0.0 0.0 -1.0
vn 0.0 0.0 -1.0
vn 0.0 0.0 -1.0
vn 0.0 0.0 -1.0
vn 0.0 0.0 -1.0
vn 0.0 0.0 -1.0
vn 0.0 0.0 -1.0
vn 0.0 0.0 -1.0
vn 0.0 0.0 -1.0
vn 0.0 0.0 -1.0
vn 0.0 0.0 -1.0
vn 0.0 0.0 -1.0
vn 0.0 0.0 -1.0
vn 0.0 0.0 -1.0
vn 0.0 0.0 -1.0
vn 0.0 0.0 -1.0
vn 0.0 0.0 -1.0
vn 0.0 0.0 -1.0
vn 0.0 0.0 -1.0
vn 0.0 0.0 -1.0
vn 0.0 0.0 -1.0
vn 0.0 0.0 -1.0
vn 0.0 0.0 -1.0
vn 0.0 0.0 -1.0
vn 0.0 0.0 -1.0
vn -0.065126 0.006413 -0.997856
vn -0.065126 0.006412 -0.997856
vn 0.200172 0.164277 -0.96589
vn 0.248597 0.204019 -0.946877
vn 0.801208 -0.498286 -0.331328
vn 0.938971 -0.092494 -0.331328
vn -0.598556 -0.729351 -0.331328
vn 0.943011 0.030855 -0.331328
vn 0.943011 0.030855 -0.331328
vn 0.214254 0.918867 -0.331329
vn 0.498233 -0.80124 -0.331328
vn 0.930912 0.153701 -0.331329
vn 0.598568 -0.729341 -0.331328
vn -0.859415 -0.389394 -0.331328
vn 0.832111 -0.444762 -0.331328
vn -0.902897 -0.273859 -0.331329
vn 0.389375 -0.859424 -0.331328
vn 0.688634 -0.644985 -0.331328
vn 0.766954 -0.549548 -0.331328
vn 0.938973 -0.092471 -0.331329
vn -0.549573 -0.766936 -0.331328
vn 0.332338 0.883047 -0.331328
vn -0.918866 0.21426 -0.331328
vn 0.598556 -0.729351 -0.331328
vn 0.389394 -0.859415 -0.331328
vn -0.332388 0.883029 -0.331329
vn 0.498286 0.801208 -0.331328
vn -0.930912 -0.153699 -0.331328
vn -0.832111 0.444762 -0.331328
vn -0.859424 -0.389375 -0.331328
vn 0.153701 0.930912 -0.331329
vn 0.930912 -0.153699 -0.331328
vn -0.444799 0.832091 -0.331329
vn 0.938973 0.092471 -0.331329
vn 0.21426 -0.918866 -0.331328
vn 0.332346 -0.883045 -0.331328
vn -0.21426 -0.918866 -0.331328
vn 0.214255 -0.918867 -0.331328
vn -0.598568 -0.729341 -0.331328
vn 0.498233 0.80124 -0.331329
vn 0.943011 -0.030855 -0.331328
vn 0.902891 -0.273876 -0.331329
vn -0.766936 0.549573 -0.331328
vn -0.729351 0.598556 -0.331328
vn -0.030855 -0.943011 -0.331328
vn -0.389394 0.859415 -0.331328
vn -0.389375 0.859424 -0.331328
vn 0.832111 0.444762 -0.331328
vn 0.918867 0.214254 -0.331329
vn -0.444799 -0.832091 -0.331329
vn 0.444762 -0.832111 -0.331328
vn -0.273858 0.902897 -0.331329
vn 0.832091 -0.444799 -0.331329
vn 0.092494 -0.938971 -0.331328
vn -0.938973 -0.09247 -0.331329
vn 0.930912 -0.153701 -0.331328
vn 0.943011 -0.030855 -0.331328
vn -0.801207 -0.498286 -0.331327
vn 0.332388 0.883029 -0.331329
vn -0.930912 -0.153701 -0.331329
vn 0.030855 -0.943011 -0.331328
vn -0.092471 0.938973 -0.331329
vn 0.153701 -0.930912 -0.331329
vn 0.092471 -0.938973 -0.331329
vn 0.688634 0.644985 -0.331328
vn -0.389394 -0.859415 -0.331328
vn 0.883029 -0.332388 -0.331329
vn 0.859415 -0.389394 -0.331328
vn -0.918867 -0.214254 -0.331328
vn -0.688617 0.645002 -0.331328
vn -0.883029 -0.332387 -0.331329
vn 0.688617 -0.645002 -0.331328
vn 0.729351 -0.598556 -0.331328
vn -0.688633 -0.644985 -0.331328
vn 0.644985 -0.688634 -0.331328
vn 0.030855 -0.943011 -0.331328
vn -0.918867 0.214255 -0.331328
vn 0.549548 -0.766954 -0.331327
vn -0.389375 -0.859424 -0.331328
vn 0.80124 -0.498233 -0.331328
vn -0.09247 -0.938973 -0.331329
vn 0.549573 -0.766936 -0.331328
vn 0.273858 0.902897 -0.331329
vn -0.766954 -0.549548 -0.331327
vn 0.859424 -0.389375 -0.331328
vn -0.030855 -0.943011 -0.331328
vn 0.883045 -0.332346 -0.331328
vn 0.153701 0.930912 -0.331328
vn -0.938971 -0.092494 -0.331328
vn -0.832111 -0.444762 -0.331328
vn 0.883029 0.332388 -0.331329
vn -0.030855 0.943011 -0.331328
vn -0.030855 0.943011 -0.331328
vn 0.645002 -0.688617 -0.331328
vn -0.444762 -0.832111 -0.331328
vn 0.688617 0.645002 -0.331328
vn 0.80124 0.498233 -0.331329
vn 0.092471 0.938973 -0.331329
vn 0.729341 -0.598568 -0.331328
vn -0.153701 -0.930912 -0.331329
vn -0.092494 -0.938971 -0.331328
vn -0.902891 -0.273876 -0.331329
vn 0.766936 -0.549573 -0.331328
vn 0.273858 -0.902897 -0.331329
vn 0.273876 -0.902891 -0.331329
vn 0.644985 0.688634 -0.331328
vn 0.729343 0.598565 -0.331329
vn -0.549548 0.766954 -0.331328
vn -0.214254 -0.918867 -0.331328
vn -0.273876 0.902891 -0.331329
vn -0.153701 0.930912 -0.331328
vn -0.688634 0.644985 -0.331328
vn -0.766936 -0.549573 -0.331328
vn -0.092494 0.938971 -0.331328
vn 0.498286 -0.801208 -0.331328
vn -0.80124 -0.498233 -0.331328
vn -0.273876 -0.902891 -0.331329
vn -0.153699 0.930912 -0.331328
vn 0.938971 0.092492 -0.331328
vn 0.902897 -0.273858 -0.331329
vn -0.883045 0.332346 -0.331328
vn -0.943011 -0.030855 -0.331328
vn 0.729351 0.598556 -0.331328
vn -0.332387 -0.883029 -0.331329
vn -0.859415 0.389394 -0.331328
vn 0.444762 0.832111 -0.331328
vn -0.644985 -0.688633 -0.331328
vn -0.0 0.0 -1.0
vn 0.0 0.0 -1.0
vn -0.0 0.0 -1.0
vn 0.0 0.0 -1.0
vn -0.0 0.0 -1.0
vn 0.0 0.0 -1.0
vn -0.0 0.0 -1.0
vn 0.0 0.0 -1.0
vn -0.0 0.0 -1.0
vn 0.0 0.0 -1.0
vn -0.0 0.0 -1.0
vn 0.0 0.0 -1.0
vn -0.0 0.0 -1.0
vn 0.0 0.0 -1.0
vn -0.0 0.0 -1.0
vn 0.0 0.0 -1.0
vn -0.0 0.0 -1.0
vn 0.0 0.0 -1.0
vn -0.0 0.0 -1.0
vn 0.0 0.0 -1.0
vn -0.0 0.0 -1.0
vn 0.0 0.0 -1.0
vn -0.0 0.0 -1.0
vn 0.0 0.0 -1.0
vn -0.0 0.0 -1.0
vn 0.0 0.0 -1.0
vn -0.0 0.0 -1.0
vn 0.0 0.0 -1.0
vn -0.0 0.0 -1.0
vn 0.0 0.0 -1.0
vn -0.0 0.0 -1.0
vn 0.0 0.0 -1.0
vn -0.0 0.0 -1.0
vn 0.0 0.0 -1.0
vn -0.0 0.0 -1.0
vn 0.0 0.0 -1.0
vn -0.0 0.0 -1.0
vn 0.0 0.0 -1.0
vn -0.0 0.0 -1.0
vn 0.0 0.0 -1.0
vn -0.0 0.0 -1.0
vn 0.0 0.0 -1.0
vn -0.0 0.0 -1.0
vn 0.0 0.0 -1.0
vn -0.0 0.0 -1.0
vn 0.0 0.0 -1.0
vn -0.0 0.0 -1.0
vn 0.0 0.0 -1.0
vn -0.0 -0.0 -1.0
vn 0.0 0.0 -1.0
vn -0.0 0.0 -1.0
vn 0.0 0.0 -1.0
vn -0.0 0.0 -1.0
vn 0.0 0.0 -1.0
vn -0.0 0.0 -1.0
vn 0.0 0.0 -1.0
vn -0.0 0.0 -1.0
vn 0.0 0.0 -1.0
vn -0.0 0.0 -1.0
vn 0.0 0.0 -1.0
vn -0.0 0.0 -1.0
vn 0.0 0.0 -1.0
vn -0.0 0.0 -1.0
vn 0.0 0.0 -1.0
vn -0.0 0.0 -1.0
vn 0.0 0.0 -1.0
vn -0.0 0.0 -1.0
vn 0.0 0.0 -1.0
vn -0.0 0.0 -1.0
vn 0.0 0.0 -1.0
vn -0.0 0.0 -1.0
vn 0.0 0.0 -1.0
vn -0.0 0.0 -1.0
vn 0.0 0.0 -1.0
vn -0.0 0.0 -1.0
vn 0.0 0.0 -1.0
vn -0.0 0.0 -1.0
vn 0.0 0.0 -1.0
vn -0.0 0.0 -1.0
vn 0.0 0.0 -1.0
vn -0.0 0.0 -1.0
vn 0.0 0.0 -1.0
vn -0.0 0.0 -1.0
vn 0.0 0.0 -1.0
vn -0.0 0.0 -1.0
vn 0.0 0.0 -1.0
vn -0.0 0.0 -1.0
vn 0.0 0.0 -1.0
vn -0.0 0.0 -1.0
vn 0.0 0.0 -1.0
vn -0.0 0.0 -1.0
vn 0.0 0.0 -1.0
vn -0.0 0.0 -1.0
vn 0.0 0.0 -1.0
vn -0.0 0.0 -1.0
vn 0.0 0.0 -1.0
vn 0.0 0.0 -1.0
vn 0.0 0.0 -1.0
vn -0.0 0.0 -1.0
vn 0.0 0.0 -1.0
vn -0.0 0.0 -1.0
vn 0.0 0.0 -1.0
vn -0.0 0.0 -1.0
vn 0.0 0.0 -1.0
vn -0.0 0.0 -1.0
vn 0.0 0.0 -1.0
vn -0.0 0.0 -1.0
vn 0.0 0.0 -1.0
vn -0.0 0.0 -1.0
vn 0.0 0.0 -1.0
vn -0.0 0.0 -1.0
vn 0.0 0.0 -1.0
vn -0.0 0.0 -1.0
vn 0.0 0.0 -1.0
vn -0.0 0.0 -1.0
vn 0.0 0.0 -1.0
vn -0.0 0.0 -1.0
vn 0.0 0.0 -1.0
vn -0.0 0.0 -1.0
vn 0.0 0.0 -1.0
vn -0.0 0.0 -1.0
vn 0.0 0.0 -1.0
vn -0.0 0.0 -1.0
vn 0.0 0.0 -1.0
vn -0.0 0.0 -1.0
vn 0.0 0.0 -1.0
vn -0.0 0.0 -1.0
vn 0.0 0.0 -1.0
vn -0.0 0.0 -1.0
vn 0.0 0.0 -1.0
vn -0.0 0.0 -1.0
vn 0.0 0.0 -1.0
vn -0.0 0.0 -1.0
vn 0.0 0.0 -1.0
vn -0.0 0.0 -1.0
vn 0.0 0.0 -1.0
vn -0.0 0.0 -1.0
vn 0.0 0.0 -1.0
vn -0.0 0.0 -1.0
vn 0.0 0.0 -1.0
vn -0.0 0.0 -1.0
vn 0.0 0.0 -1.0
vn 0.0 0.0 -1.0
vn 0.0 0.0 -1.0
vn -0.0 0.0 -1.0
vn 0.0 0.0 -1.0
vn -0.0 0.0 -1.0
vn 0.0 0.0 -1.0
vn -0.0 0.0 -1.0
vn 0.0 0.0 -1.0
vn -0.0 0.0 -1.0
vn 0.0 0.0 -1.0
vn -0.0 0.0 -1.0
vn 0.0 0.0 -1.0
vn -0.0 0.0 -1.0
vn 0.0 0.0 -1.0
vn -0.0 0.0 -1.0
vn 0.0 0.0 -1.0
vn -0.0 0.0 -1.0
vn 0.0 0.0 -1.0
vn -0.0 0.0 -1.0
vn 0.0 0.0 -1.0
vn -0.0 0.0 -1.0
vn 0.0 0.0 -1.0
vn -0.0 0.0 -1.0
vn 0.0 0.0 -1.0
vn -0.0 0.0 -1.0
vn 0.0 0.0 -1.0
vn -0.0 0.0 -1.0
vn 0.0 0.0 -1.0
vn -0.0 0.0 -1.0
vn 0.0 0.0 -1.0
vn -0.0 0.0 -1.0
vn 0.0 0.0 -1.0
vn -0.0 0.0 -1.0
vn 0.0 0.0 -1.0
vn -0.0 0.0 -1.0
vn 0.0 0.0 -1.0
vn -0.0 0.0 -1.0
vn 0.0 0.0 -1.0
vn -0.0 0.0 -1.0
vn 0.0 0.0 -1.0
vn -0.0 0.0 -1.0
vn 0.0 0.0 -1.0
vn -0.0 0.0 -1.0
vn 0.0 0.0 -1.0
vn -0.0 0.0 -1.0
vn 0.0 0.0 -1.0
vn -0.0 0.0 -1.0
vn 0.0 0.0 -1.0
vn -0.0 0.0 -1.0
vn 0.0 0.0 -1.0
vn 0.645002 0.688617 -0.331328
vn -0.444762 0.832111 -0.331328
vn -0.498233 -0.80124 -0.331328
vn 0.598556 0.729351 -0.331328
vn -0.332346 0.883045 -0.331328
vn -0.332346 -0.883045 -0.331328
vn -0.832091 -0.444799 -0.331329
vn -0.214255 0.918867 -0.331328
vn 0.883047 0.332338 -0.331328
vn -0.883045 -0.332346 -0.331328
vn -0.498286 0.801208 -0.331328
vn 0.902891 0.273878 -0.331329
vn 0.332388 -0.883029 -0.331329
vn 0.389394 0.859415 -0.331328
vn -0.549573 0.766936 -0.331328
vn 0.153699 -0.930912 -0.331328
vn -0.859424 0.389375 -0.331328
vn -0.938971 0.092494 -0.331328
vn 0.444799 -0.832091 -0.331329
vn 0.918866 -0.21426 -0.331328
vn 0.918867 -0.214255 -0.331328
vn -0.273859 -0.902897 -0.331329
vn -0.498233 0.80124 -0.331328
vn 0.549548 0.766954 -0.331328
vn -0.729351 -0.598556 -0.331328
vn -0.549548 -0.766954 -0.331327
vn -0.645002 -0.688617 -0.331328
vn -0.688617 -0.645002 -0.331328
vn 0.85942 0.389383 -0.331328
vn 0.549575 0.766936 -0.331326
vn 0.766954 0.549548 -0.331327
vn -0.930912 0.153699 -0.331328
vn 0.214255 0.918867 -0.331328
vn 0.444798 0.832092 -0.331328
vn -0.498286 -0.801207 -0.331327
vn 0.273878 0.902891 -0.331329
vn -0.21426 0.918866 -0.331328
vn -0.918866 -0.21426 -0.331328
vn -0.938973 0.092471 -0.331329
vn -0.902897 0.273858 -0.331329
vn -0.729341 -0.598568 -0.331328
vn 0.030855 0.943011 -0.331328
vn -0.598556 0.729351 -0.331328
vn -0.729341 0.598568 -0.331328
vn -0.883029 0.332388 -0.331329
vn 0.859415 0.389394 -0.331328
vn -0.930912 0.153701 -0.331329
vn -0.153699 -0.930912 -0.331328
vn -0.801208 0.498286 -0.331328
vn -0.766954 0.549548 -0.331327
vn 0.902897 0.273858 -0.331329
vn 0.801208 0.498286 -0.331328
vn -0.943011 -0.030855 -0.331328
vn -0.943011 0.030855 -0.331328
vn -0.902891 0.273876 -0.331329
vn 0.030855 0.943011 -0.331328
vn 0.766936 0.549575 -0.331326
vn 0.092492 0.938971 -0.331328
vn -0.598568 0.729341 -0.331328
vn -0.645002 0.688617 -0.331328
vn 0.389383 0.85942 -0.331328
vn 0.832092 0.444798 -0.331328
vn 0.918867 0.214255 -0.331328
vn -0.644985 0.688634 -0.331328
vn -0.832091 0.444799 -0.331329
vn -0.80124 0.498233 -0.331328
vn 0.598565 0.729343 -0.331329
vn -0.943011 0.030855 -0.331328
vn 0.930912 0.153701 -0.331329
vn 0.471388 -0.881926 0.0
vn 0.471388 -0.881926 0.0
vn 0.471388 -0.881926 0.0
vn 0.471388 -0.881926 0.0
vn 0.471388 -0.881926 0.0
vn 0.471388 -0.881926 0.0
vn 0.999465 -0.032702 0.0
vn 0.999465 -0.032702 0.0
vn 0.999465 -0.032702 0.0
vn 0.999465 -0.032702 0.0
vn 0.999465 -0.032702 0.0
vn 0.999465 -0.032702 0.0
vn 0.999465 -0.032702 0.0
vn 0.999465 -0.032702 0.0
vn 0.995186 0.098006 0.0
vn 0.995186 0.098006 -0.0
vn 0.995186 0.098006 0.0
vn 0.995186 0.098006 -0.0
vn 0.995186 0.098006 0.0
vn 0.995186 0.098006 -0.0
vn 0.995186 0.098006 0.0
vn 0.995186 0.098006 -0.0
vn 0.999465 0.032702 0.0
vn 0.999465 0.032702 -0.0
vn 0.999465 0.032702 0.0
vn 0.999465 0.032702 -0.0
vn 0.999465 0.032702 0.0
vn 0.999465 0.032702 -0.0
vn 0.999465 0.032702 0.0
vn 0.999465 0.032702 -0.0
vn 0.412705 -0.910865 0.0
vn 0.412705 -0.910865 0.0
vn 0.412705 -0.910865 0.0
vn 0.412705 -0.910865 0.0
vn 0.412705 -0.910865 0.0
vn 0.412705 -0.910865 0.0
vn -0.935892 -0.352287 0.0
vn -0.935892 -0.352287 -0.0
vn -0.935892 -0.352287 0.0
vn -0.935892 -0.352287 -0.0
vn -0.935892 -0.352287 0.0
vn -0.935892 -0.352287 -0.0
vn -0.935892 -0.352287 0.0
vn -0.935892 -0.352287 -0.0
vn 0.290253 -0.95695 0.0
vn 0.290253 -0.95695 0.0
vn 0.290253 -0.95695 0.0
vn 0.290253 -0.95695 0.0
vn 0.290253 -0.95695 0.0
vn 0.290253 -0.95695 0.0
vn 0.935892 -0.352287 0.0
vn 0.935892 -0.352287 0.0
vn 0.935892 -0.352287 0.0
vn 0.935892 -0.352287 0.0
vn 0.935892 -0.352287 0.0
vn 0.935892 -0.352287 0.0
vn 0.935892 -0.352287 0.0
vn 0.935892 -0.352287 0.0
vn 0.032702 -0.999465 0.0
vn 0.032702 -0.999465 0.0
vn 0.032702 -0.999465 0.0
vn 0.032702 -0.999465 0.0
vn 0.032702 -0.999465 0.0
vn 0.032702 -0.999465 0.0
vn 0.162903 -0.986642 0.0
vn 0.162903 -0.986642 0.0
vn 0.162903 -0.986642 0.0
vn 0.162903 -0.986642 0.0
vn 0.162903 -0.986642 0.0
vn 0.162903 -0.986642 0.0
vn -0.935892 0.352287 0.0
vn -0.935892 0.352287 0.0
vn -0.935892 0.352287 0.0
vn -0.935892 0.352287 0.0
vn -0.935892 0.352287 0.0
vn -0.935892 0.352287 0.0
vn -0.935892 0.352287 0.0
vn -0.935892 0.352287 0.0
vn -0.999465 0.032702 0.0
vn -0.999465 0.032702 0.0
vn -0.999465 0.032702 0.0
vn -0.999465 0.032702 0.0
vn -0.999465 0.032702 0.0
vn -0.999465 0.032702 0.0
vn -0.999465 0.032702 0.0
vn -0.999465 0.032702 0.0
vn -0.634389 -0.773014 -0.0
vn -0.634389 -0.773014 0.0
vn -0.634389 -0.773014 -0.0
vn -0.634389 -0.773014 0.0
vn -0.634389 -0.773014 -0.0
vn -0.634389 -0.773014 0.0
vn 0.032702 0.999465 0.0
vn 0.032702 0.999465 -0.0
vn 0.032702 0.999465 0.0
vn 0.032702 0.999465 -0.0
vn 0.032702 0.999465 0.0
vn 0.032702 0.999465 -0.0
vn 0.582447 0.812869 0.0
vn 0.582447 0.812869 -0.0
vn 0.582447 0.812869 0.0
vn 0.582447 0.812869 -0.0
vn 0.582447 0.812869 0.0
vn 0.582447 0.812869 -0.0
vn -0.582447 -0.812869 -0.0
vn -0.582447 -0.812869 0.0
vn -0.582447 -0.812869 -0.0
vn -0.582447 -0.812869 0.0
vn -0.582447 -0.812869 -0.0
vn -0.582447 -0.812869 0.0
vn -0.098006 -0.995186 -0.0
vn -0.098006 -0.995186 0.0
vn -0.098006 -0.995186 -0.0
vn -0.098006 -0.995186 0.0
vn -0.098006 -0.995186 -0.0
vn -0.098006 -0.995186 0.0
vn -0.729859 0.683598 0.0
vn -0.729859 0.683598 0.0
vn -0.729859 0.683598 0.0
vn -0.729859 0.683598 0.0
vn -0.729859 0.683598 0.0
vn -0.729859 0.683598 0.0
vn 0.412705 0.910865 0.0
vn 0.412705 0.910865 -0.0
vn 0.412705 0.910865 0.0
vn 0.412705 0.910865 -0.0
vn 0.412705 0.910865 0.0
vn 0.412705 0.910865 -0.0
vn -0.352287 0.935892 0.0
vn -0.352287 0.935892 0.0
vn -0.352287 0.935892 0.0
vn -0.352287 0.935892 0.0
vn -0.352287 0.935892 0.0
vn -0.352287 0.935892 0.0
vn -0.849172 -0.528116 0.0
vn -0.849172 -0.528116 -0.0
vn -0.849172 -0.528116 0.0
vn -0.849172 -0.528116 -0.0
vn -0.849172 -0.528116 0.0
vn -0.849172 -0.528116 -0.0
vn -0.227082 0.973876 0.0
vn -0.227082 0.973876 0.0
vn -0.227082 0.973876 0.0
vn -0.227082 0.973876 0.0
vn -0.227082 0.973876 0.0
vn -0.227082 0.973876 0.0
vn -0.95695 0.290253 0.0
vn -0.95695 0.290253 0.0
vn -0.95695 0.290253 0.0
vn -0.95695 0.290253 0.0
vn -0.95695 0.290253 0.0
vn -0.95695 0.290253 0.0
vn -0.95695 0.290253 0.0
vn -0.95695 0.290253 0.0
vn 0.528116 -0.849172 0.0
vn 0.528116 -0.849172 0.0
vn 0.528116 -0.849172 0.0
vn 0.528116 -0.849172 0.0
vn 0.528116 -0.849172 0.0
vn 0.528116 -0.849172 0.0
vn -0.910865 -0.412705 0.0
vn -0.910865 -0.412705 -0.0
vn -0.910865 -0.412705 0.0
vn -0.910865 -0.412705 -0.0
vn -0.910865 -0.412705 0.0
vn -0.910865 -0.412705 -0.0
vn -0.910865 -0.412705 0.0
vn -0.910865 -0.412705 -0.0
vn 0.634389 0.773014 0.0
vn 0.634389 0.773014 -0.0
vn 0.634389 0.773014 0.0
vn 0.634389 0.773014 -0.0
vn 0.634389 0.773014 0.0
vn 0.634389 0.773014 -0.0
vn 0.849172 0.528116 0.0
vn 0.849172 0.528116 -0.0
vn 0.849172 0.528116 0.0
vn 0.849172 0.528116 -0.0
vn 0.849172 0.528116 0.0
vn 0.849172 0.528116 -0.0
vn 0.986642 0.162903 0.0
vn 0.986642 0.162903 -0.0
vn 0.986642 0.162903 0.0
vn 0.986642 0.162903 -0.0
vn 0.986642 0.162903 0.0
vn 0.986642 0.162903 -0.0
vn 0.986642 0.162903 0.0
vn 0.986642 0.162903 -0.0
vn -0.162903 0.986642 0.0
vn -0.162903 0.986642 0.0
vn -0.162903 0.986642 0.0
vn -0.162903 0.986642 0.0
vn -0.162903 0.986642 0.0
vn -0.162903 0.986642 0.0
vn 0.683598 -0.729859 0.0
vn 0.683598 -0.729859 0.0
vn 0.683598 -0.729859 0.0
vn 0.683598 -0.729859 0.0
vn 0.683598 -0.729859 0.0
vn 0.683598 -0.729859 0.0
vn 0.227082 -0.973876 0.0
vn 0.227082 -0.973876 0.0
vn 0.227082 -0.973876 0.0
vn 0.227082 -0.973876 0.0
vn 0.227082 -0.973876 0.0
vn 0.227082 -0.973876 0.0
vn 0.986642 -0.162903 0.0
vn 0.986642 -0.162903 0.0
vn 0.986642 -0.162903 0.0
vn 0.986642 -0.162903 0.0
vn 0.986642 -0.162903 0.0
vn 0.986642 -0.162903 0.0
vn 0.986642 -0.162903 0.0
vn 0.986642 -0.162903 0.0
vn 0.471388 0.881926 0.0
vn 0.471388 0.881926 -0.0
vn 0.471388 0.881926 0.0
vn 0.471388 0.881926 -0.0
vn 0.471388 0.881926 0.0
vn 0.471388 0.881926 -0.0
vn -0.032702 -0.999465 -0.0
vn -0.032702 -0.999465 0.0
vn -0.032702 -0.999465 -0.0
vn -0.032702 -0.999465 0.0
vn -0.032702 -0.999465 -0.0
vn -0.032702 -0.999465 0.0
vn -0.683598 -0.729859 -0.0
vn -0.683598 -0.729859 0.0
vn -0.683598 -0.729859 -0.0
vn -0.683598 -0.729859 0.0
vn -0.683598 -0.729859 -0.0
vn -0.683598 -0.729859 0.0
vn 0.995186 -0.098006 0.0
vn 0.995186 -0.098006 0.0
vn 0.995186 -0.098006 0.0
vn 0.995186 -0.098006 0.0
vn 0.995186 -0.098006 0.0
vn 0.995186 -0.098006 0.0
vn 0.995186 -0.098006 0.0
vn 0.995186 -0.098006 0.0
vn 0.95695 0.290253 0.0
vn 0.95695 0.290253 -0.0
vn 0.95695 0.290253 0.0
vn 0.95695 0.290253 -0.0
vn 0.95695 0.290253 0.0
vn 0.95695 0.290253 -0.0
vn 0.95695 0.290253 0.0
vn 0.95695 0.290253 -0.0
vn 0.812869 -0.582447 0.0
vn 0.812869 -0.582447 0.0
vn 0.812869 -0.582447 0.0
vn 0.812869 -0.582447 0.0
vn 0.812869 -0.582447 0.0
vn 0.812869 -0.582447 0.0
vn -0.995186 0.098006 0.0
vn -0.995186 0.098006 0.0
vn -0.995186 0.098006 0.0
vn -0.995186 0.098006 0.0
vn -0.995186 0.098006 0.0
vn -0.995186 0.098006 0.0
vn -0.995186 0.098006 0.0
vn -0.995186 0.098006 0.0
vn 0.935892 0.352287 0.0
vn 0.935892 0.352287 -0.0
vn 0.935892 0.352287 0.0
vn 0.935892 0.352287 -0.0
vn 0.935892 0.352287 0.0
vn 0.935892 0.352287 -0.0
vn 0.935892 0.352287 0.0
vn 0.935892 0.352287 -0.0
vn 0.683598 0.729859 0.0
vn 0.683598 0.729859 -0.0
vn 0.683598 0.729859 0.0
vn 0.683598 0.729859 -0.0
vn 0.683598 0.729859 0.0
vn 0.683598 0.729859 -0.0
vn -0.412705 0.910865 0.0
vn -0.412705 0.910865 0.0
vn -0.412705 0.910865 0.0
vn -0.412705 0.910865 0.0
vn -0.412705 0.910865 0.0
vn -0.412705 0.910865 0.0
vn -0.582447 0.812869 0.0
vn -0.582447 0.812869 0.0
vn -0.582447 0.812869 0.0
vn -0.582447 0.812869 0.0
vn -0.582447 0.812869 0.0
vn -0.582447 0.812869 0.0
vn 0.95695 -0.290253 0.0
vn 0.95695 -0.290253 0.0
vn 0.95695 -0.290253 0.0
vn 0.95695 -0.290253 0.0
vn 0.95695 -0.290253 0.0
vn 0.95695 -0.290253 0.0
vn 0.95695 -0.290253 0.0
vn 0.95695 -0.290253 0.0
vn 0.634389 -0.773014 0.0
vn 0.634389 -0.773014 0.0
vn 0.634389 -0.773014 0.0
vn 0.634389 -0.773014 0.0
vn 0.634389 -0.773014 0.0
vn 0.634389 -0.773014 0.0
vn 0.162903 0.986642 0.0
vn 0.162903 0.986642 -0.0
vn 0.162903 0.986642 0.0
vn 0.162903 0.986642 -0.0
vn 0.162903 0.986642 0.0
vn 0.162903 0.986642 -0.0
vn 0.910865 0.412705 0.0
vn 0.910865 0.412705 -0.0
vn 0.910865 0.412705 0.0
vn 0.910865 0.412705 -0.0
vn 0.910865 0.412705 0.0
vn 0.910865 0.412705 -0.0
vn 0.910865 0.412705 0.0
vn 0.910865 0.412705 -0.0
vn -0.471388 -0.881926 -0.0
vn -0.471388 -0.881926 0.0
vn -0.471388 -0.881926 -0.0
vn -0.471388 -0.881926 0.0
vn -0.471388 -0.881926 -0.0
vn -0.471388 -0.881926 0.0
vn -0.986642 -0.162903 0.0
vn -0.986642 -0.162903 -0.0
vn -0.986642 -0.162903 0.0
vn -0.986642 -0.162903 -0.0
vn -0.986642 -0.162903 0.0
vn -0.986642 -0.162903 -0.0
vn -0.986642 -0.162903 0.0
vn -0.986642 -0.162903 -0.0
vn 0.881926 0.471388 0.0
vn 0.881926 0.471388 -0.0
vn 0.881926 0.471388 0.0
vn 0.881926 0.471388 -0.0
vn 0.882361 0.470574 -0.0
vn 0.881926 0.471388 -9e-06
vn 0.881916 0.471406 -0.0
vn 0.882361 0.470574 0.0
vn 0.881916 0.471406 5e-06
vn 0.881926 0.471388 -0.0
vn -0.881926 -0.471388 0.0
vn -0.881926 -0.471388 -0.0
vn -0.881926 -0.471388 0.0
vn -0.881926 -0.471388 -0.0
vn -0.881916 -0.471406 -0.0
vn -0.882361 -0.470574 -0.0
vn -0.881926 -0.471388 5e-06
vn -0.881916 -0.471406 0.0
vn -0.881926 -0.471388 -9e-06
vn -0.882361 -0.470574 0.0
vn -0.162903 -0.986642 -0.0
vn -0.162903 -0.986642 0.0
vn -0.162903 -0.986642 -0.0
vn -0.162903 -0.986642 0.0
vn -0.162903 -0.986642 -0.0
vn -0.162903 -0.986642 0.0
vn -0.634389 0.773014 0.0
vn -0.634389 0.773014 0.0
vn -0.634389 0.773014 0.0
vn -0.634389 0.773014 0.0
vn -0.634389 0.773014 0.0
vn -0.634389 0.773014 0.0
vn 0.729859 -0.683598 0.0
vn 0.729859 -0.683598 0.0
vn 0.729859 -0.683598 0.0
vn 0.729859 -0.683598 0.0
vn 0.729859 -0.683598 0.0
vn 0.729859 -0.683598 0.0
vn 0.352287 0.935892 0.0
vn 0.352287 0.935892 -0.0
vn 0.352287 0.935892 0.0
vn 0.352287 0.935892 -0.0
vn 0.352287 0.935892 0.0
vn 0.352287 0.935892 -0.0
vn 0.812869 0.582447 0.0
vn 0.812869 0.582447 -0.0
vn 0.812869 0.582447 0.0
vn 0.812869 0.582447 -0.0
vn 0.812869 0.582447 0.0
vn 0.812869 0.582447 -0.0
vn 0.773014 -0.634389 0.0
vn 0.773014 -0.634389 0.0
vn 0.773014 -0.634389 0.0
vn 0.773014 -0.634389 0.0
vn 0.773014 -0.634389 0.0
vn 0.773014 -0.634389 0.0
vn 0.881926 -0.471388 0.0
vn 0.881926 -0.471388 0.0
vn 0.881926 -0.471388 0.0
vn 0.881926 -0.471388 0.0
vn 0.881916 -0.471406 0.0
vn 0.882361 -0.470574 0.0
vn 0.881926 -0.471388 -9e-06
vn 0.881916 -0.471406 0.0
vn 0.881926 -0.471388 5e-06
vn 0.882361 -0.470574 0.0
vn -0.812869 -0.582447 0.0
vn -0.812869 -0.582447 -0.0
vn -0.812869 -0.582447 0.0
vn -0.812869 -0.582447 -0.0
vn -0.812869 -0.582447 0.0
vn -0.812869 -0.582447 -0.0
vn -0.95695 -0.290253 0.0
vn -0.95695 -0.290253 -0.0
vn -0.95695 -0.290253 0.0
vn -0.95695 -0.290253 -0.0
vn -0.95695 -0.290253 0.0
vn -0.95695 -0.290253 -0.0
vn -0.95695 -0.290253 0.0
vn -0.95695 -0.290253 -0.0
vn 0.528116 0.849172 0.0
vn 0.528116 0.849172 -0.0
vn 0.528116 0.849172 0.0
vn 0.528116 0.849172 -0.0
vn 0.528116 0.849172 0.0
vn 0.528116 0.849172 -0.0
vn 0.098006 -0.995186 0.0
vn 0.098006 -0.995186 0.0
vn 0.098006 -0.995186 0.0
vn 0.098006 -0.995186 0.0
vn 0.098006 -0.995186 0.0
vn 0.098006 -0.995186 0.0
vn -0.352287 -0.935892 -0.0
vn -0.352287 -0.935892 0.0
vn -0.352287 -0.935892 -0.0
vn -0.352287 -0.935892 0.0
vn -0.352287 -0.935892 -0.0
vn -0.352287 -0.935892 0.0
vn -0.995186 -0.098006 0.0
vn -0.995186 -0.098006 -0.0
vn -0.995186 -0.098006 0.0
vn -0.995186 -0.098006 -0.0
vn -0.995186 -0.098006 0.0
vn -0.995186 -0.098006 -0.0
vn -0.995186 -0.098006 0.0
vn -0.995186 -0.098006 -0.0
vn 0.352287 -0.935892 0.0
vn 0.352287 -0.935892 0.0
vn 0.352287 -0.935892 0.0
vn 0.352287 -0.935892 0.0
vn 0.352287 -0.935892 0.0
vn 0.352287 -0.935892 0.0
vn -0.098006 0.995186 0.0
vn -0.098006 0.995186 0.0
vn -0.098006 0.995186 0.0
vn -0.098006 0.995186 0.0
vn -0.098006 0.995186 0.0
vn -0.098006 0.995186 0.0
vn 0.973876 -0.227082 0.0
vn 0.973876 -0.227082 0.0
vn 0.973876 -0.227082 0.0
vn 0.973876 -0.227082 0.0
vn 0.973876 -0.227082 0.0
vn 0.973876 -0.227082 0.0
vn 0.973876 -0.227082 0.0
vn 0.973876 -0.227082 0.0
vn 0.910865 -0.412705 0.0
vn 0.910865 -0.412705 0.0
vn 0.910865 -0.412705 0.0
vn 0.910865 -0.412705 0.0
vn 0.910865 -0.412705 0.0
vn 0.910865 -0.412705 0.0
vn 0.910865 -0.412705 0.0
vn 0.910865 -0.412705 0.0
vn -0.683598 0.729859 0.0
vn -0.683598 0.729859 0.0
vn -0.683598 0.729859 0.0
vn -0.683598 0.729859 0.0
vn -0.683598 0.729859 0.0
vn -0.683598 0.729859 0.0
vn -0.471388 0.881926 0.0
vn -0.471388 0.881926 0.0
vn -0.471388 0.881926 0.0
vn -0.471388 0.881926 0.0
vn -0.471388 0.881926 0.0
vn -0.471388 0.881926 0.0
vn 0.973876 0.227082 0.0
vn 0.973876 0.227082 -0.0
vn 0.973876 0.227082 0.0
vn 0.973876 0.227082 -0.0
vn 0.973876 0.227082 0.0
vn 0.973876 0.227082 -0.0
vn 0.973876 0.227082 0.0
vn 0.973876 0.227082 -0.0
vn 0.729859 0.683598 0.0
vn 0.729859 0.683598 -0.0
vn 0.729859 0.683598 0.0
vn 0.729859 0.683598 -0.0
vn 0.729859 0.683598 0.0
vn 0.729859 0.683598 -0.0
vn -0.773014 -0.634389 0.0
vn -0.773014 -0.634389 -0.0
vn -0.773014 -0.634389 0.0
vn -0.773014 -0.634389 -0.0
vn -0.773014 -0.634389 0.0
vn -0.773014 -0.634389 -0.0
vn -0.849172 0.528116 0.0
vn -0.849172 0.528116 0.0
vn -0.849172 0.528116 0.0
vn -0.849172 0.528116 0.0
vn -0.849172 0.528116 0.0
vn -0.849172 0.528116 0.0
vn -0.986642 0.162903 0.0
vn -0.986642 0.162903 0.0
vn -0.986642 0.162903 0.0
vn -0.986642 0.162903 0.0
vn -0.986642 0.162903 0.0
vn -0.986642 0.162903 0.0
vn -0.986642 0.162903 0.0
vn -0.986642 0.162903 0.0
vn -0.999465 -0.032702 0.0
vn -0.999465 -0.032702 -0.0
vn -0.999465 -0.032702 0.0
vn -0.999465 -0.032702 -0.0
vn -0.999465 -0.032702 0.0
vn -0.999465 -0.032702 -0.0
vn -0.999465 -0.032702 0.0
vn -0.999465 -0.032702 -0.0
vn -0.973876 0.227082 0.0
vn -0.973876 0.227082 0.0
vn -0.973876 0.227082 0.0
vn -0.973876 0.227082 0.0
vn -0.973876 0.227082 0.0
vn -0.973876 0.227082 0.0
vn -0.973876 0.227082 0.0
vn -0.973876 0.227082 0.0
vn 0.290253 0.95695 0.0
vn 0.290253 0.95695 -0.0
vn 0.290253 0.95695 0.0
vn 0.290253 0.95695 -0.0
vn 0.290253 0.95695 0.0
vn 0.290253 0.95695 -0.0
vn -0.290253 0.95695 0.0
vn -0.290253 0.95695 0.0
vn -0.290253 0.95695 0.0
vn -0.290253 0.95695 0.0
vn -0.290253 0.95695 0.0
vn -0.290253 0.95695 0.0
vn 0.098006 0.995186 0.0
vn 0.098006 0.995186 -0.0
vn 0.098006 0.995186 0.0
vn 0.098006 0.995186 -0.0
vn 0.098006 0.995186 0.0
vn 0.098006 0.995186 -0.0
vn -0.032702 0.999465 0.0
vn -0.032702 0.999465 0.0
vn -0.032702 0.999465 0.0
vn -0.032702 0.999465 0.0
vn -0.032702 0.999465 0.0
vn -0.032702 0.999465 0.0
vn -0.729859 -0.683598 0.0
vn -0.729859 -0.683598 -0.0
vn -0.729859 -0.683598 0.0
vn -0.729859 -0.683598 -0.0
vn -0.729859 -0.683598 0.0
vn -0.729859 -0.683598 -0.0
vn -0.812869 0.582447 0.0
vn -0.812869 0.582447 0.0
vn -0.812869 0.582447 0.0
vn -0.812869 0.582447 0.0
vn -0.812869 0.582447 0.0
vn -0.812869 0.582447 0.0
vn 0.582447 -0.812869 0.0
vn 0.582447 -0.812869 0.0
vn 0.582447 -0.812869 0.0
vn 0.582447 -0.812869 0.0
vn 0.582447 -0.812869 0.0
vn 0.582447 -0.812869 0.0
vn -0.881926 0.471388 0.0
vn -0.881926 0.471388 0.0
vn -0.881926 0.471388 0.0
vn -0.881926 0.471388 0.0
vn -0.882361 0.470574 0.0
vn -0.881926 0.471388 5e-06
vn -0.881916 0.471406 0.0
vn -0.882361 0.470574 0.0
vn -0.881916 0.471406 -1e-05
vn -0.881926 0.471388 0.0
vn -0.773014 0.634389 0.0
vn -0.773014 0.634389 0.0
vn -0.773014 0.634389 0.0
vn -0.773014 0.634389 0.0
vn -0.773014 0.634389 0.0
vn -0.773014 0.634389 0.0
vn 0.773014 0.634389 0.0
vn 0.773014 0.634389 -0.0
vn 0.773014 0.634389 0.0
vn 0.773014 0.634389 -0.0
vn 0.773014 0.634389 0.0
vn 0.773014 0.634389 -0.0
vn -0.227082 -0.973876 -0.0
vn -0.227082 -0.973876 0.0
vn -0.227082 -0.973876 -0.0
vn -0.227082 -0.973876 0.0
vn -0.227082 -0.973876 -0.0
vn -0.227082 -0.973876 0.0
vn 0.849172 -0.528116 0.0
vn 0.849172 -0.528116 0.0
vn 0.849172 -0.528116 0.0
vn 0.849172 -0.528116 0.0
vn 0.849172 -0.528116 0.0
vn 0.849172 -0.528116 0.0
vn -0.290253 -0.95695 -0.0
vn -0.290253 -0.95695 0.0
vn -0.290253 -0.95695 -0.0
vn -0.290253 -0.95695 0.0
vn -0.290253 -0.95695 -0.0
vn -0.290253 -0.95695 0.0
vn -0.973876 -0.227082 0.0
vn -0.973876 -0.227082 -0.0
vn -0.973876 -0.227082 0.0
vn -0.973876 -0.227082 -0.0
vn -0.973876 -0.227082 0.0
vn -0.973876 -0.227082 -0.0
vn -0.973876 -0.227082 0.0
vn -0.973876 -0.227082 -0.0
vn -0.528116 0.849172 0.0
vn -0.528116 0.849172 0.0
vn -0.528116 0.849172 0.0
vn -0.528116 0.849172 0.0
vn -0.528116 0.849172 0.0
vn -0.528116 0.849172 0.0
vn -0.528116 -0.849172 -0.0
vn -0.528116 -0.849172 0.0
vn -0.528116 -0.849172 -0.0
vn -0.528116 -0.849172 0.0
vn -0.528116 -0.849172 -0.0
vn -0.528116 -0.849172 0.0
vn -0.910865 0.412705 0.0
vn -0.910865 0.412705 0.0
vn -0.910865 0.412705 0.0
vn -0.910865 0.412705 0.0
vn -0.910865 0.412705 0.0
vn -0.910865 0.412705 0.0
vn -0.910865 0.412705 0.0
vn -0.910865 0.412705 0.0
vn 0.227082 0.973876 0.0
vn 0.227082 0.973876 -0.0
vn 0.227082 0.973876 0.0
vn 0.227082 0.973876 -0.0
vn 0.227082 0.973876 0.0
vn 0.227082 0.973876 -0.0
vn -0.412705 -0.910865 -0.0
vn -0.412705 -0.910865 0.0
vn -0.412705 -0.910865 -0.0
vn -0.412705 -0.910865 0.0
vn -0.412705 -0.910865 -0.0
vn -0.412705 -0.910865 0.0
vn 0.643559 -0.343981 -0.683746
vn -0.719972 -0.118873 -0.683747
vn -0.498834 0.532592 -0.683747
vn 0.729329 0.023889 -0.683746
vn 0.729332 0.023864 -0.683744
vn 0.710658 -0.165706 -0.683744
vn -0.385345 0.619675 -0.683749
vn 0.593132 0.425074 -0.683744
vn 0.719972 -0.118873 -0.683747
vn 0.564083 -0.462926 -0.683747
vn 0.30118 -0.664668 -0.683745
vn 0.301159 -0.664676 -0.683746
vn -0.462902 -0.564106 -0.683744
vn 0.64357 -0.343964 -0.683745
vn -0.710651 -0.165731 -0.683746
vn 0.719978 0.11885 -0.683745
vn -0.25707 -0.682939 -0.683747
vn 0.664667 -0.30118 -0.683746
vn 0.664678 -0.30116 -0.683744
vn -0.698307 0.211804 -0.683744
vn -0.211825 -0.698302 -0.683743
vn -0.682958 -0.257028 -0.683743
vn -0.726209 -0.071516 -0.683744
vn -0.425074 0.593132 -0.683744
vn -0.619675 -0.385345 -0.683749
vn 0.698307 -0.211804 -0.683744
vn -0.643559 0.343981 -0.683746
vn -0.698302 -0.211825 -0.683743
vn -0.64357 0.343964 -0.683745
vn -0.023889 0.729329 -0.683746
vn -0.498834 -0.532592 -0.683747
vn 0.726209 -0.071516 -0.683744
vn -0.118873 0.719972 -0.683747
vn -0.343964 -0.64357 -0.683745
vn -0.462902 0.564106 -0.683744
vn -0.071517 -0.726209 -0.683744
vn 0.385345 0.619675 -0.683749
vn 0.165731 0.710651 -0.683746
vn -0.462926 0.564083 -0.683747
vn 0.462902 0.564106 -0.683744
vn -0.593164 -0.425022 -0.683749
vn 0.165731 -0.710651 -0.683746
vn 0.593164 -0.425022 -0.683749
vn 0.729332 -0.023864 -0.683744
vn 0.619675 -0.385345 -0.683749
vn -0.643559 -0.343981 -0.683746
vn -0.11885 -0.719978 -0.683745
vn 0.532589 -0.498839 -0.683746
vn 0.211804 0.698307 -0.683744
vn 0.619658 -0.385377 -0.683746
vn 0.682939 -0.25707 -0.683747
vn 0.211804 -0.698307 -0.683744
vn 0.425022 -0.593164 -0.683749
vn -0.564083 0.462926 -0.683747
vn 0.343964 0.64357 -0.683745
vn 0.385345 -0.619675 -0.683749
vn 0.710651 -0.165731 -0.683746
vn 0.719978 -0.11885 -0.683745
vn 0.729329 -0.023889 -0.683746
vn -0.165731 0.710651 -0.683746
vn 0.165706 -0.710658 -0.683744
vn 0.343981 -0.643559 -0.683746
vn -0.257028 -0.682958 -0.683743
vn -0.729329 -0.023889 -0.683746
vn 0.023889 0.729329 -0.683746
vn 0.498834 0.532592 -0.683747
vn -0.211804 0.698307 -0.683744
vn -0.301159 0.664676 -0.683746
vn -0.30118 0.664668 -0.683745
vn -0.023864 -0.729332 -0.683744
vn 0.462902 -0.564106 -0.683744
vn -0.682958 0.257028 -0.683743
vn 0.211825 -0.698302 -0.683743
vn 0.564106 -0.462902 -0.683744
vn -0.619675 0.385345 -0.683749
vn 0.425074 0.593132 -0.683744
vn -0.385377 -0.619658 -0.683746
vn -0.726209 0.071516 -0.683744
vn -0.710658 0.165706 -0.683744
vn -0.023889 -0.729329 -0.683746
vn 0.498834 -0.532592 -0.683747
vn 0.462926 0.564083 -0.683747
vn -0.64357 -0.343964 -0.683745
vn -0.343981 -0.643559 -0.683746
vn 0.726209 -0.071517 -0.683744
vn 0.682958 -0.257028 -0.683743
vn -0.619658 0.385377 -0.683746
vn 0.11885 -0.719978 -0.683745
vn 0.593132 -0.425074 -0.683744
vn -0.698302 0.211825 -0.683743
vn -0.698307 -0.211804 -0.683744
vn 0.023889 -0.729329 -0.683746
vn -0.719978 -0.11885 -0.683745
vn 0.425074 -0.593132 -0.683744
vn 0.257028 -0.682958 -0.683743
vn 0.25707 -0.682939 -0.683747
vn -0.593164 0.425022 -0.683749
vn 0.071516 -0.726209 -0.683744
vn -0.532592 0.498834 -0.683747
vn 0.071517 -0.726209 -0.683744
vn 0.498839 -0.532589 -0.683746
vn -0.682939 -0.25707 -0.683747
vn 0.532592 -0.498834 -0.683747
vn -0.564106 -0.462902 -0.683744
vn -0.726209 -0.071517 -0.683744
vn -0.729332 -0.023864 -0.683744
vn 0.498839 0.532589 -0.683746
vn 0.698302 -0.211825 -0.683743
vn -0.343981 0.643559 -0.683746
vn 0.664667 0.30118 -0.683746
vn 0.664678 0.30116 -0.683744
vn -0.385345 -0.619675 -0.683749
vn -0.664678 0.30116 -0.683744
vn -0.664667 0.30118 -0.683746
vn 0.385377 -0.619658 -0.683746
vn -0.023864 0.729332 -0.683744
vn -0.071517 0.726209 -0.683744
vn -0.710658 -0.165706 -0.683744
vn -0.532589 -0.498839 -0.683746
vn 0.165706 0.710658 -0.683744
vn 0.118873 -0.719972 -0.683747
vn 0.257028 0.682958 -0.683743
vn -0.729329 0.023889 -0.683746
vn 0.343981 0.643559 -0.683746
vn -0.165731 -0.710651 -0.683746
vn -0.726209 0.071517 -0.683744
vn -0.729332 0.023864 -0.683744
vn -0.593132 0.425074 -0.683744
vn -0.564106 0.462902 -0.683744
vn -0.719978 0.11885 -0.683745
vn -0.498839 0.532589 -0.683746
vn 0.64357 0.343964 -0.683745
vn 0.071516 0.726209 -0.683744
vn 0.564106 0.462902 -0.683744
vn -0.719972 0.118873 -0.683747
vn -0.257028 0.682958 -0.683743
vn 0.343964 -0.64357 -0.683745
vn -0.564083 -0.462926 -0.683747
vn -0.532592 -0.498834 -0.683747
vn -0.425022 -0.593164 -0.683749
vn -0.593132 -0.425074 -0.683744
vn 0.462926 -0.564083 -0.683747
vn -0.211825 0.698302 -0.683743
vn -0.710651 0.165731 -0.683746
vn -0.118873 -0.719972 -0.683747
vn 0.619658 0.385377 -0.683746
vn -0.343964 0.64357 -0.683745
vn -0.664678 -0.30116 -0.683744
vn -0.664667 -0.30118 -0.683746
vn -0.462926 -0.564083 -0.683747
vn -0.425074 -0.593132 -0.683744
vn -0.532589 0.498839 -0.683746
vn -0.619658 -0.385377 -0.683746
vn -0.498839 -0.532589 -0.683746
vn -0.165706 -0.710658 -0.683744
vn 0.682958 0.257028 -0.683743
vn -0.425022 0.593164 -0.683749
vn -0.165706 0.710658 -0.683744
vn 0.211825 0.698302 -0.683743
vn -0.682939 0.25707 -0.683747
vn 0.11885 0.719978 -0.683745
vn 0.682939 0.25707 -0.683747
vn -0.301159 -0.664676 -0.683746
vn -0.30118 -0.664668 -0.683745
vn -0.11885 0.719978 -0.683745
vn -0.071516 0.726209 -0.683744
vn -0.25707 0.682939 -0.683747
vn 0.710651 0.165731 -0.683746
vn 0.710658 0.165706 -0.683744
vn 0.023864 0.729332 -0.683744
vn 0.023864 -0.729332 -0.683744
vn -0.385377 0.619658 -0.683746
vn 0.071517 0.726209 -0.683744
vn 0.385377 0.619658 -0.683746
vn 0.425022 0.593164 -0.683749
vn 0.532592 0.498834 -0.683747
vn 0.532589 0.498839 -0.683746
vn 0.698302 0.211825 -0.683743
vn -0.071516 -0.726209 -0.683744
vn 0.593164 0.425022 -0.683749
vn 0.25707 0.682939 -0.683747
vn 0.30118 0.664668 -0.683745
vn 0.301159 0.664676 -0.683746
vn -0.211804 -0.698307 -0.683744
vn 0.564083 0.462926 -0.683747
vn 0.118873 0.719972 -0.683747
vn 0.643559 0.343981 -0.683746
vn 0.698307 0.211804 -0.683744
vn 0.619675 0.385345 -0.683749
vn 0.726209 0.071516 -0.683744
vn 0.726209 0.071517 -0.683744
vn 0.719972 0.118873 -0.683747
vn 0.995186 0.098005 0.0
vn 0.995186 0.098005 -0.0
vn 0.999464 0.032737 0.0
vn 0.999464 0.032737 -0.0
vn 0.910852 -0.412733 0.0
vn 0.910852 -0.412733 0.0
vn 0.910852 0.412733 0.0
vn 0.910852 0.412733 -0.0
vn -0.352227 0.935915 0.0
vn -0.352227 0.935915 0.0
vn 0.973868 -0.227116 0.0
vn 0.973868 -0.227116 0.0
vn 0.995186 -0.098005 0.0
vn 0.995186 -0.098005 0.0
vn 0.528074 -0.849198 0.0
vn 0.528074 -0.849198 0.0
vn -0.471364 0.881939 0.0
vn -0.471364 0.881939 0.0
vn 0.412733 -0.910852 0.0
vn 0.412733 -0.910852 0.0
vn -0.098005 -0.995186 -0.0
vn -0.098005 -0.995186 0.0
vn 0.16287 -0.986648 0.0
vn 0.16287 -0.986648 0.0
vn 0.986648 -0.16287 0.0
vn 0.986648 -0.16287 0.0
vn 0.16287 0.986648 0.0
vn 0.16287 0.986648 -0.0
vn 0.973868 0.227116 0.0
vn 0.973868 0.227116 -0.0
vn 0.773043 -0.634354 0.0
vn 0.773043 -0.634354 0.0
vn 0.582515 0.81282 0.0
vn 0.582515 0.81282 -0.0
vn -0.227116 -0.973868 -0.0
vn -0.227116 -0.973868 0.0
vn -0.986648 0.16287 0.0
vn -0.986648 0.16287 0.0
vn 0.412733 0.910852 0.0
vn 0.412733 0.910852 -0.0
vn 0.032737 -0.999464 0.0
vn 0.032737 -0.999464 0.0
vn -0.935915 0.352227 0.0
vn -0.935915 0.352227 0.0
vn -0.881939 -0.471364 0.0
vn -0.881939 -0.471364 -0.0
vn -0.910852 -0.412733 0.0
vn -0.910852 -0.412733 -0.0
vn 0.956941 -0.290282 0.0
vn 0.956941 -0.290282 0.0
vn 0.227116 -0.973868 0.0
vn 0.227116 -0.973868 0.0
vn -0.528074 0.849198 0.0
vn -0.528074 0.849198 0.0
vn -0.773043 -0.634354 0.0
vn -0.773043 -0.634354 -0.0
vn -0.973868 0.227116 0.0
vn -0.973868 0.227116 0.0
vn -0.290282 0.956941 0.0
vn -0.290282 0.956941 0.0
vn 0.582515 -0.81282 0.0
vn 0.582515 -0.81282 0.0
vn -0.471364 -0.881939 -0.0
vn -0.471364 -0.881939 0.0
vn 0.849198 0.528074 0.0
vn 0.849198 0.528074 -0.0
vn -0.881939 0.471364 0.0
vn -0.881939 0.471364 0.0
vn -0.352227 -0.935915 -0.0
vn -0.352227 -0.935915 0.0
vn -0.16287 0.986648 0.0
vn -0.16287 0.986648 0.0
vn 0.032737 0.999464 0.0
vn 0.032737 0.999464 -0.0
vn -0.956941 0.290282 0.0
vn -0.956941 0.290282 0.0
vn -0.412733 -0.910852 -0.0
vn -0.412733 -0.910852 0.0
vn -0.582515 -0.81282 -0.0
vn -0.582515 -0.81282 0.0
vn -0.849198 0.528074 0.0
vn -0.849198 0.528074 0.0
vn 0.956941 0.290282 0.0
vn 0.956941 0.290282 -0.0
vn 0.81282 -0.582515 0.0
vn 0.81282 -0.582515 0.0
vn -0.16287 -0.986648 -0.0
vn -0.16287 -0.986648 0.0
vn -0.032737 0.999464 0.0
vn -0.032737 0.999464 0.0
vn -0.729854 -0.683603 0.0
vn -0.729854 -0.683603 -0.0
vn -0.582515 0.81282 0.0
vn -0.582515 0.81282 0.0
vn 0.471364 -0.881939 0.0
vn 0.471364 -0.881939 0.0
vn -0.683603 -0.729854 -0.0
vn -0.683603 -0.729854 0.0
vn 0.098005 -0.995186 0.0
vn 0.098005 -0.995186 0.0
vn -0.290282 -0.956941 -0.0
vn -0.290282 -0.956941 0.0
vn -0.528074 -0.849198 -0.0
vn -0.528074 -0.849198 0.0
vn -0.986648 -0.16287 0.0
vn -0.986648 -0.16287 -0.0
vn 0.881939 0.471364 0.0
vn 0.881939 0.471364 -0.0
vn 0.634354 -0.773043 0.0
vn 0.634354 -0.773043 0.0
vn 0.999464 -0.032737 0.0
vn 0.999464 -0.032737 0.0
vn -0.729854 0.683603 0.0
vn -0.729854 0.683603 0.0
vn -0.412733 0.910852 0.0
vn -0.412733 0.910852 0.0
vn -0.995186 0.098005 0.0
vn -0.995186 0.098005 0.0
vn -0.227116 0.973868 0.0
vn -0.227116 0.973868 0.0
vn 0.729854 0.683603 0.0
vn 0.729854 0.683603 -0.0
vn 0.352227 -0.935915 0.0
vn 0.352227 -0.935915 0.0
vn 0.0 0.0 1.0
vn 0.0 0.0 1.0
vn 0.0 -0.0 1.0
vn 0.0 0.0 1.0
vn 0.0 0.0 1.0
vn 0.0 0.0 1.0
vn 0.0 -0.0 1.0
vn 0.0 0.0 1.0
vn 0.0 0.0 1.0
vn 0.0 0.0 1.0
vn 0.0 -0.0 1.0
vn 0.0 0.0 1.0
vn 0.0 0.0 1.0
vn 0.0 0.0 1.0
vn 0.0 -0.0 1.0
vn 0.0 0.0 1.0
vn 0.0 0.0 1.0
vn 0.0 0.0 1.0
vn 0.0 -0.0 1.0
vn 0.0 0.0 1.0
vn 0.0 0.0 1.0
vn 0.0 0.0 1.0
vn 0.0 -0.0 1.0
vn 0.0 0.0 1.0
vn 0.0 0.0 1.0
vn 0.0 0.0 1.0
vn 0.0 -0.0 1.0
vn 0.0 0.0 1.0
vn 0.0 0.0 1.0
vn 0.0 0.0 1.0
vn 0.0 -0.0 1.0
vn 0.0 0.0 1.0
vn 0.0 0.0 1.0
vn 0.0 0.0 1.0
vn 0.0 -0.0 1.0
vn 0.0 0.0 1.0
vn 0.0 0.0 1.0
vn 0.0 0.0 1.0
vn 0.0 -0.0 1.0
vn 0.0 0.0 1.0
vn 0.0 0.0 1.0
vn 0.0 0.0 1.0
vn 0.0 -0.0 1.0
vn 0.0 0.0 1.0
vn 0.0 -0.0 1.0
vn 0.0 -0.0 1.0
vn 0.0 -0.0 1.0
vn 0.0 -0.0 1.0
vn 0.0 -0.0 1.0
vn 0.0 -0.0 1.0
vn 0.0 -0.0 1.0
vn 0.0 -0.0 1.0
vn 0.0 -0.0 1.0
vn 0.0 -0.0 1.0
vn 0.0 -0.0 1.0
vn 0.0 -0.0 1.0
vn 0.0 -0.0 1.0
vn 0.0 -0.0 1.0
vn 0.0 -0.0 1.0
vn 0.0 0.0 1.0
vn 0.0 -0.0 1.0
vn 0.0 -0.0 1.0
vn 0.0 -0.0 1.0
vn 0.0 -0.0 1.0
vn 0.0 -0.0 1.0
vn 0.0 -0.0 1.0
vn 0.0 -0.0 1.0
vn 0.0 -0.0 1.0
vn 0.0 0.0 1.0
vn 0.0 0.0 1.0
vn 0.0 -0.0 1.0
vn 0.0 0.0 1.0
vn 0.0 -0.0 1.0
vn 0.0 0.0 1.0
vn 0.0 -0.0 1.0
vn 0.0 0.0 1.0
vn 0.0 -0.0 1.0
vn 0.0 0.0 1.0
vn 0.0 -0.0 1.0
vn 0.0 0.0 1.0
vn 0.0 -0.0 1.0
vn 0.0 0.0 1.0
vn 0.0 -0.0 1.0
vn 0.0 0.0 1.0
vn 0.0 -0.0 1.0
vn 0.0 0.0 1.0
vn 0.0 -0.0 1.0
vn 0.0 0.0 1.0
vn 0.0 -0.0 1.0
vn 0.0 0.0 1.0
vn 0.0 -0.0 1.0
vn 0.0 0.0 1.0
vn 0.0 -0.0 1.0
vn 0.0 0.0 1.0
vn 0.0 0.0 1.0
vn 0.0 -0.0 1.0
vn 0.0 -0.0 1.0
vn 0.0 0.0 1.0
vn 0.0 -0.0 1.0
vn 0.0 0.0 1.0
vn 0.0 -0.0 1.0
vn 0.0 0.0 1.0
vn 0.0 -0.0 1.0
vn 0.0 0.0 1.0
vn 0.0 -0.0 1.0
vn 0.0 0.0 1.0
vn 0.0 -0.0 1.0
vn 0.0 0.0 1.0
vn 0.0 -0.0 1.0
vn 0.0 0.0 1.0
vn 0.0 -0.0 1.0
vn 0.0 0.0 1.0
vn 0.0 -0.0 1.0
vn 0.0 0.0 1.0
vn 0.0 -0.0 1.0
vn 0.0 0.0 1.0
vn 0.0 -0.0 1.0
vn 0.0 0.0 1.0
vn 0.0 -0.0 1.0
vn 0.0 0.0 1.0
vn 0.0 0.0 1.0
vn 0.0 0.0 1.0
vn 0.0 0.0 1.0
vn 0.0 0.0 1.0
vn 0.0 0.0 1.0
vn 0.0 0.0 1.0
vn 0.0 0.0 1.0
vn 0.0 0.0 1.0
vn 0.0 0.0 1.0
vn 0.0 0.0 1.0
vn 0.0 0.0 1.0
vn 0.0 0.0 1.0
vn 0.0 0.0 1.0
vn 0.0 0.0 1.0
vn 0.0 0.0 1.0
vn 0.0 0.0 1.0
vn 0.0 0.0 1.0
vn 0.0 0.0 1.0
vn 0.0 0.0 1.0
vn 0.0 0.0 1.0
vn 0.0 0.0 1.0
vn 0.0 0.0 1.0
vn 0.0 0.0 1.0
vn 0.0 0.0 1.0
vn 0.0 0.0 1.0
vn 0.0 0.0 1.0
vn 0.0 -0.0 1.0
vn 0.0 0.0 1.0
vn 0.0 -0.0 1.0
vn 0.0 0.0 1.0
vn 0.0 -0.0 1.0
vn 0.0 -0.0 1.0
vn 0.0 -0.0 1.0
vn 0.0 0.0 1.0
vn 0.0 -0.0 1.0
vn 0.0 -0.0 1.0
vn 0.0 -0.0 1.0
vn 0.0 0.0 1.0
vn 0.0 -0.0 1.0
vn 0.0 -0.0 1.0
vn 0.0 -0.0 1.0
vn 0.0 0.0 1.0
vn 0.0 -0.0 1.0
vn 0.0 -0.0 1.0
vn 0.0 -0.0 1.0
vn 0.0 0.0 1.0
vn 0.0 -0.0 1.0
vn 0.0 -0.0 1.0
vn 0.0 -0.0 1.0
vn 0.0 0.0 1.0
vn 0.0 -0.0 1.0
vn 0.0 -0.0 1.0
vn 0.0 -0.0 1.0
vn 0.0 0.0 1.0
vn 0.0 -0.0 1.0
vn 0.0 -0.0 1.0
vn 0.0 -0.0 1.0
vn 0.0 0.0 1.0
vn 0.0 -0.0 1.0
vn 0.0 -0.0 1.0
vn 0.0 -0.0 1.0
vn 0.0 0.0 1.0
vn 0.0 -0.0 1.0
vn 0.0 -0.0 1.0
vn 0.0 -0.0 1.0
vn 0.0 0.0 1.0
vn 0.0 -0.0 1.0
vn 0.0 -0.0 1.0
vn 0.0 -0.0 1.0
vn 0.0 0.0 1.0
vn 0.0 -0.0 1.0
vn 0.0 -0.0 1.0
vn -0.683603 0.729854 0.0
vn -0.683603 0.729854 0.0
vn -0.973868 -0.227116 0.0
vn -0.973868 -0.227116 -0.0
vn 0.935915 -0.352227 0.0
vn 0.935915 -0.352227 0.0
vn -0.81282 -0.582515 0.0
vn -0.81282 -0.582515 -0.0
vn 0.683603 0.729854 0.0
vn 0.683603 0.729854 -0.0
vn 0.881939 -0.471364 0.0
vn 0.881939 -0.471364 0.0
vn 0.634354 0.773043 0.0
vn 0.634354 0.773043 -0.0
vn 0.227116 0.973868 0.0
vn 0.227116 0.973868 -0.0
vn 0.729854 -0.683603 0.0
vn 0.729854 -0.683603 0.0
vn -0.634354 0.773043 0.0
vn -0.634354 0.773043 0.0
vn 0.098005 0.995186 0.0
vn 0.098005 0.995186 -0.0
vn -0.032737 -0.999464 -0.0
vn -0.032737 -0.999464 0.0
vn -0.935915 -0.352227 0.0
vn -0.935915 -0.352227 -0.0
vn 0.81282 0.582515 0.0
vn 0.81282 0.582515 -0.0
vn 0.935915 0.352227 0.0
vn 0.935915 0.352227 -0.0
vn 0.986648 0.16287 0.0
vn 0.986648 0.16287 -0.0
vn -0.773043 0.634354 0.0
vn -0.773043 0.634354 0.0
vn -0.098005 0.995186 0.0
vn -0.098005 0.995186 0.0
vn -0.956941 -0.290282 0.0
vn -0.956941 -0.290282 -0.0
vn 0.528074 0.849198 0.0
vn 0.528074 0.849198 -0.0
vn -0.999464 -0.032737 0.0
vn -0.999464 -0.032737 -0.0
vn 0.352227 0.935915 0.0
vn 0.352227 0.935915 -0.0
vn -0.910852 0.412733 0.0
vn -0.910852 0.412733 0.0
vn -0.995186 -0.098005 0.0
vn -0.995186 -0.098005 -0.0
vn 0.471364 0.881939 0.0
vn 0.471364 0.881939 -0.0
vn -0.849198 -0.528074 0.0
vn -0.849198 -0.528074 -0.0
vn -0.81282 0.582515 0.0
vn -0.81282 0.582515 0.0
vn 0.849198 -0.528074 0.0
vn 0.849198 -0.528074 0.0
vn 0.290282 0.956941 0.0
vn 0.290282 0.956941 -0.0
vn -0.634354 -0.773043 -0.0
vn -0.634354 -0.773043 0.0
vn 0.773043 0.634354 0.0
vn 0.773043 0.634354 -0.0
vn 0.290282 -0.956941 0.0
vn 0.290282 -0.956941 0.0
vn 0.683603 -0.729854 0.0
vn 0.683603 -0.729854 0.0
vn -0.999464 0.032737 0.0
vn -0.999464 0.032737 0.0
vn -1.0 0.0 0.0
vn -1.0 0.0 0.0
vn 0.0 0.0 -1.0
vn 0.0 0.0 -1.0
vn 0.0 0.0 -1.0
vn 0.0 0.0 -1.0
vn 0.0 0.0 -1.0
vn 0.0 0.0 -1.0
vn 0.0 0.0 -1.0
vn 0.0 0.0 -1.0
vn 0.0 0.0 -1.0
vn 0.0 0.0 -1.0
vn 0.0 0.0 -1.0
vn 0.0 0.0 -1.0
vn 0.0 0.0 -1.0
vn 0.0 0.0 -1.0
vn 0.0 0.0 -1.0
vn 0.0 0.0 1.0
vn 0.0 0.0 1.0
vn 0.0 0.0 1.0
vn 0.0 0.0 1.0
vn 0.0 0.0 1.0
vn 0.0 0.0 1.0
vn 0.0 0.0 1.0
vn 0.0 0.0 1.0
vn 0.0 0.0 1.0
vn 0.0 0.0 1.0
vn 0.0 0.0 1.0
vn 0.0 0.0 1.0
vn 0.0 0.0 1.0
vn 0.0 0.0 1.0
vn -0.0 0.0 1.0
vn -0.0 0.0 -1.0
vn -0.0 0.0 -1.0
vn -0.0 0.0 -1.0
vn -0.0 0.0 -1.0
vn -0.0 0.0 -1.0
vn -0.0 0.0 -1.0
vn -0.0 0.0 -1.0
vn -0.0 0.0 -1.0
vn -0.0 0.0 -1.0
vn -0.0 0.0 -1.0
vn -0.0 0.0 -1.0
vn -0.0 0.0 -1.0
vn -0.0 0.0 -1.0
vn -0.0 0.0 -1.0
vn 0.0 0.0 -1.0
vn 0.0 0.0 1.0
vn 0.0 0.0 1.0
vn 0.0 0.0 1.0
vn 0.0 0.0 1.0
vn 0.0 0.0 1.0
vn 0.0 0.0 1.0
vn 0.0 0.0 1.0
vn 0.0 0.0 1.0
vn 0.0 0.0 1.0
vn 0.0 0.0 1.0
vn 0.0 0.0 1.0
vn 0.0 0.0 1.0
vn 0.0 0.0 1.0
vn 0.0 0.0 1.0
vn 0.0 0.0 1.0
vn 1.0 0.0 0.0
vn 1.0 0.0 0.0
vn 0.0 0.0 1.0
vn 0.0 0.0 1.0
vn 0.0 -0.0 1.0
vn 0.0 0.0 1.0
vn 0.0 0.0 1.0
vn 0.0 0.0 1.0
vn 0.0 -0.0 1.0
vn 0.0 0.0 1.0
vn 0.0 -0.0 1.0
vn 0.0 -0.0 1.0
vn 0.0 0.0 1.0
vn 0.0 -0.0 1.0
vn 0.0 -0.0 1.0
vn 0.0 0.0 1.0
vn 0.0 -0.0 1.0
vn 0.0 0.0 1.0
vn 0.0 -0.0 1.0
vn 0.0 0.0 1.0
vn 0.0 -0.0 1.0
vn 0.0 0.0 1.0
vn 0.0 -0.0 1.0
vn 0.0 -0.0 1.0
vn 0.0 0.0 1.0
vn 0.0 0.0 1.0
vn 0.0 0.0 1.0
vn 0.0 0.0 1.0
vn 0.0 0.0 1.0
vn 0.0 0.0 1.0
vn 0.0 0.0 1.0
vn 0.0 0.0 1.0
vn 0.0 0.0 1.0
vn 0.0 0.0 1.0
vn 0.0 0.0 1.0
vn 0.0 0.0 1.0
vn 0.0 0.0 1.0
vn 0.0 0.0 1.0
vn 0.0 0.0 1.0
vn 0.0 0.0 1.0
vn 0.0 0.0 1.0
vn 0.0 0.0 1.0
vn 0.0 0.0 1.0
vn 0.0 0.0 1.0
vn 0.0 0.0 1.0
vn 0.0 0.0 1.0
vn 0.0 0.0 1.0
vn 0.0 0.0 1.0
vn 0.0 0.0 1.0
vn 0.0 0.0 1.0
vn 0.0 0.0 1.0
vn 0.0 0.0 1.0
vn 0.0 0.0 1.0
vn 0.0 0.0 1.0
vn 0.0 -0.0 1.0
vn 0.0 0.0 1.0
vn 0.0 0.0 1.0
vn 0.0 0.0 1.0
vn 0.0 0.0 1.0
vn 0.0 0.0 1.0
vn 0.0 0.0 1.0
vn 0.0 0.0 1.0
vn 0.0 0.0 1.0
vn 0.0 0.0 1.0
vn 0.0 0.0 1.0
vn 0.0 0.0 1.0
vn 0.0 0.0 1.0
vn 0.0 0.0 1.0
vn 0.0 0.0 1.0
vn 0.0 0.0 1.0
vn 0.0 0.0 1.0
vn 0.0 0.0 1.0
vn 0.0 0.0 1.0
vn 0.0 0.0 1.0
vn 0.0 0.0 1.0
vn 0.0 0.0 1.0
vn 0.0 0.0 1.0
vn 0.0 0.0 1.0
vn 0.0 0.0 1.0
vn 0.0 0.0 1.0
vn 0.0 0.0 1.0
vn 0.0 0.0 1.0
vn 0.0 0.0 1.0
vn 0.0 0.0 1.0
vn 0.0 -0.0 1.0
vn 0.0 0.0 1.0
vn 0.0 -0.0 1.0
vn 0.0 0.0 1.0
vn 0.0 -0.0 1.0
vn 0.0 0.0 1.0
vn 0.0 -0.0 1.0
vn 0.0 0.0 1.0
vn 0.0 -0.0 1.0
vn 0.0 0.0 1.0
vn 0.0 -0.0 1.0
vn 0.0 0.0 1.0
vn 0.0 0.0 1.0
vn 0.0 -0.0 1.0
vn 0.0 -0.0 1.0
vn 0.0 0.0 1.0
vn 0.0 -0.0 1.0
vn 0.0 0.0 1.0
vn 0.0 -0.0 1.0
vn 0.0 0.0 1.0
vn 0.0 -0.0 1.0
vn 0.0 0.0 1.0
vn 0.0 -0.0 1.0
vn 0.0 0.0 1.0
vn 0.0 -0.0 1.0
vn 0.0 0.0 1.0
vn 0.0 -0.0 1.0
vn 0.0 0.0 1.0
vn 0.0 0.0 1.0
vn 0.0 0.0 1.0
vn 0.0 0.0 1.0
vn 0.0 0.0 1.0
vn 0.0 0.0 1.0
vn 0.0 0.0 1.0
vn 0.0 0.0 1.0
vn 0.0 0.0 1.0
vn 0.0 0.0 1.0
vn 0.0 0.0 1.0
vn 0.0 0.0 1.0
vn 0.0 0.0 1.0
vn 0.0 0.0 1.0
vn 0.0 0.0 1.0
vn 0.0 0.0 1.0
vn 0.0 0.0 1.0
vn 0.0 0.0 1.0
vn 0.0 0.0 1.0
vn 0.0 0.0 1.0
vn 0.0 0.0 1.0
vn 0.0 0.0 1.0
vn 0.0 0.0 1.0
vn 0.0 0.0 1.0
vn 0.0 0.0 1.0
vn 0.0 0.0 1.0
vn 0.0 0.0 1.0
vn 0.0 0.0 1.0
vn 0.0 0.0 1.0
vn 0.0 0.0 1.0
vn 0.0 0.0 1.0
vn 0.0 0.0 1.0
vn 0.0 0.0 1.0
vn 0.0 0.0 1.0
vn 0.0 0.0 1.0
vn 0.0 0.0 1.0
vn 0.0 0.0 1.0
vn 0.0 0.0 1.0
vn 0.0 0.0 1.0
vn 0.0 0.0 1.0
vn 0.0 0.0 1.0
vn 0.0 0.0 1.0
vn 0.0 0.0 1.0
vn 0.0 0.0 1.0
vn 0.0 0.0 1.0
vn 0.0 0.0 1.0
vn 0.0 0.0 1.0
vn 0.0 0.0 1.0
vn 0.0 0.0 1.0
vn 0.0 0.0 1.0
vn 0.0 0.0 1.0
vn 0.0 0.0 1.0
vn 0.0 0.0 1.0
vn 0.0 0.0 1.0
vn 0.0 0.0 1.0
vn 0.0 0.0 1.0
vn 0.0 0.0 1.0
vn 0.0 0.0 1.0
vn 0.0 0.0 1.0
vn 0.0 0.0 1.0
vn 0.0 0.0 1.0
vn 0.0 0.0 1.0
vn 0.0 0.0 1.0
vn 0.0 -0.0 1.0
vn 0.0 0.0 1.0
vn 0.0 -0.0 1.0
vn 0.0 0.0 1.0
vn 0.0 -0.0 1.0
vn 0.0 0.0 1.0
vn 0.0 0.0 1.0
vn 0.0 -0.0 1.0
vn 0.0 0.0 1.0
vn 0.0 0.0 1.0
vn 0.0 -0.0 1.0
vn 0.0 0.0 1.0
vn 0.0 -0.0 1.0
vn 0.0 0.0 1.0
vn 0.0 -0.0 1.0
vn 0.0 -0.0 1.0
vn 0.0 -0.0 1.0
vn 0.0 0.0 1.0
vn 0.0 -0.0 1.0
vn 0.0 -0.0 1.0
vn 0.0 0.0 -1.0
vn 0.0 0.0 -1.0
vn 0.0 -0.0 -1.0
vn 0.0 0.0 -1.0
vn 0.0 0.0 -1.0
vn 0.0 0.0 -1.0
vn 0.0 -0.0 -1.0
vn 0.0 0.0 -1.0
vn 0.0 -0.0 -1.0
vn 0.0 -0.0 -1.0
vn 0.0 0.0 -1.0
vn 0.0 -0.0 -1.0
vn 0.0 -0.0 -1.0
vn 0.0 0.0 -1.0
vn 0.0 -0.0 -1.0
vn 0.0 0.0 -1.0
vn 0.0 -0.0 -1.0
vn 0.0 0.0 -1.0
vn 0.0 -0.0 -1.0
vn 0.0 0.0 -1.0
vn 0.0 -0.0 -1.0
vn 0.0 -0.0 -1.0
vn -0.0 0.0 -1.0
vn 0.0 0.0 -1.0
vn -0.0 0.0 -1.0
vn 0.0 0.0 -1.0
vn -0.0 0.0 -1.0
vn 0.0 0.0 -1.0
vn -0.0 0.0 -1.0
vn 0.0 0.0 -1.0
vn -0.0 0.0 -1.0
vn 0.0 0.0 -1.0
vn -0.0 0.0 -1.0
vn 0.0 0.0 -1.0
vn -0.0 0.0 -1.0
vn 0.0 0.0 -1.0
vn -0.0 0.0 -1.0
vn 0.0 0.0 -1.0
vn -0.0 0.0 -1.0
vn 0.0 0.0 -1.0
vn -0.0 0.0 -1.0
vn 0.0 0.0 -1.0
vn -0.0 0.0 -1.0
vn 0.0 0.0 -1.0
vn -0.0 0.0 -1.0
vn 0.0 0.0 -1.0
vn -0.0 0.0 -1.0
vn 0.0 0.0 -1.0
vn -0.0 0.0 -1.0
vn 0.0 0.0 -1.0
vn -0.0 0.0 -1.0
vn 0.0 0.0 -1.0
vn -0.0 -0.0 -1.0
vn 0.0 0.0 -1.0
vn -0.0 0.0 -1.0
vn 0.0 0.0 -1.0
vn -0.0 0.0 -1.0
vn 0.0 0.0 -1.0
vn -0.0 0.0 -1.0
vn 0.0 0.0 -1.0
vn -0.0 0.0 -1.0
vn 0.0 0.0 -1.0
vn -0.0 0.0 -1.0
vn 0.0 0.0 -1.0
vn -0.0 0.0 -1.0
vn 0.0 0.0 -1.0
vn -0.0 0.0 -1.0
vn 0.0 0.0 -1.0
vn -0.0 0.0 -1.0
vn 0.0 0.0 -1.0
vn -0.0 0.0 -1.0
vn 0.0 0.0 -1.0
vn -0.0 0.0 -1.0
vn 0.0 0.0 -1.0
vn -0.0 0.0 -1.0
vn 0.0 0.0 -1.0
vn -0.0 0.0 -1.0
vn 0.0 0.0 -1.0
vn -0.0 0.0 -1.0
vn 0.0 0.0 -1.0
vn -0.0 0.0 -1.0
vn 0.0 0.0 -1.0
vn 0.0 -0.0 -1.0
vn 0.0 0.0 -1.0
vn 0.0 -0.0 -1.0
vn 0.0 0.0 -1.0
vn 0.0 -0.0 -1.0
vn 0.0 0.0 -1.0
vn 0.0 -0.0 -1.0
vn 0.0 0.0 -1.0
vn 0.0 -0.0 -1.0
vn 0.0 0.0 -1.0
vn 0.0 -0.0 -1.0
vn 0.0 0.0 -1.0
vn 0.0 0.0 -1.0
vn 0.0 -0.0 -1.0
vn 0.0 -0.0 -1.0
vn 0.0 0.0 -1.0
vn 0.0 -0.0 -1.0
vn 0.0 0.0 -1.0
vn 0.0 -0.0 -1.0
vn 0.0 0.0 -1.0
vn 0.0 -0.0 -1.0
vn 0.0 0.0 -1.0
vn 0.0 -0.0 -1.0
vn 0.0 0.0 -1.0
vn 0.0 -0.0 -1.0
vn 0.0 0.0 -1.0
vn 0.0 -0.0 -1.0
vn 0.0 0.0 -1.0
vn -0.0 0.0 -1.0
vn 0.0 0.0 -1.0
vn -0.0 0.0 -1.0
vn 0.0 0.0 -1.0
vn -0.0 0.0 -1.0
vn 0.0 0.0 -1.0
vn -0.0 0.0 -1.0
vn 0.0 0.0 -1.0
vn -0.0 0.0 -1.0
vn 0.0 0.0 -1.0
vn -0.0 0.0 -1.0
vn 0.0 0.0 -1.0
vn -0.0 0.0 -1.0
vn 0.0 0.0 -1.0
vn -0.0 0.0 -1.0
vn 0.0 0.0 -1.0
vn -0.0 0.0 -1.0
vn 0.0 0.0 -1.0
vn -0.0 0.0 -1.0
vn 0.0 0.0 -1.0
vn -0.0 0.0 -1.0
vn 0.0 0.0 -1.0
vn -0.0 0.0 -1.0
vn 0.0 0.0 -1.0
vn -0.0 0.0 -1.0
vn 0.0 0.0 -1.0
vn -0.0 0.0 -1.0
vn 0.0 0.0 -1.0
vn 0.0 0.0 -1.0
vn -0.0 0.0 -1.0
vn -0.0 0.0 -1.0
vn 0.0 0.0 -1.0
vn -0.0 0.0 -1.0
vn 0.0 0.0 -1.0
vn -0.0 0.0 -1.0
vn 0.0 0.0 -1.0
vn -0.0 0.0 -1.0
vn 0.0 0.0 -1.0
vn -0.0 0.0 -1.0
vn 0.0 0.0 -1.0
vn -0.0 0.0 -1.0
vn 0.0 0.0 -1.0
vn -0.0 0.0 -1.0
vn 0.0 0.0 -1.0
vn -0.0 0.0 -1.0
vn 0.0 0.0 -1.0
vn -0.0 0.0 -1.0
vn 0.0 0.0 -1.0
vn -0.0 0.0 -1.0
vn 0.0 0.0 -1.0
vn -0.0 0.0 -1.0
vn 0.0 0.0 -1.0
vn -0.0 0.0 -1.0
vn 0.0 0.0 -1.0
vn -0.0 0.0 -1.0
vn 0.0 0.0 -1.0
vn -0.0 0.0 -1.0
vn 0.0 0.0 -1.0
vn -0.0 0.0 -1.0
vn 0.0 0.0 -1.0
vn 0.0 0.0 -1.0
vn 0.0 0.0 -1.0
vn 0.0 -0.0 -1.0
vn 0.0 0.0 -1.0
vn 0.0 -0.0 -1.0
vn 0.0 0.0 -1.0
vn 0.0 -0.0 -1.0
vn 0.0 0.0 -1.0
vn 0.0 0.0 -1.0
vn 0.0 -0.0 -1.0
vn 0.0 0.0 -1.0
vn 0.0 0.0 -1.0
vn 0.0 -0.0 -1.0
vn 0.0 0.0 -1.0
vn 0.0 -0.0 -1.0
vn 0.0 0.0 -1.0
vn 0.0 -0.0 -1.0
vn 0.0 -0.0 -1.0
vn 0.0 -0.0 -1.0
vn 0.0 0.0 -1.0
vn 0.0 -0.0 -1.0
vn 0.0 -0.0 -1.0
vn 0.227101 0.973871 0.0
vn 0.227101 0.973871 -0.0
vn 0.290246 -0.956952 0.0
vn 0.290246 -0.956952 0.0
vn 0.995181 0.098056 0.0
vn 0.995181 0.098056 -0.0
vn 0.999466 0.032686 0.0
vn 0.999466 0.032686 -0.0
vn 0.986643 -0.162899 0.0
vn 0.986643 -0.162899 0.0
vn 0.634394 0.77301 0.0
vn 0.634394 0.77301 -0.0
vn 0.471396 0.881922 0.0
vn 0.471396 0.881922 -0.0
vn 0.582497 0.812833 0.0
vn 0.582497 0.812833 -0.0
vn 0.956952 -0.290246 0.0
vn 0.956952 -0.290246 0.0
vn 0.77301 -0.634394 0.0
vn 0.77301 -0.634394 0.0
vn -0.729821 0.683638 0.0
vn -0.729821 0.683638 0.0
vn 0.290246 0.956952 0.0
vn 0.290246 0.956952 -0.0
vn 0.935915 0.352225 0.0
vn 0.935915 0.352225 -0.0
vn 0.098056 -0.995181 0.0
vn 0.098056 -0.995181 0.0
vn -0.412707 0.910864 0.0
vn -0.412707 0.910864 0.0
vn 0.973871 -0.227101 0.0
vn 0.973871 -0.227101 0.0
vn 0.227101 -0.973871 0.0
vn 0.227101 -0.973871 0.0
vn -0.162899 -0.986643 -0.0
vn -0.162899 -0.986643 0.0
vn 0.683638 0.729821 0.0
vn 0.683638 0.729821 -0.0
vn 0.471396 -0.881922 0.0
vn 0.471396 -0.881922 0.0
vn -0.471396 -0.881922 -0.0
vn -0.471396 -0.881922 0.0
vn 0.910864 -0.412707 0.0
vn 0.910864 -0.412707 0.0
vn 0.999466 -0.032686 0.0
vn 0.999466 -0.032686 0.0
vn -0.290246 0.956952 0.0
vn -0.290246 0.956952 0.0
vn 0.162899 0.986643 0.0
vn 0.162899 0.986643 -0.0
vn 0.729821 -0.683638 0.0
vn 0.729821 -0.683638 0.0
vn 0.352225 0.935915 0.0
vn 0.352225 0.935915 -0.0
vn -0.634394 0.77301 0.0
vn -0.634394 0.77301 0.0
vn 0.412707 -0.910864 0.0
vn 0.412707 -0.910864 0.0
vn -0.162899 0.986643 0.0
vn -0.162899 0.986643 0.0
vn -0.999466 -0.032686 0.0
vn -0.999466 -0.032686 -0.0
vn 0.098056 0.995181 0.0
vn 0.098056 0.995181 -0.0
vn 0.528066 0.849203 0.0
vn 0.528066 0.849203 -0.0
vn 0.032686 0.999466 0.0
vn 0.032686 0.999466 -0.0
vn 0.956952 0.290246 0.0
vn 0.956952 0.290246 -0.0
vn 0.812833 0.582497 0.0
vn 0.812833 0.582497 -0.0
vn -0.528066 0.849203 0.0
vn -0.528066 0.849203 0.0
vn -0.290246 -0.956952 -0.0
vn -0.290246 -0.956952 0.0
vn -0.471396 0.881922 0.0
vn -0.471396 0.881922 0.0
vn -0.683638 -0.729821 -0.0
vn -0.683638 -0.729821 0.0
vn -0.935915 0.352225 0.0
vn -0.935915 0.352225 0.0
vn -0.956952 -0.290246 0.0
vn -0.956952 -0.290246 -0.0
vn -0.582497 -0.812833 -0.0
vn -0.582497 -0.812833 0.0
vn -0.77301 -0.634394 0.0
vn -0.77301 -0.634394 -0.0
vn -0.956952 0.290246 0.0
vn -0.956952 0.290246 0.0
vn 0.162899 -0.986643 0.0
vn 0.162899 -0.986643 0.0
vn -0.098056 0.995181 0.0
vn -0.098056 0.995181 0.0
vn -0.986643 0.162899 0.0
vn -0.986643 0.162899 0.0
vn -0.634394 -0.77301 -0.0
vn -0.634394 -0.77301 0.0
vn -0.910864 -0.412707 0.0
vn -0.910864 -0.412707 -0.0
vn -0.032686 0.999466 0.0
vn -0.032686 0.999466 0.0
vn 0.910864 0.412707 0.0
vn 0.910864 0.412707 -0.0
vn 0.77301 0.634394 0.0
vn 0.77301 0.634394 -0.0
vn 0.881922 0.471396 0.0
vn 0.881922 0.471396 -0.0
vn -0.812833 0.582497 0.0
vn -0.812833 0.582497 0.0
vn 0.973871 0.227101 0.0
vn 0.973871 0.227101 -0.0
vn -0.910864 0.412707 0.0
vn -0.910864 0.412707 0.0
vn 0.729821 0.683638 0.0
vn 0.729821 0.683638 -0.0
vn -0.683638 0.729821 0.0
vn -0.683638 0.729821 0.0
vn -0.227101 -0.973871 -0.0
vn -0.227101 -0.973871 0.0
vn 0.935915 -0.352225 0.0
vn 0.935915 -0.352225 0.0
vn 0.634394 -0.77301 0.0
vn 0.634394 -0.77301 0.0
vn 0.995181 -0.098056 0.0
vn 0.995181 -0.098056 0.0
vn -0.227101 0.973871 0.0
vn -0.227101 0.973871 0.0
vn -0.881922 0.471396 0.0
vn -0.881922 0.471396 0.0
vn 0.849203 0.528066 0.0
vn 0.849203 0.528066 -0.0
vn -0.849203 -0.528066 0.0
vn -0.849203 -0.528066 -0.0
vn -0.77301 0.634394 0.0
vn -0.77301 0.634394 0.0
vn 0.412707 0.910864 0.0
vn 0.412707 0.910864 -0.0
vn 0.812833 -0.582497 0.0
vn 0.812833 -0.582497 0.0
vn 0.352225 -0.935915 0.0
vn 0.352225 -0.935915 0.0
vn 0.032686 -0.999466 0.0
vn 0.032686 -0.999466 0.0
vn -0.973871 -0.227101 0.0
vn -0.973871 -0.227101 -0.0
vn -0.582497 0.812833 0.0
vn -0.582497 0.812833 0.0
vn -0.935915 -0.352225 0.0
vn -0.935915 -0.352225 -0.0
vn 0.986643 0.162899 0.0
vn 0.986643 0.162899 -0.0
vn -0.352225 0.935915 0.0
vn -0.352225 0.935915 0.0
vn -0.812833 -0.582497 0.0
vn -0.812833 -0.582497 -0.0
vn -0.352225 -0.935915 -0.0
vn -0.352225 -0.935915 0.0
vn 0.582497 -0.812833 0.0
vn 0.582497 -0.812833 0.0
vn -0.995181 0.098056 0.0
vn -0.995181 0.098056 0.0
vn -0.999466 0.032686 0.0
vn -0.999466 0.032686 0.0
vn -0.032686 -0.999466 -0.0
vn -0.032686 -0.999466 0.0
vn 0.683638 -0.729821 0.0
vn 0.683638 -0.729821 0.0
vn 0.881922 -0.471396 0.0
vn 0.881922 -0.471396 0.0
vn -0.973871 0.227101 0.0
vn -0.973871 0.227101 0.0
vn 0.849203 -0.528066 0.0
vn 0.849203 -0.528066 0.0
vn 0.528066 -0.849203 0.0
vn 0.528066 -0.849203 0.0
vn -0.729821 -0.683638 0.0
vn -0.729821 -0.683638 -0.0
vn -0.849203 0.528066 0.0
vn -0.849203 0.528066 0.0
vn -0.098056 -0.995181 -0.0
vn -0.098056 -0.995181 0.0
vn -0.986643 -0.162899 0.0
vn -0.986643 -0.162899 -0.0
vn -0.995181 -0.098056 0.0
vn -0.995181 -0.098056 -0.0
vn -0.528066 -0.849203 -0.0
vn -0.528066 -0.849203 0.0
vn -0.412707 -0.910864 -0.0
vn -0.412707 -0.910864 0.0
vn -0.881922 -0.471396 0.0
vn -0.881922 -0.471396 -0.0
vn 0.0 0.0 1.0
vn 0.0 0.0 1.0
vn 0.0 -0.0 1.0
vn 0.0 0.0 1.0
vn 0.0 0.0 1.0
vn 0.0 0.0 1.0
vn 0.0 -0.0 1.0
vn 0.0 0.0 1.0
vn 0.0 -0.0 1.0
vn 0.0 -0.0 1.0
vn 0.0 0.0 1.0
vn 0.0 -0.0 1.0
vn 0.0 -0.0 1.0
vn 0.0 0.0 1.0
vn 0.0 -0.0 1.0
vn 0.0 0.0 1.0
vn 0.0 -0.0 1.0
vn 0.0 0.0 1.0
vn 0.0 -0.0 1.0
vn 0.0 0.0 1.0
vn 0.0 -0.0 1.0
vn 0.0 -0.0 1.0
vn 0.0 0.0 1.0
vn 0.0 0.0 1.0
vn 0.0 0.0 1.0
vn 0.0 0.0 1.0
vn 0.0 0.0 1.0
vn 0.0 0.0 1.0
vn 0.0 0.0 1.0
vn 0.0 0.0 1.0
vn 0.0 0.0 1.0
vn 0.0 0.0 1.0
vn 0.0 0.0 1.0
vn 0.0 0.0 1.0
vn 0.0 0.0 1.0
vn 0.0 0.0 1.0
vn 0.0 0.0 1.0
vn 0.0 0.0 1.0
vn 0.0 0.0 1.0
vn 0.0 0.0 1.0
vn 0.0 0.0 1.0
vn 0.0 0.0 1.0
vn 0.0 0.0 1.0
vn 0.0 0.0 1.0
vn 0.0 0.0 1.0
vn 0.0 0.0 1.0
vn 0.0 0.0 1.0
vn 0.0 0.0 1.0
vn 0.0 0.0 1.0
vn 0.0 0.0 1.0
vn 0.0 0.0 1.0
vn 0.0 0.0 1.0
vn 0.0 -0.0 1.0
vn 0.0 0.0 1.0
vn 0.0 0.0 1.0
vn 0.0 0.0 1.0
vn 0.0 0.0 1.0
vn 0.0 0.0 1.0
vn 0.0 0.0 1.0
vn 0.0 0.0 1.0
vn 0.0 0.0 1.0
vn 0.0 0.0 1.0
vn 0.0 0.0 1.0
vn 0.0 0.0 1.0
vn 0.0 0.0 1.0
vn 0.0 0.0 1.0
vn 0.0 0.0 1.0
vn 0.0 0.0 1.0
vn 0.0 0.0 1.0
vn 0.0 0.0 1.0
vn 0.0 0.0 1.0
vn 0.0 0.0 1.0
vn 0.0 0.0 1.0
vn 0.0 0.0 1.0
vn 0.0 0.0 1.0
vn 0.0 0.0 1.0
vn 0.0 0.0 1.0
vn 0.0 0.0 1.0
vn 0.0 0.0 1.0
vn 0.0 0.0 1.0
vn 0.0 0.0 1.0
vn 0.0 0.0 1.0
vn 0.0 -0.0 1.0
vn 0.0 0.0 1.0
vn 0.0 -0.0 1.0
vn 0.0 0.0 1.0
vn 0.0 -0.0 1.0
vn 0.0 0.0 1.0
vn 0.0 -0.0 1.0
vn 0.0 0.0 1.0
vn 0.0 -0.0 1.0
vn 0.0 0.0 1.0
vn 0.0 -0.0 1.0
vn 0.0 0.0 1.0
vn 0.0 0.0 1.0
vn 0.0 -0.0 1.0
vn 0.0 -0.0 1.0
vn 0.0 0.0 1.0
vn 0.0 -0.0 1.0
vn 0.0 0.0 1.0
vn 0.0 -0.0 1.0
vn 0.0 0.0 1.0
vn 0.0 -0.0 1.0
vn 0.0 0.0 1.0
vn 0.0 -0.0 1.0
vn 0.0 0.0 1.0
vn 0.0 -0.0 1.0
vn 0.0 0.0 1.0
vn 0.0 -0.0 1.0
vn 0.0 0.0 1.0
vn 0.0 0.0 1.0
vn 0.0 0.0 1.0
vn 0.0 0.0 1.0
vn 0.0 0.0 1.0
vn 0.0 0.0 1.0
vn 0.0 0.0 1.0
vn 0.0 0.0 1.0
vn 0.0 0.0 1.0
vn 0.0 0.0 1.0
vn 0.0 0.0 1.0
vn 0.0 0.0 1.0
vn 0.0 0.0 1.0
vn 0.0 0.0 1.0
vn 0.0 0.0 1.0
vn 0.0 0.0 1.0
vn 0.0 0.0 1.0
vn 0.0 0.0 1.0
vn 0.0 0.0 1.0
vn 0.0 0.0 1.0
vn 0.0 0.0 1.0
vn 0.0 0.0 1.0
vn 0.0 0.0 1.0
vn 0.0 0.0 1.0
vn 0.0 0.0 1.0
vn 0.0 0.0 1.0
vn 0.0 0.0 1.0
vn 0.0 0.0 1.0
vn 0.0 0.0 1.0
vn 0.0 0.0 1.0
vn 0.0 0.0 1.0
vn 0.0 0.0 1.0
vn 0.0 0.0 1.0
vn 0.0 0.0 1.0
vn 0.0 0.0 1.0
vn 0.0 0.0 1.0
vn 0.0 0.0 1.0
vn 0.0 0.0 1.0
vn 0.0 0.0 1.0
vn 0.0 0.0 1.0
vn 0.0 0.0 1.0
vn 0.0 0.0 1.0
vn 0.0 0.0 1.0
vn 0.0 0.0 1.0
vn 0.0 0.0 1.0
vn 0.0 0.0 1.0
vn 0.0 0.0 1.0
vn 0.0 0.0 1.0
vn 0.0 0.0 1.0
vn 0.0 0.0 1.0
vn 0.0 0.0 1.0
vn 0.0 0.0 1.0
vn 0.0 0.0 1.0
vn 0.0 0.0 1.0
vn 0.0 0.0 1.0
vn 0.0 0.0 1.0
vn 0.0 0.0 1.0
vn 0.0 0.0 1.0
vn 0.0 0.0 1.0
vn 0.0 0.0 1.0
vn 0.0 0.0 1.0
vn 0.0 0.0 1.0
vn 0.0 0.0 1.0
vn 0.0 -0.0 1.0
vn 0.0 0.0 1.0
vn 0.0 -0.0 1.0
vn 0.0 0.0 1.0
vn 0.0 -0.0 1.0
vn 0.0 0.0 1.0
vn 0.0 0.0 1.0
vn 0.0 -0.0 1.0
vn 0.0 0.0 1.0
vn 0.0 0.0 1.0
vn 0.0 -0.0 1.0
vn 0.0 0.0 1.0
vn 0.0 -0.0 1.0
vn 0.0 0.0 1.0
vn 0.0 -0.0 1.0
vn 0.0 -0.0 1.0
vn 0.0 -0.0 1.0
vn 0.0 0.0 1.0
vn 0.0 -0.0 1.0
vn 0.0 -0.0 1.0
vn 0.0 0.0 -1.0
vn 0.0 0.0 -1.0
vn 0.0 -0.0 -1.0
vn 0.0 0.0 -1.0
vn 0.0 0.0 -1.0
vn 0.0 0.0 -1.0
vn 0.0 -0.0 -1.0
vn 0.0 0.0 -1.0
vn 0.0 -0.0 -1.0
vn 0.0 -0.0 -1.0
vn 0.0 0.0 -1.0
vn 0.0 -0.0 -1.0
vn 0.0 -0.0 -1.0
vn 0.0 0.0 -1.0
vn 0.0 -0.0 -1.0
vn 0.0 0.0 -1.0
vn 0.0 -0.0 -1.0
vn 0.0 0.0 -1.0
vn 0.0 -0.0 -1.0
vn 0.0 0.0 -1.0
vn 0.0 -0.0 -1.0
vn 0.0 -0.0 -1.0
vn -0.0 0.0 -1.0
vn 0.0 0.0 -1.0
vn -0.0 0.0 -1.0
vn 0.0 0.0 -1.0
vn -0.0 0.0 -1.0
vn 0.0 0.0 -1.0
vn -0.0 0.0 -1.0
vn 0.0 0.0 -1.0
vn -0.0 0.0 -1.0
vn 0.0 0.0 -1.0
vn -0.0 0.0 -1.0
vn 0.0 0.0 -1.0
vn -0.0 0.0 -1.0
vn 0.0 0.0 -1.0
vn -0.0 0.0 -1.0
vn 0.0 0.0 -1.0
vn -0.0 0.0 -1.0
vn 0.0 0.0 -1.0
vn -0.0 0.0 -1.0
vn 0.0 0.0 -1.0
vn -0.0 0.0 -1.0
vn 0.0 0.0 -1.0
vn -0.0 0.0 -1.0
vn 0.0 0.0 -1.0
vn -0.0 0.0 -1.0
vn 0.0 0.0 -1.0
vn -0.0 0.0 -1.0
vn 0.0 0.0 -1.0
vn -0.0 0.0 -1.0
vn 0.0 0.0 -1.0
vn -0.0 -0.0 -1.0
vn 0.0 0.0 -1.0
vn -0.0 0.0 -1.0
vn 0.0 0.0 -1.0
vn -0.0 0.0 -1.0
vn 0.0 0.0 -1.0
vn -0.0 0.0 -1.0
vn 0.0 0.0 -1.0
vn -0.0 0.0 -1.0
vn 0.0 0.0 -1.0
vn -0.0 0.0 -1.0
vn 0.0 0.0 -1.0
vn -0.0 0.0 -1.0
vn 0.0 0.0 -1.0
vn -0.0 0.0 -1.0
vn 0.0 0.0 -1.0
vn -0.0 0.0 -1.0
vn 0.0 0.0 -1.0
vn -0.0 0.0 -1.0
vn 0.0 0.0 -1.0
vn -0.0 0.0 -1.0
vn 0.0 0.0 -1.0
vn -0.0 0.0 -1.0
vn 0.0 0.0 -1.0
vn -0.0 0.0 -1.0
vn 0.0 0.0 -1.0
vn -0.0 0.0 -1.0
vn 0.0 0.0 -1.0
vn -0.0 0.0 -1.0
vn 0.0 0.0 -1.0
vn 0.0 -0.0 -1.0
vn 0.0 0.0 -1.0
vn 0.0 -0.0 -1.0
vn 0.0 0.0 -1.0
vn 0.0 -0.0 -1.0
vn 0.0 0.0 -1.0
vn 0.0 -0.0 -1.0
vn 0.0 0.0 -1.0
vn 0.0 -0.0 -1.0
vn 0.0 0.0 -1.0
vn 0.0 -0.0 -1.0
vn 0.0 0.0 -1.0
vn 0.0 0.0 -1.0
vn 0.0 -0.0 -1.0
vn 0.0 -0.0 -1.0
vn 0.0 0.0 -1.0
vn 0.0 -0.0 -1.0
vn 0.0 0.0 -1.0
vn 0.0 -0.0 -1.0
vn 0.0 0.0 -1.0
vn 0.0 -0.0 -1.0
vn 0.0 0.0 -1.0
vn 0.0 -0.0 -1.0
vn 0.0 0.0 -1.0
vn 0.0 -0.0 -1.0
vn 0.0 0.0 -1.0
vn 0.0 -0.0 -1.0
vn 0.0 0.0 -1.0
vn -0.0 0.0 -1.0
vn 0.0 0.0 -1.0
vn -0.0 0.0 -1.0
vn 0.0 0.0 -1.0
vn -0.0 0.0 -1.0
vn 0.0 0.0 -1.0
vn -0.0 0.0 -1.0
vn 0.0 0.0 -1.0
vn -0.0 0.0 -1.0
vn 0.0 0.0 -1.0
vn -0.0 0.0 -1.0
vn 0.0 0.0 -1.0
vn -0.0 0.0 -1.0
vn 0.0 0.0 -1.0
vn -0.0 0.0 -1.0
vn 0.0 0.0 -1.0
vn -0.0 0.0 -1.0
vn 0.0 0.0 -1.0
vn -0.0 0.0 -1.0
vn 0.0 0.0 -1.0
vn -0.0 0.0 -1.0
vn 0.0 0.0 -1.0
vn -0.0 0.0 -1.0
vn 0.0 0.0 -1.0
vn -0.0 0.0 -1.0
vn 0.0 0.0 -1.0
vn -0.0 0.0 -1.0
vn 0.0 0.0 -1.0
vn 0.0 0.0 -1.0
vn -0.0 0.0 -1.0
vn -0.0 0.0 -1.0
vn 0.0 0.0 -1.0
vn -0.0 0.0 -1.0
vn 0.0 0.0 -1.0
vn -0.0 0.0 -1.0
vn 0.0 0.0 -1.0
vn -0.0 0.0 -1.0
vn 0.0 0.0 -1.0
vn -0.0 0.0 -1.0
vn 0.0 0.0 -1.0
vn -0.0 0.0 -1.0
vn 0.0 0.0 -1.0
vn -0.0 0.0 -1.0
vn 0.0 0.0 -1.0
vn -0.0 0.0 -1.0
vn 0.0 0.0 -1.0
vn -0.0 0.0 -1.0
vn 0.0 0.0 -1.0
vn -0.0 0.0 -1.0
vn 0.0 0.0 -1.0
vn -0.0 0.0 -1.0
vn 0.0 0.0 -1.0
vn -0.0 0.0 -1.0
vn 0.0 0.0 -1.0
vn -0.0 0.0 -1.0
vn 0.0 0.0 -1.0
vn -0.0 0.0 -1.0
vn 0.0 0.0 -1.0
vn -0.0 0.0 -1.0
vn 0.0 0.0 -1.0
vn 0.0 0.0 -1.0
vn 0.0 0.0 -1.0
vn 0.0 -0.0 -1.0
vn 0.0 0.0 -1.0
vn 0.0 -0.0 -1.0
vn 0.0 0.0 -1.0
vn 0.0 -0.0 -1.0
vn 0.0 0.0 -1.0
vn 0.0 0.0 -1.0
vn 0.0 -0.0 -1.0
vn 0.0 0.0 -1.0
vn 0.0 0.0 -1.0
vn 0.0 -0.0 -1.0
vn 0.0 0.0 -1.0
vn 0.0 -0.0 -1.0
vn 0.0 0.0 -1.0
vn 0.0 -0.0 -1.0
vn 0.0 -0.0 -1.0
vn 0.0 -0.0 -1.0
vn 0.0 0.0 -1.0
vn 0.0 -0.0 -1.0
vn 0.0 -0.0 -1.0
vn 0.227101 0.973871 0.0
vn 0.227101 0.973871 -0.0
vn 0.290246 -0.956952 0.0
vn 0.290246 -0.956952 0.0
vn 0.995181 0.098056 0.0
vn 0.995181 0.098056 -0.0
vn 0.999466 0.032686 0.0
vn 0.999466 0.032686 -0.0
vn 0.986643 -0.162899 0.0
vn 0.986643 -0.162899 0.0
vn 0.634394 0.77301 0.0
vn 0.634394 0.77301 -0.0
vn 0.471396 0.881922 0.0
vn 0.471396 0.881922 -0.0
vn 0.582497 0.812833 0.0
vn 0.582497 0.812833 -0.0
vn 0.956952 -0.290246 0.0
vn 0.956952 -0.290246 0.0
vn 0.77301 -0.634394 0.0
vn 0.77301 -0.634394 0.0
vn -0.729821 0.683638 0.0
vn -0.729821 0.683638 0.0
vn 0.290246 0.956952 0.0
vn 0.290246 0.956952 -0.0
vn 0.935915 0.352225 0.0
vn 0.935915 0.352225 -0.0
vn 0.098056 -0.995181 0.0
vn 0.098056 -0.995181 0.0
vn -0.412707 0.910864 0.0
vn -0.412707 0.910864 0.0
vn 0.973871 -0.227101 0.0
vn 0.973871 -0.227101 0.0
vn 0.227101 -0.973871 0.0
vn 0.227101 -0.973871 0.0
vn -0.162899 -0.986643 -0.0
vn -0.162899 -0.986643 0.0
vn 0.683638 0.729821 0.0
vn 0.683638 0.729821 -0.0
vn 0.471396 -0.881922 0.0
vn 0.471396 -0.881922 0.0
vn -0.471396 -0.881922 -0.0
vn -0.471396 -0.881922 0.0
vn 0.910864 -0.412707 0.0
vn 0.910864 -0.412707 0.0
vn 0.999466 -0.032686 0.0
vn 0.999466 -0.032686 0.0
vn -0.290246 0.956952 0.0
vn -0.290246 0.956952 0.0
vn 0.162899 0.986643 0.0
vn 0.162899 0.986643 -0.0
vn 0.729821 -0.683638 0.0
vn 0.729821 -0.683638 0.0
vn 0.352225 0.935915 0.0
vn 0.352225 0.935915 -0.0
vn -0.634394 0.77301 0.0
vn -0.634394 0.77301 0.0
vn 0.412707 -0.910864 0.0
vn 0.412707 -0.910864 0.0
vn -0.162899 0.986643 0.0
vn -0.162899 0.986643 0.0
vn -0.999466 -0.032686 0.0
vn -0.999466 -0.032686 -0.0
vn 0.098056 0.995181 0.0
vn 0.098056 0.995181 -0.0
vn 0.528066 0.849203 0.0
vn 0.528066 0.849203 -0.0
vn 0.032686 0.999466 0.0
vn 0.032686 0.999466 -0.0
vn 0.956952 0.290246 0.0
vn 0.956952 0.290246 -0.0
vn 0.812833 0.582497 0.0
vn 0.812833 0.582497 -0.0
vn -0.528066 0.849203 0.0
vn -0.528066 0.849203 0.0
vn -0.290246 -0.956952 -0.0
vn -0.290246 -0.956952 0.0
vn -0.471396 0.881922 0.0
vn -0.471396 0.881922 0.0
vn -0.683638 -0.729821 -0.0
vn -0.683638 -0.729821 0.0
vn -0.935915 0.352225 0.0
vn -0.935915 0.352225 0.0
vn -0.956952 -0.290246 0.0
vn -0.956952 -0.290246 -0.0
vn -0.582497 -0.812833 -0.0
vn -0.582497 -0.812833 0.0
vn -0.77301 -0.634394 0.0
vn -0.77301 -0.634394 -0.0
vn -0.956952 0.290246 0.0
vn -0.956952 0.290246 0.0
vn 0.162899 -0.986643 0.0
vn 0.162899 -0.986643 0.0
vn -0.098056 0.995181 0.0
vn -0.098056 0.995181 0.0
vn -0.986643 0.162899 0.0
vn -0.986643 0.162899 0.0
vn -0.634394 -0.77301 -0.0
vn -0.634394 -0.77301 0.0
vn -0.910864 -0.412707 0.0
vn -0.910864 -0.412707 -0.0
vn -0.032686 0.999466 0.0
vn -0.032686 0.999466 0.0
vn 0.910864 0.412707 0.0
vn 0.910864 0.412707 -0.0
vn 0.77301 0.634394 0.0
vn 0.77301 0.634394 -0.0
vn 0.881922 0.471396 0.0
vn 0.881922 0.471396 -0.0
vn -0.812833 0.582497 0.0
vn -0.812833 0.582497 0.0
vn 0.973871 0.227101 0.0
vn 0.973871 0.227101 -0.0
vn -0.910864 0.412707 0.0
vn -0.910864 0.412707 0.0
vn 0.729821 0.683638 0.0
vn 0.729821 0.683638 -0.0
vn -0.683638 0.729821 0.0
vn -0.683638 0.729821 0.0
vn -0.227101 -0.973871 -0.0
vn -0.227101 -0.973871 0.0
vn 0.935915 -0.352225 0.0
vn 0.935915 -0.352225 0.0
vn 0.634394 -0.77301 0.0
vn 0.634394 -0.77301 0.0
vn 0.995181 -0.098056 0.0
vn 0.995181 -0.098056 0.0
vn -0.227101 0.973871 0.0
vn -0.227101 0.973871 0.0
vn -0.881922 0.471396 0.0
vn -0.881922 0.471396 0.0
vn 0.849203 0.528066 0.0
vn 0.849203 0.528066 -0.0
vn -0.849203 -0.528066 0.0
vn -0.849203 -0.528066 -0.0
vn -0.77301 0.634394 0.0
vn -0.77301 0.634394 0.0
vn 0.412707 0.910864 0.0
vn 0.412707 0.910864 -0.0
vn 0.812833 -0.582497 0.0
vn 0.812833 -0.582497 0.0
vn 0.352225 -0.935915 0.0
vn 0.352225 -0.935915 0.0
vn 0.032686 -0.999466 0.0
vn 0.032686 -0.999466 0.0
vn -0.973871 -0.227101 0.0
vn -0.973871 -0.227101 -0.0
vn -0.582497 0.812833 0.0
vn -0.582497 0.812833 0.0
vn -0.935915 -0.352225 0.0
vn -0.935915 -0.352225 -0.0
vn 0.986643 0.162899 0.0
vn 0.986643 0.162899 -0.0
vn -0.352225 0.935915 0.0
vn -0.352225 0.935915 0.0
vn -0.812833 -0.582497 0.0
vn -0.812833 -0.582497 -0.0
vn -0.352225 -0.935915 -0.0
vn -0.352225 -0.935915 0.0
vn 0.582497 -0.812833 0.0
vn 0.582497 -0.812833 0.0
vn -0.995181 0.098056 0.0
vn -0.995181 0.098056 0.0
vn -0.999466 0.032686 0.0
vn -0.999466 0.032686 0.0
vn -0.032686 -0.999466 -0.0
vn -0.032686 -0.999466 0.0
vn 0.683638 -0.729821 0.0
vn 0.683638 -0.729821 0.0
vn 0.881922 -0.471396 0.0
vn 0.881922 -0.471396 0.0
vn -0.973871 0.227101 0.0
vn -0.973871 0.227101 0.0
vn 0.849203 -0.528066 0.0
vn 0.849203 -0.528066 0.0
vn 0.528066 -0.849203 0.0
vn 0.528066 -0.849203 0.0
vn -0.729821 -0.683638 0.0
vn -0.729821 -0.683638 -0.0
vn -0.849203 0.528066 0.0
vn -0.849203 0.528066 0.0
vn -0.098056 -0.995181 -0.0
vn -0.098056 -0.995181 0.0
vn -0.986643 -0.162899 0.0
vn -0.986643 -0.162899 -0.0
vn -0.995181 -0.098056 0.0
vn -0.995181 -0.098056 -0.0
vn -0.528066 -0.849203 -0.0
vn -0.528066 -0.849203 0.0
vn -0.412707 -0.910864 -0.0
vn -0.412707 -0.910864 0.0
vn -0.881922 -0.471396 0.0
vn -0.881922 -0.471396 -0.0
vn -0.290295 -0.956937 -0.0
vn -0.290295 -0.956937 0.0
vn -0.995185 -0.098019 0.0
vn -0.995185 -0.098019 -0.0
vn 0.849198 -0.528075 0.0
vn 0.849198 -0.528075 0.0
vn 0.582471 -0.812851 0.0
vn 0.582471 -0.812851 0.0
vn -0.352248 -0.935907 -0.0
vn -0.352248 -0.935907 0.0
vn 0.47139 -0.881925 0.0
vn 0.47139 -0.881925 0.0
vn 0.773013 0.63439 0.0
vn 0.773013 0.63439 -0.0
vn 0.910867 -0.4127 0.0
vn 0.910867 -0.4127 0.0
vn -0.032747 0.999464 0.0
vn -0.032747 0.999464 0.0
vn -0.812851 0.582471 0.0
vn -0.812851 0.582471 0.0
vn -0.4127 -0.910867 -0.0
vn -0.4127 -0.910867 0.0
vn 0.290295 -0.956937 0.0
vn 0.290295 -0.956937 0.0
vn -0.986649 -0.16286 0.0
vn -0.986649 -0.16286 -0.0
vn -0.032747 -0.999464 -0.0
vn -0.032747 -0.999464 0.0
vn 0.956937 0.290295 0.0
vn 0.956937 0.290295 -0.0
vn -0.773013 -0.63439 0.0
vn -0.773013 -0.63439 -0.0
vn 0.683587 0.729869 0.0
vn 0.683587 0.729869 -0.0
vn -0.881925 0.47139 0.0
vn -0.881925 0.47139 0.0
vn 0.4127 0.910867 0.0
vn 0.4127 0.910867 -0.0
vn 0.63439 -0.773013 0.0
vn 0.63439 -0.773013 0.0
vn -0.352248 0.935907 0.0
vn -0.352248 0.935907 0.0
vn 0.986649 0.16286 0.0
vn 0.986649 0.16286 -0.0
vn 0.683587 -0.729869 0.0
vn 0.683587 -0.729869 0.0
vn 0.4127 -0.910867 0.0
vn 0.4127 -0.910867 0.0
vn 0.098019 0.995185 0.0
vn 0.098019 0.995185 -0.0
vn -0.098019 0.995185 0.0
vn -0.098019 0.995185 0.0
vn -0.973873 -0.227094 0.0
vn -0.973873 -0.227094 -0.0
vn -0.773013 0.63439 0.0
vn -0.773013 0.63439 0.0
vn 0.881925 -0.47139 0.0
vn 0.881925 -0.47139 0.0
vn -0.999464 -0.032747 0.0
vn -0.999464 -0.032747 -0.0
vn 0.528075 0.849198 0.0
vn 0.528075 0.849198 -0.0
vn 0.973873 -0.227094 0.0
vn 0.973873 -0.227094 0.0
vn 0.956937 -0.290295 0.0
vn 0.956937 -0.290295 0.0
vn 0.352248 -0.935907 0.0
vn 0.352248 -0.935907 0.0
vn 0.999464 -0.032747 0.0
vn 0.999464 -0.032747 0.0
vn 0.995185 0.098019 0.0
vn 0.995185 0.098019 -0.0
vn 0.812851 0.582471 0.0
vn 0.812851 0.582471 -0.0
vn -0.910867 -0.4127 0.0
vn -0.910867 -0.4127 -0.0
vn 0.227094 -0.973873 0.0
vn 0.227094 -0.973873 0.0
vn -0.986649 0.16286 0.0
vn -0.986649 0.16286 0.0
vn 0.935907 -0.352248 0.0
vn 0.935907 -0.352248 0.0
vn 0.729869 0.683587 0.0
vn 0.729869 0.683587 -0.0
vn -0.956937 0.290295 0.0
vn -0.956937 0.290295 0.0
vn -0.812851 -0.582471 0.0
vn -0.812851 -0.582471 -0.0
vn 0.812851 -0.582471 0.0
vn 0.812851 -0.582471 0.0
vn -0.582471 0.812851 0.0
vn -0.582471 0.812851 0.0
vn -0.995185 0.098019 0.0
vn -0.995185 0.098019 0.0
vn -0.63439 0.773013 0.0
vn -0.63439 0.773013 0.0
vn -0.999464 0.032747 0.0
vn -0.999464 0.032747 0.0
vn -0.290295 0.956937 0.0
vn -0.290295 0.956937 0.0
vn -0.582471 -0.812851 -0.0
vn -0.582471 -0.812851 0.0
vn -0.849198 -0.528075 0.0
vn -0.849198 -0.528075 -0.0
vn 0.973873 0.227094 0.0
vn 0.973873 0.227094 -0.0
vn -0.935907 -0.352248 0.0
vn -0.935907 -0.352248 -0.0
vn -0.528075 -0.849198 -0.0
vn -0.528075 -0.849198 0.0
vn -0.47139 0.881925 0.0
vn -0.47139 0.881925 0.0
vn 0.032747 -0.999464 0.0
vn 0.032747 -0.999464 0.0
vn -0.528075 0.849198 0.0
vn -0.528075 0.849198 0.0
vn 0.995185 -0.098019 0.0
vn 0.995185 -0.098019 0.0
vn 0.0 0.0 1.0
vn 0.0 0.0 1.0
vn 0.0 0.0 1.0
vn 0.0 0.0 1.0
vn 0.0 0.0 1.0
vn 0.0 0.0 1.0
vn 0.0 0.0 1.0
vn 0.0 0.0 1.0
vn 0.0 0.0 1.0
vn 0.0 0.0 1.0
vn 0.0 0.0 1.0
vn 0.0 0.0 1.0
vn 0.0 0.0 1.0
vn 0.0 0.0 1.0
vn 0.0 0.0 1.0
vn 0.0 0.0 1.0
vn 0.0 0.0 1.0
vn 0.0 0.0 1.0
vn 0.0 0.0 1.0
vn 0.0 0.0 1.0
vn 0.0 0.0 1.0
vn 0.0 0.0 1.0
vn 0.0 0.0 1.0
vn 0.0 0.0 1.0
vn 0.0 0.0 1.0
vn 0.0 0.0 1.0
vn 0.0 0.0 1.0
vn 0.0 0.0 1.0
vn 0.0 0.0 1.0
vn 0.0 0.0 1.0
vn 0.0 0.0 1.0
vn 0.0 0.0 1.0
vn 0.0 0.0 1.0
vn 0.0 0.0 1.0
vn 0.0 0.0 1.0
vn 0.0 0.0 1.0
vn 0.0 0.0 1.0
vn 0.0 0.0 1.0
vn 0.0 0.0 1.0
vn 0.0 0.0 1.0
vn 0.0 0.0 1.0
vn 0.0 0.0 1.0
vn 0.0 0.0 1.0
vn 0.0 0.0 1.0
vn 0.0 0.0 1.0
vn 0.0 0.0 1.0
vn 0.0 0.0 1.0
vn 0.0 0.0 1.0
vn 0.0 0.0 1.0
vn 0.0 0.0 1.0
vn 0.0 0.0 1.0
vn 0.0 0.0 1.0
vn 0.0 0.0 1.0
vn 0.0 0.0 1.0
vn 0.0 0.0 1.0
vn 0.0 0.0 1.0
vn 0.0 0.0 1.0
vn 0.0 0.0 1.0
vn 0.0 0.0 1.0
vn 0.0 0.0 1.0
vn 0.0 0.0 1.0
vn 0.0 0.0 1.0
vn 0.0 0.0 1.0
vn 0.0 0.0 1.0
vn 0.0 0.0 1.0
vn 0.0 0.0 1.0
vn 0.0 0.0 1.0
vn 0.0 0.0 1.0
vn 0.0 0.0 1.0
vn 0.0 0.0 1.0
vn 0.0 0.0 1.0
vn 0.0 0.0 1.0
vn 0.0 0.0 1.0
vn 0.0 0.0 1.0
vn 0.0 0.0 1.0
vn 0.0 0.0 1.0
vn 0.0 0.0 1.0
vn 0.0 0.0 1.0
vn 0.0 0.0 1.0
vn 0.0 0.0 1.0
vn 0.0 0.0 1.0
vn 0.0 0.0 1.0
vn 0.0 0.0 1.0
vn 0.0 0.0 1.0
vn 0.0 0.0 1.0
vn 0.0 0.0 1.0
vn 0.0 0.0 1.0
vn 0.0 0.0 1.0
vn 0.0 0.0 1.0
vn 0.0 0.0 1.0
vn 0.0 0.0 1.0
vn 0.0 0.0 1.0
vn 0.0 0.0 1.0
vn -0.0 0.0 1.0
vn -0.63439 -0.773013 -0.0
vn -0.63439 -0.773013 0.0
vn -0.16286 0.986649 0.0
vn -0.16286 0.986649 0.0
vn -0.729869 -0.683587 0.0
vn -0.729869 -0.683587 -0.0
vn 0.729869 -0.683587 0.0
vn 0.729869 -0.683587 0.0
vn 0.528075 -0.849198 0.0
vn 0.528075 -0.849198 0.0
vn 0.582471 0.812851 0.0
vn 0.582471 0.812851 -0.0
vn -0.849198 0.528075 0.0
vn -0.849198 0.528075 0.0
vn -0.973873 0.227094 0.0
vn -0.973873 0.227094 0.0
vn -0.881925 -0.47139 0.0
vn -0.881925 -0.47139 -0.0
vn 0.290295 0.956937 0.0
vn 0.290295 0.956937 -0.0
vn -0.4127 0.910867 0.0
vn -0.4127 0.910867 0.0
vn -0.956937 -0.290295 0.0
vn -0.956937 -0.290295 -0.0
vn 0.16286 -0.986649 0.0
vn 0.16286 -0.986649 0.0
vn -0.098019 -0.995185 -0.0
vn -0.098019 -0.995185 0.0
vn -0.683587 -0.729869 -0.0
vn -0.683587 -0.729869 0.0
vn 0.098019 -0.995185 0.0
vn 0.098019 -0.995185 0.0
vn 0.935907 0.352248 0.0
vn 0.935907 0.352248 -0.0
vn 0.032747 0.999464 0.0
vn 0.032747 0.999464 -0.0
vn -0.910867 0.4127 0.0
vn -0.910867 0.4127 0.0
vn 0.773013 -0.63439 0.0
vn 0.773013 -0.63439 0.0
vn -0.683587 0.729869 0.0
vn -0.683587 0.729869 0.0
vn -0.227094 -0.973873 -0.0
vn -0.227094 -0.973873 0.0
vn 0.910867 0.4127 0.0
vn 0.910867 0.4127 -0.0
vn 0.986649 -0.16286 0.0
vn 0.986649 -0.16286 0.0
vn 0.16286 0.986649 0.0
vn 0.16286 0.986649 -0.0
vn 0.849198 0.528075 0.0
vn 0.849198 0.528075 -0.0
vn -0.227094 0.973873 0.0
vn -0.227094 0.973873 0.0
vn 0.999464 0.032747 0.0
vn 0.999464 0.032747 -0.0
vn -0.16286 -0.986649 -0.0
vn -0.16286 -0.986649 0.0
vn 0.352248 0.935907 0.0
vn 0.352248 0.935907 -0.0
vn 0.47139 0.881925 0.0
vn 0.47139 0.881925 -0.0
vn 0.63439 0.773013 0.0
vn 0.63439 0.773013 -0.0
vn -0.47139 -0.881925 -0.0
vn -0.47139 -0.881925 0.0
vn -0.935907 0.352248 0.0
vn -0.935907 0.352248 0.0
vn 0.227094 0.973873 0.0
vn 0.227094 0.973873 -0.0
vn -0.729869 0.683587 0.0
vn -0.729869 0.683587 0.0
vn 0.881925 0.47139 0.0
vn 0.881925 0.47139 -0.0
f 1611//1 1514//1 1510//1 
f 1353//2 1373//2 1290//2 
f 1194//3 1246//3 1149//3 
f 2325//4 2418//4 2317//4 
f 2477//5 2471//5 2388//5 
f 1658//6 1657//6 1555//6 
f 1554//7 1555//7 1657//7 
f 1434//8 1411//8 1351//8 
f 3250//9 3279//9 3249//9 
f 3278//10 3249//10 3279//10 
f 2837//11 2870//11 2807//11 
f 716//12 720//12 681//12 
f 3092//13 3070//13 3039//13 
f 2776//14 2829//14 2744//14 
f 2539//15 2576//15 2501//15 
f 1938//16 2108//16 1937//16 
f 2587//17 2619//17 2536//17 
f 2070//18 2076//18 1945//18 
f 2936//19 2991//19 2933//19 
f 3171//20 3156//20 3146//20 
f 3284//21 3282//21 3257//21 
f 942//22 969//22 924//22 
f 3232//23 3229//23 3194//23 
f 2762//24 2758//24 2669//24 
f 2589//25 2593//25 2510//25 
f 773//26 806//26 769//26 
f 2439//27 2354//27 2352//27 
f 2321//28 2268//28 2240//28 
f 2380//29 2310//29 2295//29 
f 2411//30 2366//30 2328//30 
f 1821//31 1835//31 1803//31 
f 2539//32 2501//32 2493//32 
f 2738//33 2774//33 2673//33 
f 1802//34 1770//34 1732//34 
f 1268//35 1343//35 1266//35 
f 2530//36 2527//36 2440//36 
f 3201//37 3172//37 3168//37 
f 2764//38 2763//38 2831//38 
f 2830//39 2831//39 2763//39 
f 3183//40 3192//40 3171//40 
f 2905//41 2901//41 2846//41 
f 2929//42 2919//42 2868//42 
f 2923//43 2964//43 2904//43 
f 1403//44 1355//44 1322//44 
f 617//45 608//45 618//45 
f 609//46 618//46 608//46 
f 867//47 848//47 828//47 
f 1220//48 1256//48 1173//48 
f 612//49 625//49 610//49 
f 652//50 665//50 650//50 
f 898//51 913//51 878//51 
f 2522//52 2439//52 2437//52 
f 1203//53 1268//53 1201//53 
f 1147//54 1143//54 1076//54 
f 1671//55 1784//55 1667//55 
f 1726//56 1768//56 1703//56 
f 3186//57 3211//57 3180//57 
f 866//58 854//58 827//58 
f 1004//59 1053//59 996//59 
f 2267//60 2320//60 2239//60 
f 2458//61 2456//61 2416//61 
f 2816//62 2777//62 2733//62 
f 2892//63 2864//63 2843//63 
f 2781//64 2735//64 2729//64 
f 1643//65 1627//65 1568//65 
f 2203//66 2207//66 2098//66 
f 2877//67 2830//67 2826//67 
f 924//68 912//68 883//68 
f 2807//69 2817//69 2778//69 
f 1040//70 1061//70 1022//70 
f 925//71 892//71 864//71 
f 1617//72 1520//72 1514//72 
f 951//73 949//73 906//73 
f 1180//74 1205//74 1138//74 
f 1626//75 1545//75 1529//75 
f 2523//76 2594//76 2519//76 
f 3063//77 3028//77 3022//77 
f 2203//78 2098//78 2094//78 
f 2338//79 2346//79 2241//79 
f 2665//80 2659//80 2590//80 
f 2874//81 2868//81 2819//81 
f 3117//82 3130//82 3101//82 
f 3141//83 3166//83 3120//83 
f 3027//84 2986//84 2968//84 
f 2872//85 2859//85 2809//85 
f 3105//86 3140//86 3103//86 
f 3144//87 3121//87 3119//87 
f 3099//88 3074//88 3047//88 
f 3015//89 2988//89 2974//89 
f 1474//90 1391//90 1387//90 
f 1310//91 1249//91 1233//91 
f 831//92 874//92 832//92 
f 875//93 832//93 874//93 
f 785//94 756//94 745//94 
f 855//95 828//95 820//95 
f 716//96 681//96 678//96 
f 1779//97 1783//97 1664//97 
f 1051//98 1073//98 1006//98 
f 667//99 693//99 658//99 
f 904//100 900//100 853//100 
f 1039//101 1005//101 992//101 
f 1224//102 1246//102 1194//102 
f 2116//103 2122//103 1935//103 
f 2605//104 2528//104 2526//104 
f 3042//105 2999//105 2979//105 
f 2374//106 2415//106 2330//106 
f 2344//107 2364//107 2271//107 
f 3049//108 3053//108 3004//108 
f 2411//109 2441//109 2396//109 
f 1045//110 1017//110 999//110 
f 1115//111 1062//111 1058//111 
f 1151//112 1240//112 1147//112 
f 1600//113 1586//113 1518//113 
f 1673//114 1738//114 1649//114 
f 1544//115 1625//115 1528//115 
f 2535//116 2486//116 2456//116 
f 2870//117 2888//117 2849//117 
f 2954//118 2924//118 2920//118 
f 2944//119 2963//119 2903//119 
f 2983//120 2987//120 2954//120 
f 2263//121 2342//121 2247//121 
f 3209//122 3191//122 3170//122 
f 3216//123 3207//123 3182//123 
f 1624//124 1581//124 1543//124 
f 1069//125 1044//125 1030//125 
f 1030//126 998//126 963//126 
f 940//127 914//127 879//127 
f 2855//128 2821//128 2817//128 
f 2572//129 2539//129 2493//129 
f 1973//130 2117//130 1972//130 
f 1338//131 1371//131 1334//131 
f 2853//132 2815//132 2782//132 
f 2817//133 2821//133 2784//133 
f 1345//134 1288//134 1278//134 
f 959//135 985//135 922//135 
f 1290//136 1274//136 1247//136 
f 1674//137 1688//137 1628//137 
f 1247//138 1225//138 1195//138 
f 2272//139 2260//139 2171//139 
f 1140//140 1223//140 1130//140 
f 1182//141 1168//141 1099//141 
f 1065//142 1081//142 1014//142 
f 1482//143 1436//143 1407//143 
f 2352//144 2354//144 2251//144 
f 3028//145 3032//145 2989//145 
f 3033//146 2990//146 3032//146 
f 2989//147 3032//147 2990//147 
f 3298//148 3283//148 3263//148 
f 3299//149 3306//149 3297//149 
f 1077//150 1076//150 1144//150 
f 1143//151 1144//151 1076//151 
f 2098//152 2104//152 1939//152 
f 1287//153 1277//153 1232//153 
f 2451//154 2465//154 2380//154 
f 2231//155 2237//155 2122//155 
f 2631//156 2648//156 2564//156 
f 2353//157 2440//157 2351//157 
f 3158//158 3171//158 3146//158 
f 3086//159 3068//159 3051//159 
f 2923//160 2904//160 2872//160 
f 2868//161 2862//161 2801//161 
f 2933//162 2929//162 2874//162 
f 3165//163 3154//163 3125//163 
f 3185//164 3167//164 3144//164 
f 2760//165 2807//165 2715//165 
f 3002//166 3015//166 2974//166 
f 3227//167 3208//167 3185//167 
f 3025//168 3062//168 3002//168 
f 2929//169 2966//169 2919//169 
f 3095//170 3056//170 3053//170 
f 2927//171 2941//171 2890//171 
f 2931//172 2953//172 2892//172 
f 3068//173 3027//173 3011//173 
f 3179//174 3185//174 3163//174 
f 3298//175 3284//175 3283//175 
f 2982//176 2972//176 2933//176 
f 3239//177 3227//177 3214//177 
f 3203//178 3194//178 3169//178 
f 1971//179 2109//179 1970//179 
f 1977//180 1976//180 1779//180 
f 1430//181 1468//181 1417//181 
f 2565//182 2551//182 2482//182 
f 976//183 972//183 917//183 
f 769//184 798//184 759//184 
f 738//185 726//185 717//185 
f 982//186 999//186 956//186 
f 752//187 764//187 739//187 
f 838//188 846//188 805//188 
f 736//189 707//189 737//189 
f 708//190 737//190 707//190 
f 805//191 807//191 770//191 
f 756//192 747//192 731//192 
f 647//193 652//193 627//193 
f 630//194 659//194 631//194 
f 660//195 631//195 659//195 
f 956//196 978//196 939//196 
f 1307//197 1303//197 1240//197 
f 986//198 966//198 929//198 
f 854//199 886//199 845//199 
f 1031//200 1076//200 1025//200 
f 1149//201 1123//201 1072//201 
f 1495//202 1544//202 1481//202 
f 937//203 927//203 880//203 
f 1234//204 1228//204 1143//204 
f 986//205 1013//205 966//205 
f 1473//206 1471//206 1386//206 
f 1344//207 1329//207 1260//207 
f 1329//208 1319//208 1260//208 
f 2421//209 2332//209 2324//209 
f 1663//210 1659//210 1558//210 
f 3022//211 2971//211 2965//211 
f 2806//212 2836//212 2759//212 
f 2235//213 2170//213 2162//213 
f 2676//214 2631//214 2621//214 
f 2696//215 2725//215 2637//215 
f 2635//216 2587//216 2554//216 
f 2463//217 2514//217 2431//217 
f 2370//218 2390//218 2308//218 
f 3157//219 3141//219 3116//219 
f 3164//220 3135//220 3124//220 
f 2084//221 2106//221 2049//221 
f 2069//222 2196//222 2067//222 
f 2209//223 2229//223 2182//223 
f 2162//224 2078//224 2076//224 
f 1476//225 1460//225 1389//225 
f 1860//226 1825//226 1803//226 
f 1625//227 1613//227 1528//227 
f 1701//228 1695//228 1613//228 
f 1738//229 1718//229 1637//229 
f 2223//230 2108//230 2104//230 
f 1175//231 1131//231 1092//231 
f 1435//232 1406//232 1352//232 
f 2106//233 2088//233 2074//233 
f 1732//234 1699//234 1691//234 
f 3017//235 3045//235 2984//235 
f 2849//236 2888//236 2817//236 
f 2925//237 2921//237 2894//237 
f 2079//238 2077//238 1964//238 
f 3024//239 3042//239 2979//239 
f 2836//240 2808//240 2785//240 
f 2374//241 2330//241 2289//241 
f 2969//242 2946//242 2930//242 
f 2341//243 2367//243 2313//243 
f 2847//244 2851//244 2794//244 
f 3178//245 3164//245 3153//245 
f 2710//246 2658//246 2648//246 
f 1280//247 1276//247 1203//247 
f 1370//248 1416//248 1337//248 
f 1312//249 1284//249 1255//249 
f 1270//250 1318//250 1253//250 
f 1446//251 1500//251 1415//251 
f 1448//252 1438//252 1361//252 
f 1225//253 1215//253 1176//253 
f 766//254 743//254 725//254 
f 1361//255 1432//255 1357//255 
f 1000//256 1046//256 983//256 
f 730//257 744//257 719//257 
f 841//258 808//258 794//258 
f 861//259 906//259 857//259 
f 878//260 843//260 823//260 
f 1888//261 1894//261 1860//261 
f 2022//262 2016//262 1959//262 
f 2569//263 2491//263 2490//263 
f 2471//264 2548//264 2461//264 
f 1797//265 1686//265 1682//265 
f 2537//266 2588//266 2507//266 
f 1962//267 1961//267 1868//267 
f 2258//268 2294//268 2218//268 
f 2260//269 2323//269 2236//269 
f 2782//270 2815//270 2772//270 
f 919//271 881//271 876//271 
f 936//272 959//272 922//272 
f 1221//273 1264//273 1180//273 
f 1099//274 1085//274 1046//274 
f 1278//275 1209//275 1199//275 
f 1474//276 1399//276 1391//276 
f 1706//277 1719//277 1626//277 
f 1593//278 1506//278 1492//278 
f 1833//279 1757//279 1747//279 
f 2266//280 2286//280 2230//280 
f 1704//281 1644//281 1628//281 
f 1965//282 1831//282 1823//282 
f 1763//283 1813//283 1743//283 
f 1823//284 1831//284 1747//284 
f 1545//285 1496//285 1482//285 
f 1097//286 1109//286 1042//286 
f 1976//287 1975//287 1785//287 
f 1304//288 1308//288 1241//288 
f 1678//289 1682//289 1585//289 
f 1073//290 1040//290 1006//290 
f 1213//291 1247//291 1150//291 
f 2668//292 2674//292 2605//292 
f 3098//293 3118//293 3091//293 
f 3046//294 3069//294 3038//294 
f 3293//295 3286//295 3261//295 
f 3242//296 3255//296 3226//296 
f 3116//297 3120//297 3096//297 
f 3188//298 3161//298 3160//298 
f 3227//299 3217//299 3208//299 
f 3215//300 3244//300 3211//300 
f 1528//301 1516//301 1443//301 
f 1718//302 1814//302 1705//302 
f 2785//303 2808//303 2725//303 
f 2621//304 2631//304 2564//304 
f 2496//305 2421//305 2417//305 
f 2684//306 2714//306 2662//306 
f 1935//307 2124//307 1934//307 
f 2324//308 2227//308 2223//308 
f 2871//309 2895//309 2828//309 
f 2800//310 2739//310 2731//310 
f 2242//311 2339//311 2238//311 
f 1978//312 1779//312 1776//312 
f 3158//313 3130//313 3117//313 
f 3217//314 3192//314 3183//314 
f 3064//315 3103//315 3055//315 
f 2980//316 3002//316 2964//316 
f 2317//317 2393//317 2311//317 
f 2919//318 2908//318 2868//318 
f 2945//319 2974//319 2917//319 
f 2904//320 2870//320 2837//320 
f 2951//321 2988//321 2925//321 
f 2849//322 2817//322 2807//322 
f 3086//323 3051//323 3031//323 
f 3045//324 3031//324 3008//324 
f 3000//325 2980//325 2943//325 
f 3055//326 3043//326 3000//326 
f 3000//327 3043//327 2980//327 
f 3062//328 3092//328 3039//328 
f 2779//329 2824//329 2769//329 
f 3212//330 3188//330 3187//330 
f 2866//331 2892//331 2843//331 
f 3056//332 3052//332 3005//332 
f 2968//333 2941//333 2927//333 
f 2925//334 2894//334 2888//334 
f 2921//335 2880//335 2853//335 
f 2782//336 2772//336 2730//336 
f 2651//337 2695//337 2618//337 
f 2888//338 2855//338 2817//338 
f 3229//339 3246//339 3214//339 
f 3167//340 3183//340 3142//340 
f 3163//341 3144//341 3119//341 
f 3023//342 3013//342 2966//342 
f 3111//343 3150//343 3110//343 
f 3149//344 3110//344 3150//344 
f 3138//345 3163//345 3119//345 
f 3154//346 3138//346 3107//346 
f 2333//347 2422//347 2325//347 
f 2740//348 2732//348 2665//348 
f 2519//349 2594//349 2511//349 
f 2594//350 2590//350 2511//350 
f 845//351 837//351 804//351 
f 632//352 649//352 617//352 
f 745//353 720//353 716//353 
f 625//354 611//354 610//354 
f 695//355 719//355 680//355 
f 661//356 632//356 662//356 
f 633//357 662//357 632//357 
f 1199//358 1134//358 1120//358 
f 1316//359 1320//359 1245//359 
f 761//360 741//360 736//360 
f 800//361 761//361 801//361 
f 762//362 801//362 761//362 
f 795//363 826//363 787//363 
f 727//364 739//364 718//364 
f 671//365 683//365 654//365 
f 683//366 667//366 654//366 
f 813//367 793//367 789//367 
f 664//368 654//368 649//368 
f 649//369 624//369 617//369 
f 827//370 854//370 819//370 
f 771//371 802//371 755//371 
f 886//372 937//372 880//372 
f 896//373 943//373 886//373 
f 1050//374 1100//374 1037//374 
f 1321//375 1289//375 1273//375 
f 1194//376 1149//376 1102//376 
f 1047//377 1041//377 1001//377 
f 1695//378 1685//378 1598//378 
f 1244//379 1315//379 1240//379 
f 1681//380 1677//380 1584//380 
f 1932//381 1930//381 1778//381 
f 2122//382 2124//382 1935//382 
f 1558//383 1659//383 1556//383 
f 1932//384 2130//384 1930//384 
f 1473//385 1558//385 1471//385 
f 1556//386 1655//386 1552//386 
f 2249//387 2251//387 2130//387 
f 2593//388 2522//388 2518//388 
f 3028//389 2989//389 2981//389 
f 2932//390 2877//390 2873//390 
f 2380//391 2295//391 2283//391 
f 2324//392 2231//392 2227//392 
f 2836//393 2785//393 2759//393 
f 2924//394 2916//394 2887//394 
f 2777//395 2806//395 2714//395 
f 2617//396 2650//396 2571//396 
f 2650//397 2684//397 2603//397 
f 2627//398 2595//398 2573//398 
f 2603//399 2635//399 2554//399 
f 2684//400 2635//400 2603//400 
f 2076//401 2078//401 1945//401 
f 2534//402 2575//402 2500//402 
f 2985//403 2967//403 2940//403 
f 2946//404 2920//404 2879//404 
f 2025//405 2102//405 2019//405 
f 1812//406 1828//406 1798//406 
f 2024//407 2038//407 2000//407 
f 2201//408 2215//408 2166//408 
f 1021//409 1039//409 992//409 
f 1066//410 1043//410 1017//410 
f 1671//411 1667//411 1570//411 
f 1271//412 1248//412 1183//412 
f 2473//413 2413//413 2390//413 
f 2308//414 2322//414 2235//414 
f 1746//415 1738//415 1673//415 
f 1669//416 1689//416 1635//416 
f 2162//417 2170//417 2086//417 
f 1855//418 1947//418 1838//418 
f 1518//419 1586//419 1495//419 
f 1481//420 1457//420 1392//420 
f 1348//421 1356//421 1275//421 
f 1321//422 1372//422 1289//422 
f 1542//423 1568//423 1512//423 
f 1859//424 1887//424 1834//424 
f 3045//425 3066//425 3031//425 
f 3047//426 3045//426 3017//426 
f 2955//427 2947//427 2921//427 
f 2988//428 3017//428 2984//428 
f 2954//429 2987//429 2924//429 
f 3007//430 3044//430 2983//430 
f 3127//431 3128//431 3094//431 
f 3122//432 3155//432 3114//432 
f 3184//433 3178//433 3162//433 
f 3166//434 3143//434 3120//434 
f 2562//435 2575//435 2534//435 
f 2769//436 2824//436 2741//436 
f 2233//437 2225//437 2148//437 
f 2625//438 2597//438 2544//438 
f 2860//439 2913//439 2856//439 
f 2961//440 2915//440 2914//440 
f 2703//441 2728//441 2640//441 
f 2774//442 2703//442 2673//442 
f 2848//443 2869//443 2806//443 
f 2928//444 2932//444 2873//444 
f 1318//445 1367//445 1302//445 
f 1071//446 1063//446 1008//446 
f 1361//447 1357//447 1280//447 
f 1116//448 1201//448 1114//448 
f 1363//449 1336//449 1314//449 
f 1215//450 1257//450 1174//450 
f 1644//451 1624//451 1597//451 
f 1549//452 1527//452 1504//452 
f 1207//453 1270//453 1182//453 
f 1284//454 1270//454 1207//454 
f 1351//455 1332//455 1284//455 
f 1424//456 1478//456 1395//456 
f 1095//457 1112//457 1069//457 
f 940//458 957//458 914//458 
f 1016//459 1057//459 989//459 
f 902//460 940//460 879//460 
f 879//461 899//461 859//461 
f 948//462 905//462 903//462 
f 857//463 853//463 814//463 
f 1034//464 1085//464 1020//464 
f 1243//465 1223//465 1168//465 
f 950//466 960//466 911//466 
f 1115//467 1121//467 1062//467 
f 1863//468 1748//468 1744//468 
f 698//469 694//469 665//469 
f 1426//470 1511//470 1422//470 
f 1418//471 1419//471 1340//471 
f 2275//472 2269//472 2168//472 
f 2672//473 2704//473 2654//473 
f 2726//474 2697//474 2638//474 
f 2622//475 2677//475 2600//475 
f 2391//476 2424//476 2371//476 
f 2466//477 2452//477 2381//477 
f 2644//478 2647//478 2569//478 
f 2491//479 2568//479 2489//479 
f 2388//480 2471//480 2384//480 
f 2187//481 2147//481 2111//481 
f 2784//482 2821//482 2782//482 
f 2821//483 2853//483 2782//483 
f 2089//484 2075//484 2022//484 
f 2412//485 2416//485 2377//485 
f 2454//486 2424//486 2391//486 
f 2282//487 2341//487 2266//487 
f 2618//488 2576//488 2572//488 
f 2588//489 2636//489 2555//489 
f 1048//490 1065//490 1014//490 
f 818//491 840//491 811//491 
f 1103//492 1093//492 1061//492 
f 1089//493 1128//493 1057//493 
f 1306//494 1259//494 1225//494 
f 1093//495 1089//495 1055//495 
f 1369//496 1393//496 1310//496 
f 1310//497 1272//497 1249//497 
f 1688//498 1704//498 1628//498 
f 1496//499 1519//499 1436//499 
f 1103//500 1132//500 1093//500 
f 1184//501 1213//501 1150//501 
f 2125//502 2238//502 2123//502 
f 1585//503 1593//503 1492//503 
f 2153//504 2141//504 2077//504 
f 2054//505 2119//505 2042//505 
f 2210//506 2177//506 2157//506 
f 2054//507 2042//507 1962//507 
f 1960//508 1959//508 1878//508 
f 1962//509 2042//509 1961//509 
f 1803//510 1825//510 1759//510 
f 1704//511 1727//511 1644//511 
f 1529//512 1545//512 1482//512 
f 1966//513 2087//513 1965//513 
f 1779//514 1664//514 1660//514 
f 1120//515 1134//515 1081//515 
f 1014//516 1038//516 987//516 
f 2325//517 2317//517 2224//517 
f 1488//518 1492//518 1413//518 
f 2593//519 2601//519 2522//519 
f 2882//520 2881//520 2935//520 
f 2934//521 2935//521 2881//521 
f 2935//522 2934//522 2990//522 
f 2989//523 2990//523 2934//523 
f 3124//524 3135//524 3102//524 
f 2873//525 2826//525 2818//525 
f 3073//526 3046//526 3044//526 
f 3109//527 3076//527 3108//527 
f 3075//528 3108//528 3076//528 
f 3298//529 3299//529 3284//529 
f 3306//530 3300//530 3297//530 
f 3249//531 3246//531 3232//531 
f 3279//532 3294//532 3278//532 
f 3293//533 3278//533 3294//533 
f 3156//534 3127//534 3123//534 
f 3210//535 3181//535 3171//535 
f 3240//536 3236//536 3209//536 
f 3284//537 3259//537 3258//537 
f 3167//538 3142//538 3121//538 
f 3208//539 3217//539 3183//539 
f 1935//540 1934//540 1784//540 
f 1232//541 1208//541 1133//541 
f 2775//542 2789//542 2710//542 
f 2725//543 2743//543 2660//543 
f 2417//544 2421//544 2324//544 
f 2413//545 2344//545 2322//545 
f 2987//546 3014//546 2973//546 
f 2759//547 2785//547 2725//547 
f 2579//548 2510//548 2504//548 
f 2593//549 2518//549 2510//549 
f 2437//550 2439//550 2350//550 
f 2421//551 2338//551 2332//551 
f 2826//552 2830//552 2761//552 
f 1657//553 1660//553 1557//553 
f 2357//554 2356//554 2254//554 
f 2253//555 2254//555 2356//555 
f 2606//556 2602//556 2527//556 
f 1976//557 1783//557 1779//557 
f 1978//558 1977//558 1779//558 
f 1975//559 2125//559 1974//559 
f 1776//560 1779//560 1657//560 
f 2602//561 2594//561 2523//561 
f 2445//562 2530//562 2440//562 
f 2611//563 2606//563 2530//563 
f 2134//564 2253//564 2131//564 
f 3034//565 3029//565 2991//565 
f 2680//566 2675//566 2611//566 
f 3142//567 3158//567 3117//567 
f 3146//568 3115//568 3101//568 
f 2992//569 2991//569 2937//569 
f 2936//570 2937//570 2991//570 
f 2632//571 2622//571 2565//571 
f 2819//572 2868//572 2813//572 
f 2933//573 2972//573 2929//573 
f 2896//574 2872//574 2829//574 
f 2813//575 2801//575 2740//575 
f 2868//576 2908//576 2862//576 
f 2819//577 2813//577 2740//577 
f 2945//578 2917//578 2904//578 
f 2904//579 2917//579 2870//579 
f 2859//580 2904//580 2837//580 
f 2872//581 2904//581 2859//581 
f 3136//582 3125//582 3103//582 
f 3070//583 3099//583 3047//583 
f 3121//584 3097//584 3074//584 
f 3092//585 3099//585 3070//585 
f 2919//586 2966//586 2908//586 
f 3043//587 3062//587 3025//587 
f 2964//588 2945//588 2904//588 
f 2862//589 2845//589 2790//589 
f 3145//590 3129//590 3100//590 
f 2961//591 2962//591 2915//591 
f 3095//592 3093//592 3052//592 
f 3160//593 3161//593 3128//593 
f 3088//594 3094//594 3049//594 
f 3041//595 3049//595 3004//595 
f 3052//596 3093//596 3048//596 
f 2647//597 2724//597 2643//597 
f 2906//598 2914//598 2857//598 
f 2795//599 2793//599 2708//599 
f 2642//600 2644//600 2567//600 
f 2864//601 2825//601 2811//601 
f 3097//602 3066//602 3045//602 
f 3068//603 3084//603 3041//603 
f 2493//604 2501//604 2458//604 
f 2798//605 2738//605 2705//605 
f 2955//606 2984//606 2947//606 
f 2880//607 2866//607 2841//607 
f 2798//608 2823//608 2774//608 
f 2921//609 2947//609 2880//609 
f 3169//610 3194//610 3165//610 
f 3249//611 3278//611 3246//611 
f 3232//612 3246//612 3229//612 
f 3149//613 3140//613 3110//613 
f 3204//614 3233//614 3203//614 
f 3232//615 3203//615 3233//615 
f 3233//616 3250//616 3232//616 
f 3249//617 3232//617 3250//617 
f 3165//618 3179//618 3154//618 
f 3185//619 3183//619 3167//619 
f 3149//620 3169//620 3140//620 
f 3169//621 3165//621 3140//621 
f 3190//622 3214//622 3179//622 
f 3125//623 3107//623 3082//623 
f 3136//624 3165//624 3125//624 
f 3125//625 3154//625 3107//625 
f 2665//626 2732//626 2659//626 
f 2620//627 2588//627 2537//627 
f 2246//628 2242//628 2125//628 
f 2602//629 2669//629 2594//629 
f 2452//630 2428//630 2381//630 
f 2113//631 2224//631 2109//631 
f 2422//632 2418//632 2325//632 
f 1686//633 1593//633 1585//633 
f 648//634 663//634 630//634 
f 661//635 664//635 632//635 
f 678//636 661//636 679//636 
f 662//637 679//637 661//637 
f 627//638 625//638 612//638 
f 608//639 602//639 609//639 
f 603//640 609//640 602//640 
f 606//641 615//641 607//641 
f 616//642 607//642 615//642 
f 876//643 881//643 833//643 
f 919//644 928//644 881//644 
f 944//645 897//645 887//645 
f 977//646 938//646 928//646 
f 707//647 716//647 678//647 
f 844//648 824//648 793//648 
f 803//649 818//649 772//649 
f 667//650 658//650 654//650 
f 768//651 752//651 727//651 
f 696//652 683//652 671//652 
f 664//653 671//653 654//653 
f 683//654 693//654 667//654 
f 693//655 700//655 673//655 
f 647//656 627//656 612//656 
f 664//657 649//657 632//657 
f 1123//658 1100//658 1072//658 
f 676//659 705//659 677//659 
f 706//660 677//660 705//660 
f 952//661 943//661 909//661 
f 1033//662 1045//662 982//662 
f 880//663 917//663 874//663 
f 802//664 827//664 784//664 
f 740//665 759//665 734//665 
f 769//666 759//666 740//666 
f 966//667 1001//667 952//667 
f 927//668 917//668 880//668 
f 806//669 845//669 804//669 
f 874//670 917//670 875//670 
f 918//671 875//671 917//671 
f 1072//672 1050//672 1005//672 
f 1039//673 1072//673 1005//673 
f 943//674 937//674 886//674 
f 1037//675 1013//675 986//675 
f 1060//676 1102//676 1039//676 
f 1060//677 1039//677 1021//677 
f 1214//678 1175//678 1125//678 
f 1277//679 1344//679 1260//679 
f 1133//680 1119//680 1080//680 
f 1119//681 1108//681 1047//681 
f 1208//682 1277//682 1198//682 
f 1035//683 1031//683 976//683 
f 1344//684 1404//684 1329//684 
f 1544//685 1528//685 1481//685 
f 1556//686 1552//686 1469//686 
f 2237//687 2124//687 2122//687 
f 2223//688 2227//688 2112//688 
f 2227//689 2231//689 2116//689 
f 1412//690 1404//690 1344//690 
f 1483//691 1473//691 1398//691 
f 1303//692 1378//692 1297//692 
f 1471//693 1469//693 1386//693 
f 2130//694 2132//694 1930//694 
f 1931//695 1930//695 2133//695 
f 2132//696 2133//696 1930//696 
f 1677//697 1786//697 1671//697 
f 2346//698 2350//698 2241//698 
f 2338//699 2241//699 2237//699 
f 2352//700 2251//700 2249//700 
f 2916//701 2903//701 2869//701 
f 3120//702 3118//702 3098//702 
f 3022//703 3028//703 2971//703 
f 2999//704 3012//704 2965//704 
f 1939//705 2108//705 1938//705 
f 1800//706 1796//706 1685//706 
f 2828//707 2844//707 2789//707 
f 3012//708 3022//708 2965//708 
f 2577//709 2625//709 2558//709 
f 2820//710 2854//710 2816//710 
f 2635//711 2619//711 2587//711 
f 2696//712 2637//712 2619//712 
f 2575//713 2617//713 2571//713 
f 2875//714 2926//714 2863//714 
f 2156//715 2100//715 2088//715 
f 2415//716 2457//716 2411//716 
f 2506//717 2473//717 2453//717 
f 2479//718 2506//718 2423//718 
f 2423//719 2453//719 2390//719 
f 2615//720 2575//720 2562//720 
f 1949//721 2031//721 1948//721 
f 2118//722 2053//722 2041//722 
f 2536//723 2556//723 2473//723 
f 2453//724 2473//724 2390//724 
f 2174//725 2168//725 2047//725 
f 1603//726 1510//726 1508//726 
f 2372//727 2409//727 2348//727 
f 2041//728 2053//728 1947//728 
f 1129//729 1139//729 1084//729 
f 1605//730 1611//730 1510//730 
f 1813//731 1837//731 1789//731 
f 2061//732 2027//732 2011//732 
f 1113//733 1052//733 1049//733 
f 1200//734 1115//734 1113//734 
f 1349//735 1426//735 1343//735 
f 1276//736 1268//736 1203//736 
f 1212//737 1183//737 1149//737 
f 1273//738 1246//738 1224//738 
f 1804//739 1939//739 1800//739 
f 1810//740 1939//740 1804//740 
f 2094//741 2098//741 1940//741 
f 1941//742 2094//742 1940//742 
f 2190//743 2094//743 2090//743 
f 1818//744 1814//744 1718//744 
f 2390//745 2322//745 2308//745 
f 2556//746 2581//746 2516//746 
f 1518//747 1495//747 1435//747 
f 1354//748 1402//748 1321//748 
f 1495//749 1481//749 1435//749 
f 1457//750 1528//750 1443//750 
f 1832//751 1945//751 1830//751 
f 1830//752 1822//752 1746//752 
f 2506//753 2453//753 2423//753 
f 2500//754 2492//754 2457//754 
f 1370//755 1337//755 1333//755 
f 1256//756 1214//756 1173//756 
f 1305//757 1273//757 1224//757 
f 1542//758 1512//758 1497//758 
f 1374//759 1408//759 1333//759 
f 1384//760 1429//760 1354//760 
f 1408//761 1416//761 1370//761 
f 2328//762 2366//762 2285//762 
f 3074//763 3097//763 3045//763 
f 3047//764 3074//764 3045//764 
f 3047//765 3017//765 3015//765 
f 2964//766 2974//766 2945//766 
f 2974//767 2951//767 2917//767 
f 2894//768 2921//768 2853//768 
f 3002//769 2974//769 2964//769 
f 3062//770 3039//770 3002//770 
f 3141//771 3120//771 3116//771 
f 2916//772 2944//772 2903//772 
f 2737//773 2704//773 2672//773 
f 3003//774 2997//774 2958//774 
f 3044//775 3016//775 2983//775 
f 3016//776 2987//776 2983//776 
f 3016//777 3014//777 2987//777 
f 3098//778 3091//778 3069//778 
f 2987//779 2973//779 2950//779 
f 2924//780 2950//780 2916//780 
f 3184//781 3162//781 3143//781 
f 3162//782 3137//782 3118//782 
f 3166//783 3184//783 3143//783 
f 3182//784 3166//784 3141//784 
f 2176//785 2138//785 2106//785 
f 2172//786 2158//786 2102//786 
f 2217//787 2257//787 2209//787 
f 1950//788 2031//788 1949//788 
f 2643//789 2708//789 2641//789 
f 2570//790 2568//790 2491//790 
f 2560//791 2552//791 2483//791 
f 2788//792 2794//792 2707//792 
f 2483//793 2477//793 2394//793 
f 2433//794 2419//794 2342//794 
f 2730//795 2705//795 2671//795 
f 2667//796 2608//796 2592//796 
f 2774//797 2792//797 2728//797 
f 2866//798 2843//798 2823//798 
f 1302//799 1361//799 1286//799 
f 1223//800 1280//800 1211//800 
f 1342//801 1275//801 1267//801 
f 1509//802 1507//802 1418//802 
f 1201//803 1197//803 1114//803 
f 1302//804 1286//804 1223//804 
f 1239//805 1205//805 1180//805 
f 1205//806 1237//806 1172//806 
f 1430//807 1385//807 1355//807 
f 1757//808 1769//808 1688//808 
f 1454//809 1478//809 1424//809 
f 1365//810 1434//810 1351//810 
f 1389//811 1367//811 1318//811 
f 1401//812 1389//812 1332//812 
f 1365//813 1351//813 1284//813 
f 1397//814 1450//814 1365//814 
f 1708//815 1690//815 1636//815 
f 1367//816 1448//816 1361//816 
f 1016//817 989//817 985//817 
f 1057//818 1030//818 989//818 
f 1314//819 1282//819 1239//819 
f 1172//820 1136//820 1112//820 
f 793//821 780//821 752//821 
f 908//822 871//822 848//822 
f 946//823 936//823 908//823 
f 1073//824 1103//824 1040//824 
f 900//825 903//825 853//825 
f 861//826 857//826 816//826 
f 1053//827 1049//827 996//827 
f 1063//828 1059//828 1004//828 
f 951//829 1004//829 949//829 
f 1237//830 1284//830 1207//830 
f 1063//831 1116//831 1059//831 
f 1182//832 1243//832 1168//832 
f 962//833 954//833 925//833 
f 1045//834 999//834 982//834 
f 1173//835 1214//835 1125//835 
f 1017//836 1043//836 997//836 
f 964//837 1005//837 945//837 
f 810//838 817//838 790//838 
f 906//839 904//839 857//839 
f 808//840 792//840 779//840 
f 2318//841 2289//841 2273//841 
f 2029//842 2128//842 2025//842 
f 2407//843 2459//843 2386//843 
f 2081//844 2097//844 2038//844 
f 2541//845 2517//845 2466//845 
f 2807//846 2778//846 2715//846 
f 2859//847 2837//847 2809//847 
f 2677//848 2661//848 2600//848 
f 2503//849 2474//849 2428//849 
f 2345//850 2323//850 2272//850 
f 1969//851 1968//851 1815//851 
f 2428//852 2414//852 2365//852 
f 1670//853 1710//853 1642//853 
f 1825//854 1799//854 1759//854 
f 1852//855 1904//855 1837//855 
f 1620//856 1636//856 1591//856 
f 2383//857 2410//857 2321//857 
f 2062//858 2081//858 2024//858 
f 2695//859 2653//859 2618//859 
f 2636//860 2604//860 2555//860 
f 2778//861 2734//861 2715//861 
f 2715//862 2734//862 2685//862 
f 2572//863 2576//863 2539//863 
f 2616//864 2596//864 2563//864 
f 2480//865 2442//865 2424//865 
f 2784//866 2782//866 2736//866 
f 2616//867 2646//867 2596//867 
f 2210//868 2218//868 2177//868 
f 2282//869 2266//869 2206//869 
f 1868//870 1821//870 1809//870 
f 2442//871 2412//871 2397//871 
f 2381//872 2365//872 2284//872 
f 2588//873 2555//873 2507//873 
f 2474//874 2454//874 2391//874 
f 828//875 848//875 818//875 
f 818//876 811//876 791//876 
f 1195//877 1132//877 1103//877 
f 965//878 993//878 936//878 
f 1089//879 1057//879 1016//879 
f 1174//880 1128//880 1126//880 
f 1306//881 1338//881 1259//881 
f 1290//882 1247//882 1213//882 
f 1328//883 1290//883 1272//883 
f 1359//884 1310//884 1288//884 
f 1249//885 1272//885 1184//885 
f 1310//886 1328//886 1272//886 
f 1251//887 1261//887 1199//887 
f 1288//888 1310//888 1233//888 
f 1373//889 1322//889 1290//889 
f 1436//890 1403//890 1373//890 
f 1428//891 1444//891 1369//891 
f 1393//892 1328//892 1310//892 
f 1702//893 1706//893 1626//893 
f 1811//894 1702//894 1696//894 
f 1970//895 1811//895 1805//895 
f 1686//896 1599//896 1593//896 
f 2309//897 2341//897 2282//897 
f 2341//898 2313//898 2266//898 
f 2032//899 2089//899 2022//899 
f 2218//900 2216//900 2187//900 
f 2206//901 2266//901 2183//901 
f 2101//902 2089//902 2042//902 
f 2329//903 2331//903 2294//903 
f 2596//904 2547//904 2515//904 
f 1215//905 1174//905 1126//905 
f 1225//906 1259//906 1215//906 
f 1674//907 1601//907 1587//907 
f 1371//908 1409//908 1334//908 
f 1815//909 1819//909 1719//909 
f 1819//910 1823//910 1719//910 
f 1486//911 1430//911 1403//911 
f 1436//912 1373//912 1353//912 
f 1719//913 1739//913 1638//913 
f 1407//914 1436//914 1353//914 
f 1559//915 1472//915 1470//915 
f 1660//916 1664//916 1559//916 
f 1083//917 1036//917 1032//917 
f 1470//918 1387//918 1383//918 
f 1081//919 1038//919 1014//919 
f 1278//920 1233//920 1209//920 
f 1006//921 993//921 965//921 
f 928//922 938//922 881//922 
f 1381//923 1380//923 1300//923 
f 1299//924 1300//924 1380//924 
f 1383//925 1308//925 1304//925 
f 3193//926 3201//926 3168//926 
f 2971//927 2981//927 2932//927 
f 2668//928 2605//928 2601//928 
f 3236//929 3216//929 3209//929 
f 3251//930 3242//930 3216//930 
f 3226//931 3213//931 3195//931 
f 3207//932 3226//932 3184//932 
f 3148//933 3109//933 3147//933 
f 3108//934 3147//934 3109//934 
f 3303//935 3307//935 3302//935 
f 3306//936 3302//936 3307//936 
f 3293//937 3298//937 3286//937 
f 3286//938 3298//938 3263//938 
f 3187//939 3160//939 3156//939 
f 3159//940 3186//940 3155//940 
f 3209//941 3216//941 3191//941 
f 3212//942 3187//942 3181//942 
f 3188//943 3186//943 3159//943 
f 3161//944 3188//944 3159//944 
f 3159//945 3155//945 3126//945 
f 3126//946 3155//946 3122//946 
f 3114//947 3145//947 3100//947 
f 3191//948 3216//948 3182//948 
f 3185//949 3208//949 3183//949 
f 3163//950 3185//950 3144//950 
f 1505//951 1592//951 1491//951 
f 1685//952 1681//952 1584//952 
f 1810//953 1804//953 1695//953 
f 1939//954 1938//954 1800//954 
f 1796//955 1937//955 1792//955 
f 1677//956 1671//956 1570//956 
f 2676//957 2621//957 2599//957 
f 2579//958 2589//958 2510//958 
f 2808//959 2743//959 2725//959 
f 2858//960 2871//960 2808//960 
f 2417//961 2324//961 2316//961 
f 2295//962 2310//962 2213//962 
f 2828//963 2775//963 2743//963 
f 2648//964 2579//964 2564//964 
f 2338//965 2237//965 2231//965 
f 2332//966 2338//966 2231//966 
f 2873//967 2877//967 2826//967 
f 2818//968 2757//968 2739//968 
f 2818//969 2826//969 2761//969 
f 2971//970 2932//970 2928//970 
f 2658//971 2664//971 2589//971 
f 2739//972 2757//972 2668//972 
f 2435//973 2350//973 2346//973 
f 1554//974 1557//974 1470//974 
f 2250//975 2246//975 2131//975 
f 2242//976 2238//976 2125//976 
f 2232//977 2228//977 2117//977 
f 1978//978 2131//978 1977//978 
f 1976//979 2125//979 1975//979 
f 1779//980 1660//980 1657//980 
f 2675//981 2669//981 2606//981 
f 2612//982 2611//982 2531//982 
f 2530//983 2531//983 2611//983 
f 2356//984 2440//984 2353//984 
f 1979//985 1978//985 1777//985 
f 1776//986 1777//986 1978//986 
f 3035//987 3078//987 3034//987 
f 3077//988 3034//988 3078//988 
f 2992//989 3035//989 2991//989 
f 3034//990 2991//990 3035//990 
f 2611//991 2675//991 2606//991 
f 3121//992 3142//992 3117//992 
f 3183//993 3171//993 3158//993 
f 3183//994 3158//994 3142//994 
f 3066//995 3086//995 3031//995 
f 3077//996 3072//996 3029//996 
f 2991//997 3029//997 2982//997 
f 2982//998 3029//998 2972//998 
f 2758//999 2740//999 2669//999 
f 2758//1000 2819//1000 2740//1000 
f 2801//1001 2862//1001 2790//1001 
f 2580//1002 2649//1002 2565//1002 
f 2957//1003 2943//1003 2908//1003 
f 2966//1004 2957//1004 2908//1004 
f 2813//1005 2868//1005 2801//1005 
f 2762//1006 2819//1006 2758//1006 
f 2874//1007 2929//1007 2868//1007 
f 2991//1008 2982//1008 2933//1008 
f 2845//1009 2896//1009 2829//1009 
f 2862//1010 2896//1010 2845//1010 
f 2937//1011 2936//1011 2884//1011 
f 2883//1012 2884//1012 2936//1012 
f 2884//1013 2883//1013 2833//1013 
f 2832//1014 2833//1014 2883//1014 
f 2765//1015 2832//1015 2762//1015 
f 2680//1016 2765//1016 2675//1016 
f 3082//1017 3092//1017 3062//1017 
f 3070//1018 3047//1018 3039//1018 
f 3121//1019 3117//1019 3097//1019 
f 3099//1020 3121//1020 3074//1020 
f 3023//1021 3055//1021 3013//1021 
f 3077//1022 3110//1022 3072//1022 
f 3025//1023 3002//1023 2980//1023 
f 3043//1024 3025//1024 2980//1024 
f 3129//1025 3116//1025 3100//1025 
f 3094//1026 3053//1026 3049//1026 
f 2962//1027 2960//1027 2915//1027 
f 2851//1028 2857//1028 2794//1028 
f 3052//1029 3048//1029 3003//1029 
f 3123//1030 3094//1030 3088//1030 
f 3123//1031 3088//1031 3084//1031 
f 3088//1032 3049//1032 3041//1032 
f 2986//1033 2998//1033 2941//1033 
f 3027//1034 2998//1034 2986//1034 
f 2850//1035 2905//1035 2846//1035 
f 2686//1036 2666//1036 2607//1036 
f 2913//1037 2960//1037 2905//1037 
f 2850//1038 2846//1038 2793//1038 
f 2724//1039 2795//1039 2712//1039 
f 2847//1040 2794//1040 2788//1040 
f 2712//1041 2795//1041 2708//1041 
f 2857//1042 2860//1042 2796//1042 
f 2794//1043 2796//1043 2709//1043 
f 2799//1044 2860//1044 2795//1044 
f 2567//1045 2488//1045 2484//1045 
f 2742//1046 2770//1046 2687//1046 
f 3011//1047 2968//1047 2953//1047 
f 3011//1048 3027//1048 2968//1048 
f 2798//1049 2774//1049 2738//1049 
f 2853//1050 2841//1050 2815//1050 
f 2853//1051 2880//1051 2841//1051 
f 2653//1052 2689//1052 2646//1052 
f 2970//1053 2953//1053 2931//1053 
f 2947//1054 2970//1054 2931//1054 
f 2894//1055 2853//1055 2821//1055 
f 2855//1056 2894//1056 2821//1056 
f 2953//1057 2927//1057 2910//1057 
f 2910//1058 2927//1058 2864//1058 
f 3175//1059 3204//1059 3174//1059 
f 3203//1060 3174//1060 3204//1060 
f 3110//1061 3140//1061 3105//1061 
f 3214//1062 3196//1062 3179//1062 
f 3214//1063 3227//1063 3196//1063 
f 3239//1064 3256//1064 3227//1064 
f 3261//1065 3286//1065 3256//1065 
f 3278//1066 3261//1066 3246//1066 
f 3246//1067 3239//1067 3214//1067 
f 3034//1068 3077//1068 3029//1068 
f 3174//1069 3203//1069 3169//1069 
f 3203//1070 3232//1070 3194//1070 
f 3190//1071 3179//1071 3165//1071 
f 3194//1072 3190//1072 3165//1072 
f 3107//1073 3092//1073 3082//1073 
f 3107//1074 3138//1074 3092//1074 
f 3103//1075 3125//1075 3090//1075 
f 3090//1076 3125//1076 3082//1076 
f 2590//1077 2580//1077 2511//1077 
f 2497//1078 2565//1078 2482//1078 
f 2649//1079 2711//1079 2632//1079 
f 2659//1080 2711//1080 2649//1080 
f 2511//1081 2580//1081 2505//1081 
f 2127//1082 2246//1082 2125//1082 
f 2530//1083 2606//1083 2527//1083 
f 2606//1084 2669//1084 2602//1084 
f 2296//1085 2284//1085 2208//1085 
f 2272//1086 2323//1086 2260//1086 
f 2284//1087 2365//1087 2272//1087 
f 2311//1088 2296//1088 2214//1088 
f 759//1089 798//1089 760//1089 
f 799//1090 760//1090 798//1090 
f 744//1091 740//1091 715//1091 
f 744//1092 769//1092 740//1092 
f 773//1093 769//1093 744//1093 
f 707//1094 678//1094 708//1094 
f 679//1095 708//1095 678//1095 
f 741//1096 716//1096 707//1096 
f 657//1097 666//1097 653//1097 
f 719//1098 715//1098 680//1098 
f 1152//1099 1170//1099 1091//1099 
f 975//1100 974//1100 920//1100 
f 919//1101 920//1101 974//1101 
f 807//1102 785//1102 774//1102 
f 1048//1103 1014//1103 1002//1103 
f 736//1104 741//1104 707//1104 
f 881//1105 838//1105 833//1105 
f 696//1106 714//1106 683//1106 
f 791//1107 766//1107 747//1107 
f 741//1108 745//1108 716//1108 
f 747//1109 766//1109 725//1109 
f 720//1110 696//1110 681//1110 
f 745//1111 731//1111 720//1111 
f 818//1112 791//1112 772//1112 
f 963//1113 940//1113 902//1113 
f 727//1114 718//1114 693//1114 
f 752//1115 739//1115 727//1115 
f 751//1116 767//1116 726//1116 
f 695//1117 680//1117 663//1117 
f 673//1118 669//1118 652//1118 
f 673//1119 700//1119 669//1119 
f 678//1120 664//1120 661//1120 
f 678//1121 681//1121 664//1121 
f 658//1122 652//1122 647//1122 
f 654//1123 658//1123 647//1123 
f 612//1124 610//1124 602//1124 
f 627//1125 652//1125 625//1125 
f 819//1126 806//1126 784//1126 
f 909//1127 896//1127 854//1127 
f 864//1128 862//1128 835//1128 
f 699//1129 672//1129 668//1129 
f 1050//1130 1037//1130 1005//1130 
f 1072//1131 1100//1131 1050//1131 
f 964//1132 945//1132 935//1132 
f 1005//1133 986//1133 945//1133 
f 896//1134 886//1134 854//1134 
f 854//1135 845//1135 806//1135 
f 943//1136 980//1136 937//1136 
f 937//1137 976//1137 927//1137 
f 798//1138 831//1138 799//1138 
f 832//1139 799//1139 831//1139 
f 886//1140 880//1140 845//1140 
f 837//1141 831//1141 798//1141 
f 734//1142 759//1142 735//1142 
f 760//1143 735//1143 759//1143 
f 1005//1144 1037//1144 986//1144 
f 1037//1145 1080//1145 1013//1145 
f 1100//1146 1080//1146 1037//1146 
f 1277//1147 1260//1147 1198//1147 
f 1092//1148 1102//1148 1060//1148 
f 1092//1149 1060//1149 1021//1149 
f 1082//1150 1076//1150 1031//1150 
f 1041//1151 1035//1151 980//1151 
f 1151//1152 1147//1152 1090//1152 
f 1240//1153 1303//1153 1234//1153 
f 1090//1154 1147//1154 1082//1154 
f 1082//1155 1147//1155 1076//1155 
f 1315//1156 1307//1156 1240//1156 
f 1169//1157 1151//1157 1090//1157 
f 1035//1158 1082//1158 1031//1158 
f 927//1159 976//1159 917//1159 
f 966//1160 952//1160 909//1160 
f 952//1161 1001//1161 943//1161 
f 1464//1162 1463//1162 1553//1162 
f 1552//1163 1553//1163 1463//1163 
f 1303//1164 1297//1164 1234//1164 
f 1382//1165 1469//1165 1378//1165 
f 1469//1166 1463//1166 1378//1166 
f 1487//1167 1570//1167 1483//1167 
f 1398//1168 1390//1168 1315//1168 
f 1047//1169 1108//1169 1041//1169 
f 1358//1170 1344//1170 1287//1170 
f 1782//1171 1933//1171 1778//1171 
f 1792//1172 1786//1172 1677//1172 
f 2231//1173 2122//1173 2116//1173 
f 1386//1174 1382//1174 1307//1174 
f 1386//1175 1469//1175 1382//1175 
f 1469//1176 1552//1176 1463//1176 
f 1570//1177 1667//1177 1562//1177 
f 1656//1178 1655//1178 1775//1178 
f 1774//1179 1775//1179 1655//1179 
f 1775//1180 1774//1180 1931//1180 
f 1930//1181 1931//1181 1774//1181 
f 2350//1182 2249//1182 2245//1182 
f 2245//1183 2249//1183 2130//1183 
f 2252//1184 2251//1184 2355//1184 
f 2354//1185 2355//1185 2251//1185 
f 3091//1186 3106//1186 3081//1186 
f 3061//1187 3024//1187 3001//1187 
f 2812//1188 2818//1188 2739//1188 
f 3028//1189 2981//1189 2971//1189 
f 3089//1190 3102//1190 3054//1190 
f 3168//1191 3172//1191 3147//1191 
f 2104//1192 2108//1192 1939//1192 
f 2207//1193 2213//1193 2098//1193 
f 2223//1194 2112//1194 2108//1194 
f 1792//1195 1935//1195 1786//1195 
f 2963//1196 2979//1196 2922//1196 
f 2903//1197 2871//1197 2858//1197 
f 2887//1198 2916//1198 2869//1198 
f 2887//1199 2869//1199 2848//1199 
f 2684//1200 2662//1200 2635//1200 
f 2662//1201 2696//1201 2619//1201 
f 2893//1202 2924//1202 2887//1202 
f 2887//1203 2848//1203 2816//1203 
f 2619//1204 2581//1204 2556//1204 
f 2635//1205 2662//1205 2619//1205 
f 2672//1206 2654//1206 2625//1206 
f 2694//1207 2733//1207 2684//1207 
f 2791//1208 2773//1208 2727//1208 
f 2459//1209 2494//1209 2429//1209 
f 2390//1210 2413//1210 2322//1210 
f 1944//1211 1943//1211 1822//1211 
f 2571//1212 2603//1212 2554//1212 
f 2650//1213 2603//1213 2571//1213 
f 2571//1214 2554//1214 2524//1214 
f 2524//1215 2554//1215 2479//1215 
f 2457//1216 2492//1216 2411//1216 
f 2441//1217 2423//1217 2396//1217 
f 2340//1218 2370//1218 2308//1218 
f 2261//1219 2217//1219 2215//1219 
f 2195//1220 2066//1220 2064//1220 
f 2188//1221 2287//1221 2184//1221 
f 2219//1222 2201//1222 2144//1222 
f 2211//1223 2199//1223 2114//1223 
f 1629//1224 1540//1224 1530//1224 
f 1812//1225 1798//1225 1762//1225 
f 1758//1226 1732//1226 1691//1226 
f 1635//1227 1619//1227 1590//1227 
f 1007//1228 1019//1228 968//1228 
f 1121//1229 1129//1229 1070//1229 
f 1842//1230 1840//1230 1713//1230 
f 2065//1231 2194//1231 2063//1231 
f 1714//1232 1611//1232 1605//1232 
f 1117//1233 1135//1233 1066//1233 
f 1541//1234 1630//1234 1531//1234 
f 1710//1235 1698//1235 1632//1235 
f 1020//1236 1008//1236 969//1236 
f 1197//1237 1185//1237 1114//1237 
f 1477//1238 1453//1238 1423//1238 
f 1709//1239 1669//1239 1641//1239 
f 1489//1240 1433//1240 1410//1240 
f 1267//1241 1202//1241 1200//1241 
f 1165//1242 1232//1242 1133//1242 
f 1183//1243 1165//1243 1100//1243 
f 1352//1244 1392//1244 1327//1244 
f 1406//1245 1392//1245 1352//1245 
f 1598//1246 1685//1246 1592//1246 
f 1516//1247 1592//1247 1505//1247 
f 1564//1248 1544//1248 1495//1248 
f 1637//1249 1718//1249 1625//1249 
f 1705//1250 1810//1250 1701//1250 
f 1701//1251 1810//1251 1695//1251 
f 2090//1252 2094//1252 1941//1252 
f 2271//1253 2283//1253 2190//1253 
f 1942//1254 1941//1254 1818//1254 
f 1822//1255 1942//1255 1818//1255 
f 2190//1256 2090//1256 2086//1256 
f 1768//1257 1832//1257 1756//1257 
f 1738//1258 1822//1258 1718//1258 
f 1756//1259 1746//1259 1687//1259 
f 1822//1260 1818//1260 1718//1260 
f 1818//1261 1941//1261 1814//1261 
f 1568//1262 1600//1262 1538//1262 
f 2031//1263 2041//1263 1948//1263 
f 1568//1264 1538//1264 1485//1264 
f 1586//1265 1564//1265 1495//1265 
f 1522//1266 1536//1266 1449//1266 
f 1768//1267 1756//1267 1687//1267 
f 2027//1268 2049//1268 2007//1268 
f 1770//1269 1752//1269 1732//1269 
f 1832//1270 1830//1270 1746//1270 
f 2053//1271 2070//1271 1947//1271 
f 1224//1272 1194//1272 1175//1272 
f 1214//1273 1224//1273 1175//1273 
f 1354//1274 1321//1274 1273//1274 
f 1429//1275 1402//1275 1354//1275 
f 1384//1276 1354//1276 1337//1276 
f 1416//1277 1384//1277 1337//1277 
f 1258//1278 1305//1278 1224//1278 
f 1337//1279 1305//1279 1258//1279 
f 1877//1280 1867//1280 1820//1280 
f 1901//1281 1893//1281 1859//1281 
f 2366//1282 2340//1282 2312//1282 
f 2110//1283 2084//1283 2080//1283 
f 2974//1284 2988//1284 2951//1284 
f 3015//1285 3017//1285 2988//1285 
f 2917//1286 2888//1286 2870//1286 
f 2870//1287 2849//1287 2807//1287 
f 2930//1288 2946//1288 2911//1288 
f 2909//1289 2952//1289 2891//1289 
f 2983//1290 2954//1290 2946//1290 
f 2946//1291 2954//1291 2920//1291 
f 3010//1292 2995//1292 2952//1292 
f 3087//1293 3122//1293 3083//1293 
f 3030//1294 3007//1294 2969//1294 
f 3096//1295 3120//1295 3073//1295 
f 3044//1296 3046//1296 3016//1296 
f 2987//1297 2950//1297 2924//1297 
f 3143//1298 3162//1298 3118//1298 
f 3120//1299 3143//1299 3118//1299 
f 3145//1300 3157//1300 3129//1300 
f 3259//1301 3284//1301 3257//1301 
f 2281//1302 2235//1302 2221//1302 
f 2492//1303 2441//1303 2411//1303 
f 2382//1304 2405//1304 2360//1304 
f 2405//1305 2374//1305 2360//1305 
f 2459//1306 2429//1306 2372//1306 
f 2110//1307 2150//1307 2084//1307 
f 2384//1308 2461//1308 2378//1308 
f 2515//1309 2464//1309 2432//1309 
f 2787//1310 2838//1310 2779//1310 
f 2544//1311 2512//1311 2459//1311 
f 2591//1312 2639//1312 2577//1312 
f 2656//1313 2727//1313 2639//1313 
f 2298//1314 2304//1314 2195//1314 
f 2300//1315 2315//1315 2226//1315 
f 2608//1316 2624//1316 2549//1316 
f 2553//1317 2561//1317 2484//1317 
f 2657//1318 2667//1318 2592//1318 
f 2363//1319 2369//1319 2276//1319 
f 2774//1320 2728//1320 2703//1320 
f 2811//1321 2742//1321 2728//1321 
f 2864//1322 2876//1322 2825//1322 
f 2864//1323 2811//1323 2792//1323 
f 1270//1324 1253//1324 1182//1324 
f 1136//1325 1118//1325 1067//1325 
f 1207//1326 1182//1326 1136//1326 
f 1351//1327 1411//1327 1332//1327 
f 1621//1328 1530//1328 1524//1328 
f 1438//1329 1521//1329 1432//1329 
f 1343//1330 1420//1330 1341//1330 
f 1418//1331 1340//1331 1339//1331 
f 1211//1332 1280//1332 1203//1332 
f 1266//1333 1262//1333 1185//1333 
f 1237//1334 1207//1334 1136//1334 
f 1172//1335 1237//1335 1136//1335 
f 1257//1336 1264//1336 1221//1336 
f 1282//1337 1255//1337 1205//1337 
f 1417//1338 1452//1338 1409//1338 
f 1587//1339 1519//1339 1496//1339 
f 1723//1340 1763//1340 1694//1340 
f 1616//1341 1648//1341 1579//1341 
f 1446//1342 1415//1342 1363//1342 
f 1537//1343 1523//1343 1450//1343 
f 1595//1344 1662//1344 1583//1344 
f 1468//1345 1498//1345 1417//1345 
f 1367//1346 1361//1346 1302//1346 
f 1547//1347 1634//1347 1541//1347 
f 1336//1348 1312//1348 1255//1348 
f 1239//1349 1282//1349 1205//1349 
f 1690//1350 1670//1350 1636//1350 
f 1460//1351 1541//1351 1448//1351 
f 1411//1352 1401//1352 1332//1352 
f 1332//1353 1389//1353 1318//1353 
f 1128//1354 1095//1354 1057//1354 
f 1093//1355 1055//1355 1022//1355 
f 922//1356 926//1356 893//1356 
f 908//1357 895//1357 871//1357 
f 989//1358 1030//1358 963//1358 
f 979//1359 957//1359 940//1359 
f 942//1360 924//1360 883//1360 
f 865//1361 879//1361 844//1361 
f 899//1362 883//1362 842//1362 
f 1085//1363 1130//1363 1071//1363 
f 908//1364 936//1364 895//1364 
f 1006//1365 1040//1365 993//1365 
f 930//1366 885//1366 867//1366 
f 791//1367 811//1367 789//1367 
f 949//1368 994//1368 947//1368 
f 857//1369 904//1369 853//1369 
f 904//1370 949//1370 900//1370 
f 923//1371 941//1371 882//1371 
f 1114//1372 1110//1372 1049//1372 
f 996//1373 1049//1373 994//1373 
f 1000//1374 983//1374 957//1374 
f 1046//1375 1034//1375 983//1375 
f 1020//1376 1071//1376 1008//1376 
f 1008//1377 1063//1377 1004//1377 
f 1069//1378 1112//1378 1044//1378 
f 1046//1379 1085//1379 1034//1379 
f 808//1380 823//1380 792//1380 
f 1058//1381 1062//1381 1003//1381 
f 1127//1382 1173//1382 1125//1382 
f 1394//1383 1374//1383 1346//1383 
f 810//1384 790//1384 788//1384 
f 984//1385 992//1385 958//1385 
f 1054//1386 1021//1386 1015//1386 
f 1088//1387 1054//1387 1015//1387 
f 968//1388 923//1388 911//1388 
f 749//1389 753//1389 722//1389 
f 697//1390 668//1390 665//1390 
f 868//1391 825//1391 821//1391 
f 824//1392 809//1392 793//1392 
f 750//1393 748//1393 721//1393 
f 2483//1394 2552//1394 2477//1394 
f 2639//1395 2625//1395 2577//1395 
f 2279//1396 2368//1396 2275//1396 
f 2386//1397 2372//1397 2314//1397 
f 2778//1398 2817//1398 2734//1398 
f 2817//1399 2784//1399 2734//1399 
f 2551//1400 2541//1400 2482//1400 
f 2551//1401 2600//1401 2541//1401 
f 2697//1402 2663//1402 2620//1402 
f 2582//1403 2557//1403 2517//1403 
f 2141//1404 2183//1404 2119//1404 
f 2323//1405 2391//1405 2309//1405 
f 2278//1406 2212//1406 2200//1406 
f 2192//1407 2291//1407 2188//1407 
f 2495//1408 2460//1408 2430//1408 
f 2042//1409 2032//1409 1961//1409 
f 1959//1410 1894//1410 1888//1410 
f 1958//1411 2008//1411 1957//1411 
f 1898//1412 1886//1412 1848//1412 
f 2067//1413 2196//1413 2065//1413 
f 2671//1414 2705//1414 2628//1414 
f 2730//1415 2671//1415 2646//1415 
f 2685//1416 2695//1416 2651//1416 
f 2734//1417 2784//1417 2695//1417 
f 2734//1418 2695//1418 2685//1418 
f 2507//1419 2480//1419 2424//1419 
f 2367//1420 2412//1420 2329//1420 
f 2397//1421 2367//1421 2341//1421 
f 2576//1422 2563//1422 2535//1422 
f 2576//1423 2535//1423 2501//1423 
f 2493//1424 2458//1424 2412//1424 
f 2442//1425 2493//1425 2412//1425 
f 2416//1426 2456//1426 2375//1426 
f 2430//1427 2460//1427 2373//1427 
f 1823//1428 1747//1428 1739//1428 
f 2171//1429 2236//1429 2163//1429 
f 2555//1430 2525//1430 2480//1430 
f 2454//1431 2507//1431 2424//1431 
f 2371//1432 2424//1432 2341//1432 
f 2397//1433 2412//1433 2367//1433 
f 2428//1434 2474//1434 2414//1434 
f 2414//1435 2474//1435 2391//1435 
f 2786//1436 2837//1436 2760//1436 
f 2697//1437 2760//1437 2663//1437 
f 800//1438 805//1438 770//1438 
f 745//1439 756//1439 731//1439 
f 993//1440 1022//1440 985//1440 
f 1040//1441 1022//1441 993//1441 
f 1184//1442 1150//1442 1124//1442 
f 1150//1443 1103//1443 1073//1443 
f 1174//1444 1180//1444 1128//1444 
f 1138//1445 1205//1445 1112//1445 
f 1290//1446 1322//1446 1274//1446 
f 1322//1447 1355//1447 1274//1447 
f 1972//1448 1971//1448 1801//1448 
f 1599//1449 1614//1449 1529//1449 
f 1529//1450 1458//1450 1444//1450 
f 1529//1451 1482//1451 1458//1451 
f 1739//1452 1674//1452 1650//1452 
f 1373//1453 1403//1453 1322//1453 
f 1272//1454 1290//1454 1213//1454 
f 1272//1455 1213//1455 1184//1455 
f 1345//1456 1359//1456 1288//1456 
f 1444//1457 1393//1457 1369//1457 
f 1233//1458 1249//1458 1166//1458 
f 1249//1459 1184//1459 1166//1459 
f 1702//1460 1626//1460 1614//1460 
f 1614//1461 1626//1461 1529//1461 
f 2482//1462 2466//1462 2393//1462 
f 1696//1463 1702//1463 1614//1463 
f 1974//1464 2117//1464 1973//1464 
f 1785//1465 1668//1465 1664//1465 
f 2416//1466 2375//1466 2331//1466 
f 2367//1467 2329//1467 2286//1467 
f 2375//1468 2406//1468 2361//1468 
f 2456//1469 2406//1469 2375//1469 
f 2290//1470 2274//1470 2244//1470 
f 2230//1471 2286//1471 2210//1471 
f 1962//1472 1856//1472 1839//1472 
f 2119//1473 2101//1473 2042//1473 
f 2101//1474 2157//1474 2089//1474 
f 1959//1475 1888//1475 1878//1475 
f 1409//1476 1375//1476 1334//1476 
f 1294//1477 1314//1477 1264//1477 
f 1338//1478 1334//1478 1292//1478 
f 1355//1479 1338//1479 1306//1479 
f 1823//1480 1739//1480 1719//1480 
f 1966//1481 1965//1481 1823//1481 
f 1719//1482 1638//1482 1626//1482 
f 1815//1483 1719//1483 1706//1483 
f 1739//1484 1747//1484 1674//1484 
f 1769//1485 1704//1485 1688//1485 
f 1974//1486 1793//1486 1787//1486 
f 1472//1487 1474//1487 1387//1487 
f 1466//1488 1465//1488 1381//1488 
f 1380//1489 1381//1489 1465//1489 
f 1470//1490 1472//1490 1387//1490 
f 1559//1491 1474//1491 1472//1491 
f 828//1492 818//1492 803//1492 
f 855//1493 867//1493 828//1493 
f 1245//1494 1178//1494 1170//1494 
f 1399//1495 1405//1495 1330//1495 
f 1316//1496 1245//1496 1241//1496 
f 1320//1497 1251//1497 1245//1497 
f 1241//1498 1245//1498 1170//1498 
f 1241//1499 1170//1499 1152//1499 
f 2528//1500 2443//1500 2439//1500 
f 2918//1501 2928//1501 2867//1501 
f 3283//1502 3284//1502 3258//1502 
f 3255//1503 3245//1503 3238//1503 
f 3211//1504 3240//1504 3209//1504 
f 3262//1505 3255//1505 3251//1505 
f 3297//1506 3291//1506 3285//1506 
f 3301//1507 3292//1507 3300//1507 
f 3291//1508 3300//1508 3292//1508 
f 3213//1509 3189//1509 3178//1509 
f 3195//1510 3213//1510 3178//1510 
f 3292//1511 3277//1511 3291//1511 
f 3276//1512 3291//1512 3277//1512 
f 3228//1513 3193//1513 3189//1513 
f 3276//1514 3247//1514 3245//1514 
f 3153//1515 3164//1515 3124//1515 
f 3153//1516 3124//1516 3106//1516 
f 3071//1517 3075//1517 3028//1517 
f 3108//1518 3075//1518 3071//1518 
f 3168//1519 3147//1519 3139//1519 
f 3139//1520 3147//1520 3108//1520 
f 3302//1521 3298//1521 3293//1521 
f 3278//1522 3293//1522 3261//1522 
f 3237//1523 3241//1523 3210//1523 
f 3263//1524 3283//1524 3258//1524 
f 3181//1525 3187//1525 3156//1525 
f 3171//1526 3181//1526 3156//1526 
f 3217//1527 3210//1527 3192//1527 
f 3192//1528 3210//1528 3171//1528 
f 3212//1529 3215//1529 3188//1529 
f 3210//1530 3212//1530 3181//1530 
f 3128//1531 3095//1531 3094//1531 
f 3156//1532 3160//1532 3127//1532 
f 3160//1533 3128//1533 3127//1533 
f 3187//1534 3188//1534 3160//1534 
f 3211//1535 3209//1535 3180//1535 
f 3155//1536 3145//1536 3114//1536 
f 3067//1537 3085//1537 3050//1537 
f 3116//1538 3096//1538 3065//1538 
f 3196//1539 3185//1539 3179//1539 
f 3196//1540 3227//1540 3185//1540 
f 1487//1541 1483//1541 1398//1541 
f 1592//1542 1584//1542 1491//1542 
f 1685//1543 1796//1543 1681//1543 
f 2112//1544 2116//1544 1937//1544 
f 1592//1545 1685//1545 1584//1545 
f 1528//1546 1598//1546 1516//1546 
f 1804//1547 1800//1547 1685//1547 
f 1695//1548 1804//1548 1685//1548 
f 1934//1549 2124//1549 1933//1549 
f 1390//1550 1473//1550 1386//1550 
f 2504//1551 2510//1551 2421//1551 
f 2496//1552 2504//1552 2421//1552 
f 2564//1553 2579//1553 2504//1553 
f 2564//1554 2504//1554 2496//1554 
f 2676//1555 2700//1555 2631//1555 
f 2844//1556 2861//1556 2789//1556 
f 2516//1557 2465//1557 2451//1557 
f 2283//1558 2295//1558 2207//1558 
f 2413//1559 2364//1559 2344//1559 
f 2413//1560 2427//1560 2364//1560 
f 2637//1561 2660//1561 2599//1561 
f 2465//1562 2481//1562 2392//1562 
f 2581//1563 2599//1563 2516//1563 
f 2743//1564 2676//1564 2660//1564 
f 2324//1565 2332//1565 2231//1565 
f 2510//1566 2435//1566 2425//1566 
f 2316//1567 2324//1567 2223//1567 
f 2310//1568 2316//1568 2223//1568 
f 2435//1569 2437//1569 2350//1569 
f 2350//1570 2245//1570 2241//1570 
f 2871//1571 2828//1571 2808//1571 
f 2907//1572 2918//1572 2867//1572 
f 2989//1573 2934//1573 2932//1573 
f 2981//1574 2989//1574 2932//1574 
f 2830//1575 2763//1575 2761//1575 
f 2761//1576 2763//1576 2674//1576 
f 2739//1577 2668//1577 2664//1577 
f 2867//1578 2812//1578 2800//1578 
f 2522//1579 2437//1579 2435//1579 
f 2664//1580 2593//1580 2589//1580 
f 2435//1581 2346//1581 2338//1581 
f 2425//1582 2435//1582 2338//1582 
f 1657//1583 1557//1583 1554//1583 
f 2125//1584 2123//1584 1974//1584 
f 2123//1585 2117//1585 1974//1585 
f 2351//1586 2347//1586 2242//1586 
f 2228//1587 2224//1587 2113//1587 
f 2113//1588 2109//1588 1972//1588 
f 2117//1589 2113//1589 1972//1589 
f 1974//1590 1787//1590 1785//1590 
f 1975//1591 1974//1591 1785//1591 
f 2134//1592 2131//1592 1978//1592 
f 2436//1593 2511//1593 2426//1593 
f 1777//1594 1776//1594 1658//1594 
f 1657//1595 1658//1595 1776//1595 
f 2527//1596 2602//1596 2523//1596 
f 2527//1597 2523//1597 2440//1597 
f 2765//1598 2762//1598 2675//1598 
f 2675//1599 2762//1599 2669//1599 
f 2253//1600 2250//1600 2131//1600 
f 2440//1601 2523//1601 2438//1601 
f 2353//1602 2351//1602 2250//1602 
f 2531//1603 2530//1603 2446//1603 
f 2445//1604 2446//1604 2530//1604 
f 3158//1605 3146//1605 3130//1605 
f 3130//1606 3146//1606 3101//1606 
f 3097//1607 3117//1607 3066//1607 
f 3117//1608 3086//1608 3066//1608 
f 3119//1609 3121//1609 3099//1609 
f 3144//1610 3167//1610 3121//1610 
f 2827//1611 2874//1611 2819//1611 
f 2827//1612 2819//1612 2762//1612 
f 2669//1613 2740//1613 2665//1613 
f 2740//1614 2801//1614 2732//1614 
f 2790//1615 2776//1615 2711//1615 
f 2801//1616 2790//1616 2711//1616 
f 2908//1617 2896//1617 2862//1617 
f 2908//1618 2943//1618 2896//1618 
f 2966//1619 3000//1619 2957//1619 
f 2957//1620 3000//1620 2943//1620 
f 2833//1621 2832//1621 2766//1621 
f 2765//1622 2766//1622 2832//1622 
f 2936//1623 2933//1623 2883//1623 
f 2896//1624 2923//1624 2872//1624 
f 2943//1625 2923//1625 2896//1625 
f 2829//1626 2872//1626 2809//1626 
f 2744//1627 2809//1627 2726//1627 
f 3055//1628 3082//1628 3043//1628 
f 3082//1629 3062//1629 3043//1629 
f 3013//1630 3055//1630 3000//1630 
f 3013//1631 3000//1631 2966//1631 
f 2980//1632 2964//1632 2923//1632 
f 2943//1633 2980//1633 2923//1633 
f 2958//1634 2997//1634 2948//1634 
f 3010//1635 3030//1635 2995//1635 
f 3026//1636 3010//1636 2967//1636 
f 2962//1637 3009//1637 2960//1637 
f 3048//1638 3040//1638 3003//1638 
f 3122//1639 3114//1639 3083//1639 
f 3006//1640 3009//1640 2961//1640 
f 3094//1641 3095//1641 3053//1641 
f 3068//1642 3041//1642 3027//1642 
f 3051//1643 3068//1643 3011//1643 
f 3027//1644 3041//1644 2998//1644 
f 3041//1645 3004//1645 2998//1645 
f 2629//1646 2623//1646 2548//1646 
f 2552//1647 2629//1647 2548//1647 
f 2860//1648 2856//1648 2795//1648 
f 2960//1649 2958//1649 2905//1649 
f 2707//1650 2709//1650 2642//1650 
f 2770//1651 2780//1651 2687//1651 
f 2959//1652 2906//1652 2902//1652 
f 2961//1653 2914//1653 2906//1653 
f 2857//1654 2796//1654 2794//1654 
f 2860//1655 2799//1655 2796//1655 
f 2940//1656 2926//1656 2889//1656 
f 2846//1657 2838//1657 2787//1657 
f 2724//1658 2647//1658 2644//1658 
f 2568//1659 2643//1659 2566//1659 
f 2728//1660 2667//1660 2657//1660 
f 2728//1661 2742//1661 2667//1661 
f 2998//1662 2959//1662 2949//1662 
f 2953//1663 2968//1663 2927//1663 
f 2866//1664 2823//1664 2798//1664 
f 2841//1665 2866//1665 2798//1665 
f 2912//1666 2931//1666 2892//1666 
f 3008//1667 3031//1667 2970//1667 
f 3031//1668 3051//1668 3011//1668 
f 3045//1669 3008//1669 2984//1669 
f 2988//1670 2955//1670 2925//1670 
f 2888//1671 2894//1671 2855//1671 
f 3286//1672 3263//1672 3256//1672 
f 3263//1673 3258//1673 3252//1673 
f 3246//1674 3256//1674 3239//1674 
f 3261//1675 3256//1675 3246//1675 
f 3229//1676 3214//1676 3190//1676 
f 3194//1677 3229//1677 3190//1677 
f 2972//1678 2966//1678 2929//1678 
f 3110//1679 3105//1679 3072//1679 
f 3072//1680 3064//1680 3029//1680 
f 3119//1681 3099//1681 3092//1681 
f 3138//1682 3119//1682 3092//1682 
f 3179//1683 3163//1683 3154//1683 
f 3154//1684 3163//1684 3138//1684 
f 3090//1685 3082//1685 3055//1685 
f 3103//1686 3090//1686 3055//1686 
f 2422//1687 2497//1687 2418//1687 
f 2497//1688 2482//1688 2418//1688 
f 2505//1689 2565//1689 2497//1689 
f 2339//1690 2422//1690 2333//1690 
f 2580//1691 2565//1691 2505//1691 
f 2436//1692 2426//1692 2339//1692 
f 2347//1693 2436//1693 2339//1693 
f 2438//1694 2523//1694 2436//1694 
f 2109//1695 2224//1695 2105//1695 
f 2224//1696 2214//1696 2105//1696 
f 2284//1697 2272//1697 2191//1697 
f 2091//1698 2191//1698 2087//1698 
f 2393//1699 2381//1699 2311//1699 
f 2661//1700 2638//1700 2600//1700 
f 740//1701 734//1701 705//1701 
f 602//1702 606//1702 603//1702 
f 607//1703 603//1703 606//1703 
f 611//1704 606//1704 602//1704 
f 610//1705 611//1705 602//1705 
f 715//1706 705//1706 676//1706 
f 755//1707 744//1707 730//1707 
f 657//1708 653//1708 646//1708 
f 1235//1709 1241//1709 1148//1709 
f 1145//1710 1148//1710 1078//1710 
f 846//1711 855//1711 807//1711 
f 846//1712 807//1712 805//1712 
f 881//1713 846//1713 838//1713 
f 774//1714 785//1714 745//1714 
f 1078//1715 1083//1715 1032//1715 
f 991//1716 1002//1716 944//1716 
f 761//1717 736//1717 762//1717 
f 737//1718 762//1718 736//1718 
f 1146//1719 1145//1719 1079//1719 
f 1078//1720 1079//1720 1145//1720 
f 919//1721 876//1721 920//1721 
f 877//1722 920//1722 876//1722 
f 702//1723 727//1723 693//1723 
f 702//1724 693//1724 683//1724 
f 720//1725 731//1725 696//1725 
f 714//1726 725//1726 683//1726 
f 743//1727 727//1727 725//1727 
f 731//1728 714//1728 696//1728 
f 803//1729 772//1729 756//1729 
f 867//1730 885//1730 848//1730 
f 955//1731 926//1731 922//1731 
f 840//1732 863//1732 811//1732 
f 739//1733 729//1733 700//1733 
f 723//1734 750//1734 721//1734 
f 718//1735 739//1735 700//1735 
f 718//1736 700//1736 693//1736 
f 700//1737 729//1737 698//1737 
f 669//1738 665//1738 652//1738 
f 608//1739 612//1739 602//1739 
f 617//1740 612//1740 608//1740 
f 649//1741 654//1741 624//1741 
f 654//1742 647//1742 624//1742 
f 693//1743 673//1743 658//1743 
f 658//1744 673//1744 652//1744 
f 665//1745 668//1745 651//1745 
f 652//1746 650//1746 625//1746 
f 784//1747 773//1747 744//1747 
f 784//1748 806//1748 773//1748 
f 827//1749 819//1749 784//1749 
f 819//1750 854//1750 806//1750 
f 858//1751 878//1751 823//1751 
f 843//1752 812//1752 792//1752 
f 1102//1753 1072//1753 1039//1753 
f 1102//1754 1149//1754 1072//1754 
f 845//1755 880//1755 837//1755 
f 804//1756 837//1756 798//1756 
f 1013//1757 1047//1757 1001//1757 
f 1013//1758 1001//1758 966//1758 
f 918//1759 917//1759 973//1759 
f 972//1760 973//1760 917//1760 
f 804//1761 798//1761 769//1761 
f 806//1762 804//1762 769//1762 
f 837//1763 880//1763 831//1763 
f 880//1764 874//1764 831//1764 
f 980//1765 976//1765 937//1765 
f 980//1766 1035//1766 976//1766 
f 973//1767 972//1767 1026//1767 
f 1025//1768 1026//1768 972//1768 
f 1026//1769 1025//1769 1077//1769 
f 1076//1770 1077//1770 1025//1770 
f 1177//1771 1169//1771 1108//1771 
f 1491//1772 1584//1772 1487//1772 
f 1234//1773 1297//1773 1228//1773 
f 1240//1774 1234//1774 1147//1774 
f 1147//1775 1234//1775 1143//1775 
f 1096//1776 1090//1776 1041//1776 
f 1096//1777 1169//1777 1090//1777 
f 1119//1778 1198//1778 1108//1778 
f 1198//1779 1177//1779 1108//1779 
f 1248//1780 1232//1780 1165//1780 
f 1183//1781 1248//1781 1165//1781 
f 1491//1782 1487//1782 1412//1782 
f 1319//1783 1315//1783 1244//1783 
f 1031//1784 1025//1784 976//1784 
f 976//1785 1025//1785 972//1785 
f 909//1786 943//1786 896//1786 
f 866//1787 909//1787 854//1787 
f 1001//1788 990//1788 943//1788 
f 1001//1789 1041//1789 990//1789 
f 1229//1790 1228//1790 1298//1790 
f 1297//1791 1298//1791 1228//1791 
f 1298//1792 1297//1792 1379//1792 
f 1378//1793 1379//1793 1297//1793 
f 1398//1794 1473//1794 1390//1794 
f 1483//1795 1570//1795 1473//1795 
f 1327//1796 1392//1796 1309//1796 
f 1212//1797 1271//1797 1183//1797 
f 1443//1798 1516//1798 1427//1798 
f 1516//1799 1505//1799 1427//1799 
f 1260//1800 1250//1800 1198//1800 
f 1260//1801 1319//1801 1250//1801 
f 1659//1802 1778//1802 1655//1802 
f 1667//1803 1663//1803 1558//1803 
f 2126//1804 2130//1804 1933//1804 
f 2124//1805 2126//1805 1933//1805 
f 2108//1806 2112//1806 1937//1806 
f 2227//1807 2116//1807 2112//1807 
f 1382//1808 1378//1808 1303//1808 
f 1307//1809 1382//1809 1303//1809 
f 2251//1810 2132//1810 2130//1810 
f 2133//1811 2132//1811 2252//1811 
f 2251//1812 2252//1812 2132//1812 
f 2241//1813 2245//1813 2124//1813 
f 2237//1814 2241//1814 2124//1814 
f 2350//1815 2352//1815 2249//1815 
f 2439//1816 2352//1816 2350//1816 
f 3038//1817 3061//1817 3001//1817 
f 3061//1818 3042//1818 3024//1818 
f 3054//1819 3063//1819 3022//1819 
f 3102//1820 3063//1820 3054//1820 
f 2861//1821 2867//1821 2800//1821 
f 2922//1822 2895//1822 2871//1822 
f 3054//1823 3022//1823 3012//1823 
f 3054//1824 3012//1824 2999//1824 
f 1940//1825 2098//1825 1939//1825 
f 2190//1826 2203//1826 2094//1826 
f 2213//1827 2104//1827 2098//1827 
f 2213//1828 2223//1828 2104//1828 
f 2903//1829 2858//1829 2836//1829 
f 2836//1830 2858//1830 2808//1830 
f 2816//1831 2848//1831 2806//1831 
f 2735//1832 2694//1832 2652//1832 
f 2714//1833 2759//1833 2662//1833 
f 2806//1834 2759//1834 2714//1834 
f 2920//1835 2893//1835 2852//1835 
f 2854//1836 2887//1836 2816//1836 
f 2619//1837 2637//1837 2581//1837 
f 2502//1838 2516//1838 2427//1838 
f 2637//1839 2599//1839 2581//1839 
f 2621//1840 2564//1840 2550//1840 
f 2562//1841 2534//1841 2514//1841 
f 2791//1842 2842//1842 2773//1842 
f 2797//1843 2814//1843 2771//1843 
f 2704//1844 2729//1844 2670//1844 
f 2277//1845 2320//1845 2267//1845 
f 2455//1846 2415//1846 2374//1846 
f 2423//1847 2370//1847 2340//1847 
f 2423//1848 2390//1848 2370//1848 
f 2492//1849 2479//1849 2441//1849 
f 2534//1850 2500//1850 2455//1850 
f 2575//1851 2571//1851 2538//1851 
f 2538//1852 2571//1852 2492//1852 
f 2340//1853 2281//1853 2265//1853 
f 2205//1854 2221//1854 2140//1854 
f 2411//1855 2396//1855 2366//1855 
f 2441//1856 2479//1856 2423//1856 
f 2195//1857 2197//1857 2066//1857 
f 2154//1858 2148//1858 2039//1858 
f 2150//1859 2106//1859 2084//1859 
f 2096//1860 2110//1860 2080//1860 
f 2225//1861 2211//1861 2128//1861 
f 2166//1862 2146//1862 2096//1862 
f 2269//1863 2342//1863 2263//1863 
f 2211//1864 2277//1864 2199//1864 
f 1951//1865 1950//1865 1893//1865 
f 2128//1866 2114//1866 2025//1866 
f 1790//1867 1768//1867 1726//1867 
f 1623//1868 1643//1868 1596//1868 
f 1679//1869 1643//1869 1623//1869 
f 1449//1870 1479//1870 1414//1870 
f 1621//1871 1524//1871 1520//1871 
f 1607//1872 1635//1872 1548//1872 
f 1129//1873 1084//1873 1070//1873 
f 939//1874 901//1874 878//1874 
f 1066//1875 1086//1875 1043//1875 
f 1086//1876 1111//1876 1043//1876 
f 1956//1877 2002//1877 1955//1877 
f 1883//1878 1794//1878 1780//1878 
f 1707//1879 1742//1879 1693//1879 
f 1742//1880 1762//1880 1693//1880 
f 2173//1881 2200//1881 2115//1881 
f 2196//1882 2194//1882 2065//1882 
f 1515//1883 1511//1883 1426//1883 
f 1721//1884 1717//1884 1618//1884 
f 1202//1885 1121//1885 1115//1885 
f 1200//1886 1202//1886 1115//1886 
f 1356//1887 1279//1887 1275//1887 
f 1342//1888 1348//1888 1275//1888 
f 1279//1889 1285//1889 1222//1889 
f 1724//1890 1734//1890 1621//1890 
f 1425//1891 1356//1891 1348//1891 
f 1121//1892 1070//1892 1062//1892 
f 1185//1893 1196//1893 1113//1893 
f 1266//1894 1341//1894 1262//1894 
f 1352//1895 1327//1895 1289//1895 
f 1246//1896 1212//1896 1149//1896 
f 1248//1897 1309//1897 1232//1897 
f 1481//1898 1528//1898 1457//1898 
f 1598//1899 1592//1899 1516//1899 
f 1392//1900 1368//1900 1309//1900 
f 1613//1901 1598//1901 1528//1901 
f 1613//1902 1695//1902 1598//1902 
f 1649//1903 1738//1903 1637//1903 
f 1718//1904 1705//1904 1625//1904 
f 1406//1905 1481//1905 1392//1905 
f 1435//1906 1481//1906 1406//1906 
f 1940//1907 1939//1907 1810//1907 
f 1814//1908 1810//1908 1705//1908 
f 1625//1909 1701//1909 1613//1909 
f 1705//1910 1701//1910 1625//1910 
f 2364//1911 2283//1911 2271//1911 
f 2322//1912 2271//1912 2259//1912 
f 1942//1913 2090//1913 1941//1913 
f 2170//1914 2190//1914 2086//1914 
f 2162//1915 2086//1915 2078//1915 
f 2281//1916 2221//1916 2205//1916 
f 1756//1917 1832//1917 1746//1917 
f 1726//1918 1703//1918 1643//1918 
f 1673//1919 1649//1919 1586//1919 
f 1746//1920 1822//1920 1738//1920 
f 1538//1921 1518//1921 1485//1921 
f 1627//1922 1600//1922 1568//1922 
f 1455//1923 1435//1923 1402//1923 
f 1467//1924 1485//1924 1429//1924 
f 1596//1925 1643//1925 1568//1925 
f 1596//1926 1568//1926 1542//1926 
f 1820//1927 1867//1927 1808//1927 
f 1643//1928 1703//1928 1627//1928 
f 1946//1929 1945//1929 1838//1929 
f 1947//1930 1946//1930 1838//1930 
f 1131//1931 1102//1931 1092//1931 
f 1125//1932 1175//1932 1092//1932 
f 1258//1933 1224//1933 1214//1933 
f 1291//1934 1337//1934 1258//1934 
f 1372//1935 1352//1935 1289//1935 
f 1372//1936 1435//1936 1352//1936 
f 1485//1937 1518//1937 1455//1937 
f 1497//1938 1467//1938 1416//1938 
f 1291//1939 1258//1939 1214//1939 
f 1256//1940 1291//1940 1214//1940 
f 1467//1941 1429//1941 1416//1941 
f 1416//1942 1429//1942 1384//1942 
f 2088//1943 2031//1943 2021//1943 
f 2215//1944 2217//1944 2186//1944 
f 2011//1945 2027//1945 2007//1945 
f 2106//1946 2138//1946 2088//1946 
f 3039//1947 3015//1947 3002//1947 
f 3039//1948 3047//1948 3015//1948 
f 2925//1949 2955//1949 2921//1949 
f 2988//1950 2984//1950 2955//1950 
f 2995//1951 3030//1951 2969//1951 
f 2948//1952 2997//1952 2940//1952 
f 2930//1953 2911//1953 2891//1953 
f 2911//1954 2946//1954 2879//1954 
f 2940//1955 2967//1955 2926//1955 
f 2901//1956 2889//1956 2838//1956 
f 3030//1957 3044//1957 3007//1957 
f 3065//1958 3096//1958 3044//1958 
f 3098//1959 3069//1959 3046//1959 
f 3120//1960 3098//1960 3073//1960 
f 3096//1961 3073//1961 3044//1961 
f 3073//1962 3098//1962 3046//1962 
f 2973//1963 3001//1963 2963//1963 
f 2950//1964 2973//1964 2916//1964 
f 3170//1965 3157//1965 3145//1965 
f 3157//1966 3182//1966 3141//1966 
f 2330//1967 2376//1967 2328//1967 
f 2415//1968 2376//1968 2330//1968 
f 2312//1969 2340//1969 2265//1969 
f 2293//1970 2328//1970 2285//1970 
f 2140//1971 2076//1971 2070//1971 
f 2330//1972 2328//1972 2293//1972 
f 2273//1973 2243//1973 2201//1973 
f 2273//1974 2289//1974 2243//1974 
f 2220//1975 2159//1975 2145//1975 
f 1910//1976 1906//1976 1872//1976 
f 2434//1977 2363//1977 2343//1977 
f 2568//1978 2566//1978 2489//1978 
f 2543//1979 2549//1979 2462//1979 
f 1612//1980 1606//1980 1511//1980 
f 2368//1981 2362//1981 2275//1981 
f 2384//1982 2378//1982 2287//1982 
f 2461//1983 2449//1983 2368//1983 
f 2552//1984 2548//1984 2477//1984 
f 2643//1985 2641//1985 2566//1985 
f 2702//1986 2672//1986 2625//1986 
f 2724//1987 2712//1987 2643//1987 
f 2712//1988 2708//1988 2643//1988 
f 2706//1989 2779//1989 2698//1989 
f 2566//1990 2560//1990 2483//1990 
f 2491//1991 2489//1991 2400//1991 
f 2489//1992 2566//1992 2487//1992 
f 2634//1993 2642//1993 2567//1993 
f 2667//1994 2687//1994 2608//1994 
f 2780//1995 2699//1995 2687//1995 
f 2780//1996 2707//1996 2699//1996 
f 2705//1997 2738//1997 2673//1997 
f 2730//1998 2772//1998 2705//1998 
f 2811//1999 2825//1999 2742//1999 
f 2792//2000 2811//2000 2728//2000 
f 2892//2001 2910//2001 2864//2001 
f 2953//2002 2910//2002 2892//2002 
f 2927//2003 2876//2003 2864//2003 
f 2927//2004 2890//2004 2876//2004 
f 1253//2005 1243//2005 1182//2005 
f 1253//2006 1318//2006 1243//2006 
f 1448//2007 1525//2007 1438//2007 
f 1531//2008 1525//2008 1448//2008 
f 1508//2009 1419//2009 1418//2009 
f 1507//2010 1508//2010 1418//2010 
f 1357//2011 1349//2011 1276//2011 
f 1521//2012 1515//2012 1432//2012 
f 1426//2013 1422//2013 1343//2013 
f 1265//2014 1200//2014 1196//2014 
f 1130//2015 1203//2015 1122//2015 
f 1122//2016 1116//2016 1063//2016 
f 1211//2017 1203//2017 1130//2017 
f 1223//2018 1211//2018 1130//2018 
f 1284//2019 1332//2019 1270//2019 
f 1332//2020 1318//2020 1270//2020 
f 1255//2021 1237//2021 1205//2021 
f 1255//2022 1284//2022 1237//2022 
f 1395//2023 1363//2023 1314//2023 
f 1454//2024 1424//2024 1375//2024 
f 1205//2025 1172//2025 1112//2025 
f 1138//2026 1112//2026 1095//2026 
f 1375//2027 1347//2027 1334//2027 
f 1347//2028 1314//2028 1294//2028 
f 2141//2029 2119//2029 2071//2029 
f 1964//2030 1833//2030 1831//2030 
f 1856//2031 1868//2031 1791//2031 
f 1964//2032 1839//2032 1833//2032 
f 1723//2033 1694//2033 1692//2033 
f 1700//2034 1652//2034 1624//2034 
f 1769//2035 1727//2035 1704//2035 
f 1680//2036 1700//2036 1624//2036 
f 1676//2037 1662//2037 1595//2037 
f 1662//2038 1755//2038 1646//2038 
f 1397//2039 1365//2039 1336//2039 
f 1363//2040 1397//2040 1336//2040 
f 1636//2041 1670//2041 1608//2041 
f 1504//2042 1527//2042 1478//2042 
f 1583//2043 1567//2043 1502//2043 
f 1591//2044 1549//2044 1535//2044 
f 1243//2045 1302//2045 1223//2045 
f 1318//2046 1302//2046 1243//2046 
f 1336//2047 1365//2047 1312//2047 
f 1312//2048 1365//2048 1284//2048 
f 1541//2049 1531//2049 1448//2049 
f 1521//2050 1618//2050 1515//2050 
f 1411//2051 1476//2051 1401//2051 
f 1401//2052 1476//2052 1389//2052 
f 1490//2053 1476//2053 1411//2053 
f 1434//2054 1490//2054 1411//2054 
f 1061//2055 1093//2055 1022//2055 
f 1103//2056 1061//2056 1040//2056 
f 955//2057 963//2057 926//2057 
f 985//2058 955//2058 922//2058 
f 998//2059 979//2059 963//2059 
f 963//2060 979//2060 940//2060 
f 879//2061 859//2061 824//2061 
f 793//2062 809//2062 780//2062 
f 914//2063 899//2063 879//2063 
f 914//2064 957//2064 899//2064 
f 1038//2065 1006//2065 987//2065 
f 987//2066 1006//2066 946//2066 
f 906//2067 949//2067 904//2067 
f 883//2068 912//2068 869//2068 
f 949//2069 947//2069 900//2069 
f 948//2070 903//2070 900//2070 
f 924//2071 969//2071 912//2071 
f 983//2072 969//2072 942//2072 
f 1053//2073 1114//2073 1049//2073 
f 1049//2074 995//2074 994//2074 
f 1110//2075 1113//2075 1049//2075 
f 1059//2076 1053//2076 1004//2076 
f 1140//2077 1130//2077 1085//2077 
f 1099//2078 1168//2078 1085//2078 
f 1130//2079 1122//2079 1071//2079 
f 1071//2080 1122//2080 1063//2080 
f 961//2081 1008//2081 951//2081 
f 957//2082 983//2082 942//2082 
f 1087//2083 1136//2083 1067//2083 
f 1118//2084 1099//2084 1046//2084 
f 1112//2085 1136//2085 1087//2085 
f 1067//2086 1046//2086 1018//2086 
f 911//2087 923//2087 882//2087 
f 947//2088 948//2088 900//2088 
f 968//2089 982//2089 941//2089 
f 868//2090 841//2090 825//2090 
f 1003//2091 1007//2091 950//2091 
f 911//2092 882//2092 868//2092 
f 1021//2093 992//2093 984//2093 
f 958//2094 992//2094 935//2094 
f 945//2095 986//2095 929//2095 
f 788//2096 765//2096 742//2096 
f 935//2097 907//2097 894//2097 
f 884//2098 866//2098 847//2098 
f 1179//2099 1173//2099 1127//2099 
f 945//2100 929//2100 907//2100 
f 721//2101 722//2101 697//2101 
f 816//2102 857//2102 814//2102 
f 698//2103 721//2103 694//2103 
f 903//2104 856//2104 853//2104 
f 653//2105 663//2105 648//2105 
f 692//2106 682//2106 666//2106 
f 905//2107 868//2107 860//2107 
f 753//2108 763//2108 738//2108 
f 883//2109 869//2109 842//2109 
f 842//2110 826//2110 795//2110 
f 912//2111 906//2111 869//2111 
f 869//2112 906//2112 861//2112 
f 2485//2113 2534//2113 2455//2113 
f 2475//2114 2459//2114 2407//2114 
f 2348//2115 2320//2115 2277//2115 
f 2407//2116 2386//2116 2314//2116 
f 2520//2117 2508//2117 2433//2117 
f 2842//2118 2822//2118 2773//2118 
f 2057//2119 2096//2119 2037//2119 
f 2378//2120 2461//2120 2368//2120 
f 2649//2121 2632//2121 2565//2121 
f 2701//2122 2677//2122 2632//2122 
f 2541//2123 2600//2123 2517//2123 
f 2482//2124 2541//2124 2466//2124 
f 2726//2125 2760//2125 2697//2125 
f 2503//2126 2557//2126 2474//2126 
f 2371//2127 2341//2127 2309//2127 
f 2391//2128 2371//2128 2309//2128 
f 2087//2129 2163//2129 2079//2129 
f 2079//2130 2163//2130 2077//2130 
f 2345//2131 2414//2131 2323//2131 
f 2414//2132 2391//2132 2323//2132 
f 2016//2133 2050//2133 2008//2133 
f 1888//2134 1835//2134 1821//2134 
f 1878//2135 1888//2135 1821//2135 
f 1868//2136 1878//2136 1821//2136 
f 2032//2137 2022//2137 1959//2137 
f 2042//2138 2089//2138 2032//2138 
f 2085//2139 2111//2139 2081//2139 
f 2187//2140 2216//2140 2147//2140 
f 2151//2141 2187//2141 2111//2141 
f 1902//2142 1898//2142 1882//2142 
f 2604//2143 2572//2143 2555//2143 
f 2618//2144 2653//2144 2576//2144 
f 2705//2145 2673//2145 2655//2145 
f 2574//2146 2545//2146 2513//2146 
f 2736//2147 2782//2147 2730//2147 
f 2689//2148 2730//2148 2646//2148 
f 2636//2149 2685//2149 2604//2149 
f 2600//2150 2638//2150 2582//2150 
f 2501//2151 2535//2151 2456//2151 
f 2458//2152 2501//2152 2456//2152 
f 2576//2153 2616//2153 2563//2153 
f 2653//2154 2616//2154 2576//2154 
f 2646//2155 2671//2155 2596//2155 
f 2545//2156 2476//2156 2460//2156 
f 2685//2157 2651//2157 2604//2157 
f 2525//2158 2572//2158 2493//2158 
f 2555//2159 2572//2159 2525//2159 
f 2507//2160 2555//2160 2480//2160 
f 2474//2161 2507//2161 2454//2161 
f 2537//2162 2507//2162 2474//2162 
f 2424//2163 2397//2163 2341//2163 
f 2424//2164 2442//2164 2397//2164 
f 2313//2165 2367//2165 2286//2165 
f 2313//2166 2286//2166 2266//2166 
f 2557//2167 2537//2167 2474//2167 
f 2715//2168 2685//2168 2663//2168 
f 885//2169 908//2169 848//2169 
f 895//2170 893//2170 863//2170 
f 993//2171 959//2171 936//2171 
f 993//2172 985//2172 959//2172 
f 1022//2173 1055//2173 1016//2173 
f 1022//2174 1016//2174 985//2174 
f 1247//2175 1274//2175 1225//2175 
f 1150//2176 1195//2176 1103//2176 
f 1081//2177 1101//2177 1038//2177 
f 1247//2178 1195//2178 1150//2178 
f 1128//2179 1138//2179 1095//2179 
f 1180//2180 1138//2180 1128//2180 
f 979//2181 1018//2181 957//2181 
f 998//2182 1018//2182 979//2182 
f 1095//2183 1069//2183 1057//2183 
f 1057//2184 1069//2184 1030//2184 
f 1399//2185 1330//2185 1320//2185 
f 1492//2186 1506//2186 1428//2186 
f 1444//2187 1458//2187 1393//2187 
f 1458//2188 1482//2188 1393//2188 
f 1436//2189 1456//2189 1403//2189 
f 1403//2190 1430//2190 1355//2190 
f 1345//2191 1278//2191 1261//2191 
f 1428//2192 1359//2192 1345//2192 
f 1278//2193 1288//2193 1233//2193 
f 1233//2194 1166//2194 1134//2194 
f 1166//2195 1101//2195 1081//2195 
f 1166//2196 1184//2196 1101//2196 
f 1134//2197 1166//2197 1081//2197 
f 887//2198 897//2198 855//2198 
f 1599//2199 1529//2199 1517//2199 
f 1506//2200 1517//2200 1428//2200 
f 1969//2201 1815//2201 1811//2201 
f 1970//2202 1969//2202 1811//2202 
f 1976//2203 1785//2203 1783//2203 
f 1783//2204 1785//2204 1664//2204 
f 2377//2205 2416//2205 2331//2205 
f 2458//2206 2416//2206 2412//2206 
f 2596//2207 2628//2207 2574//2207 
f 2578//2208 2509//2208 2499//2208 
f 2157//2209 2177//2209 2139//2209 
f 2258//2210 2218//2210 2210//2210 
f 2331//2211 2290//2211 2262//2211 
f 2294//2212 2331//2212 2262//2212 
f 2331//2213 2375//2213 2290//2213 
f 2375//2214 2361//2214 2319//2214 
f 1839//2215 1856//2215 1791//2215 
f 2266//2216 2230//2216 2183//2216 
f 1960//2217 2032//2217 1959//2217 
f 1961//2218 1878//2218 1868//2218 
f 2119//2219 2183//2219 2101//2219 
f 2183//2220 2157//2220 2101//2220 
f 1543//2221 1581//2221 1498//2221 
f 1417//2222 1371//2222 1338//2222 
f 1535//2223 1549//2223 1504//2223 
f 1424//2224 1395//2224 1375//2224 
f 1417//2225 1409//2225 1371//2225 
f 1355//2226 1385//2226 1338//2226 
f 1292//2227 1334//2227 1257//2227 
f 1292//2228 1257//2228 1215//2228 
f 1274//2229 1306//2229 1225//2229 
f 1355//2230 1306//2230 1274//2230 
f 1967//2231 2087//2231 1966//2231 
f 2095//2232 2091//2232 1968//2232 
f 1965//2233 1964//2233 1831//2233 
f 1831//2234 1833//2234 1747//2234 
f 1519//2235 1539//2235 1486//2235 
f 1545//2236 1565//2236 1496//2236 
f 1811//2237 1706//2237 1702//2237 
f 1811//2238 1815//2238 1706//2238 
f 1747//2239 1688//2239 1674//2239 
f 1747//2240 1757//2240 1688//2240 
f 1601//2241 1569//2241 1539//2241 
f 1601//2242 1628//2242 1569//2242 
f 1668//2243 1571//2243 1563//2243 
f 1571//2244 1484//2244 1474//2244 
f 1660//2245 1559//2245 1557//2245 
f 1557//2246 1559//2246 1470//2246 
f 1668//2247 1672//2247 1571//2247 
f 1664//2248 1668//2248 1559//2248 
f 1465//2249 1470//2249 1380//2249 
f 1380//2250 1383//2250 1304//2250 
f 1470//2251 1383//2251 1380//2251 
f 1383//2252 1387//2252 1308//2252 
f 1308//2253 1316//2253 1241//2253 
f 1320//2254 1330//2254 1261//2254 
f 1320//2255 1261//2255 1251//2255 
f 1387//2256 1316//2256 1308//2256 
f 1387//2257 1391//2257 1316//2257 
f 1109//2258 1048//2258 1042//2258 
f 1042//2259 991//2259 981//2259 
f 2526//2260 2528//2260 2439//2260 
f 2610//2261 2609//2261 2679//2261 
f 2678//2262 2679//2262 2609//2262 
f 2355//2263 2354//2263 2444//2263 
f 2443//2264 2444//2264 2354//2264 
f 2439//2265 2443//2265 2354//2265 
f 2444//2266 2443//2266 2529//2266 
f 2528//2267 2529//2267 2443//2267 
f 2831//2268 2830//2268 2882//2268 
f 2881//2269 2882//2269 2830//2269 
f 2877//2270 2881//2270 2830//2270 
f 2932//2271 2934//2271 2881//2271 
f 2932//2272 2881//2272 2877//2272 
f 3255//2273 3238//2273 3226//2273 
f 3216//2274 3226//2274 3207//2274 
f 3259//2275 3257//2275 3244//2275 
f 3244//2276 3257//2276 3240//2276 
f 3282//2277 3297//2277 3262//2277 
f 3282//2278 3262//2278 3257//2278 
f 3297//2279 3300//2279 3291//2279 
f 3230//2280 3201//2280 3193//2280 
f 3284//2281 3297//2281 3282//2281 
f 3299//2282 3297//2282 3284//2282 
f 3242//2283 3226//2283 3216//2283 
f 3297//2284 3285//2284 3262//2284 
f 3178//2285 3189//2285 3164//2285 
f 3162//2286 3178//2286 3153//2286 
f 3245//2287 3228//2287 3213//2287 
f 3213//2288 3228//2288 3189//2288 
f 3162//2289 3153//2289 3137//2289 
f 3137//2290 3153//2290 3106//2290 
f 3081//2291 3089//2291 3054//2291 
f 3106//2292 3124//2292 3081//2292 
f 3104//2293 3108//2293 3071//2293 
f 3102//2294 3104//2294 3063//2294 
f 3076//2295 3033//2295 3075//2295 
f 3032//2296 3075//2296 3033//2296 
f 3075//2297 3032//2297 3028//2297 
f 3302//2298 3306//2298 3298//2298 
f 3306//2299 3299//2299 3298//2299 
f 3294//2300 3303//2300 3293//2300 
f 3302//2301 3293//2301 3303//2301 
f 3215//2302 3211//2302 3188//2302 
f 3188//2303 3211//2303 3186//2303 
f 3252//2304 3237//2304 3217//2304 
f 3244//2305 3215//2305 3212//2305 
f 3128//2306 3159//2306 3126//2306 
f 3123//2307 3127//2307 3094//2307 
f 3155//2308 3170//2308 3145//2308 
f 3186//2309 3180//2309 3155//2309 
f 3129//2310 3157//2310 3116//2310 
f 3048//2311 3087//2311 3040//2311 
f 3065//2312 3044//2312 3030//2312 
f 3067//2313 3050//2313 3010//2313 
f 1427//2314 1491//2314 1412//2314 
f 1505//2315 1491//2315 1427//2315 
f 1584//2316 1677//2316 1576//2316 
f 1576//2317 1677//2317 1570//2317 
f 1800//2318 1937//2318 1796//2318 
f 1938//2319 1937//2319 1800//2319 
f 1796//2320 1792//2320 1681//2320 
f 1681//2321 1792//2321 1677//2321 
f 2867//2322 2818//2322 2812//2322 
f 2710//2323 2648//2323 2631//2323 
f 2283//2324 2203//2324 2190//2324 
f 2283//2325 2207//2325 2203//2325 
f 2465//2326 2392//2326 2380//2326 
f 2295//2327 2213//2327 2207//2327 
f 2473//2328 2427//2328 2413//2328 
f 2427//2329 2380//2329 2364//2329 
f 2427//2330 2451//2330 2380//2330 
f 2516//2331 2451//2331 2427//2331 
f 2364//2332 2380//2332 2283//2332 
f 2271//2333 2190//2333 2170//2333 
f 2310//2334 2223//2334 2213//2334 
f 2481//2335 2496//2335 2417//2335 
f 2540//2336 2481//2336 2465//2336 
f 2516//2337 2540//2337 2465//2337 
f 2660//2338 2676//2338 2599//2338 
f 2725//2339 2660//2339 2637//2339 
f 2403//2340 2417//2340 2316//2340 
f 2481//2341 2417//2341 2403//2341 
f 2421//2342 2425//2342 2338//2342 
f 2510//2343 2425//2343 2421//2343 
f 2903//2344 2922//2344 2871//2344 
f 2963//2345 2922//2345 2903//2345 
f 2922//2346 2942//2346 2895//2346 
f 2907//2347 2867//2347 2861//2347 
f 2800//2348 2731//2348 2710//2348 
f 2895//2349 2907//2349 2861//2349 
f 2818//2350 2761//2350 2757//2350 
f 2668//2351 2601//2351 2593//2351 
f 2648//2352 2589//2352 2579//2352 
f 2648//2353 2658//2353 2589//2353 
f 2518//2354 2522//2354 2435//2354 
f 2510//2355 2518//2355 2435//2355 
f 1380//2356 1304//2356 1299//2356 
f 2238//2357 2339//2357 2232//2357 
f 2339//2358 2333//2358 2232//2358 
f 1793//2359 1797//2359 1682//2359 
f 1972//2360 2109//2360 1971//2360 
f 1973//2361 1972//2361 1793//2361 
f 1971//2362 1970//2362 1801//2362 
f 2117//2363 2228//2363 2113//2363 
f 2228//2364 2325//2364 2224//2364 
f 2127//2365 2125//2365 1976//2365 
f 2131//2366 2246//2366 2127//2366 
f 2131//2367 2127//2367 1976//2367 
f 1977//2368 2131//2368 1976//2368 
f 2135//2369 2134//2369 1979//2369 
f 1978//2370 1979//2370 2134//2370 
f 2254//2371 2253//2371 2135//2371 
f 2134//2372 2135//2372 2253//2372 
f 2446//2373 2445//2373 2357//2373 
f 2356//2374 2357//2374 2445//2374 
f 2681//2375 2680//2375 2612//2375 
f 2611//2376 2612//2376 2680//2376 
f 2878//2377 2874//2377 2827//2377 
f 2832//2378 2878//2378 2827//2378 
f 2594//2379 2665//2379 2590//2379 
f 2669//2380 2665//2380 2594//2380 
f 2732//2381 2801//2381 2711//2381 
f 2732//2382 2711//2382 2659//2382 
f 2845//2383 2829//2383 2790//2383 
f 2790//2384 2829//2384 2776//2384 
f 3029//2385 3064//2385 3023//2385 
f 3064//2386 3055//2386 3023//2386 
f 2960//2387 3003//2387 2958//2387 
f 3100//2388 3085//2388 3067//2388 
f 3087//2389 3083//2389 3040//2389 
f 2997//2390 2985//2390 2940//2390 
f 3126//2391 3122//2391 3093//2391 
f 3161//2392 3159//2392 3128//2392 
f 3003//2393 3040//2393 2997//2393 
f 3083//2394 3114//2394 3067//2394 
f 3093//2395 3087//2395 3048//2395 
f 3093//2396 3122//2396 3087//2396 
f 3053//2397 3006//2397 3004//2397 
f 3053//2398 3056//2398 3006//2398 
f 3009//2399 2962//2399 2961//2399 
f 3056//2400 3095//2400 3052//2400 
f 3117//2401 3101//2401 3086//2401 
f 3084//2402 3088//2402 3041//2402 
f 2795//2403 2856//2403 2793//2403 
f 2856//2404 2850//2404 2793//2404 
f 2889//2405 2926//2405 2875//2405 
f 2838//2406 2824//2406 2779//2406 
f 2915//2407 2913//2407 2860//2407 
f 2915//2408 2960//2408 2913//2408 
f 2968//2409 2986//2409 2941//2409 
f 2998//2410 3004//2410 2959//2410 
f 2906//2411 2851//2411 2847//2411 
f 2906//2412 2857//2412 2851//2412 
f 2902//2413 2906//2413 2847//2413 
f 2839//2414 2847//2414 2788//2414 
f 2687//2415 2630//2415 2624//2415 
f 2876//2416 2890//2416 2825//2416 
f 2709//2417 2713//2417 2644//2417 
f 2796//2418 2713//2418 2709//2418 
f 2799//2419 2795//2419 2724//2419 
f 2796//2420 2799//2420 2724//2420 
f 2687//2421 2624//2421 2608//2421 
f 2742//2422 2687//2422 2667//2422 
f 2640//2423 2657//2423 2592//2423 
f 2728//2424 2657//2424 2640//2424 
f 2815//2425 2841//2425 2798//2425 
f 2947//2426 2912//2426 2880//2426 
f 2947//2427 2931//2427 2912//2427 
f 2843//2428 2864//2428 2792//2428 
f 2970//2429 2996//2429 2953//2429 
f 3031//2430 2996//2430 2970//2430 
f 2917//2431 2925//2431 2888//2431 
f 2951//2432 2925//2432 2917//2432 
f 3258//2433 3241//2433 3237//2433 
f 3256//2434 3252//2434 3243//2434 
f 3256//2435 3263//2435 3252//2435 
f 3256//2436 3243//2436 3227//2436 
f 3078//2437 3111//2437 3077//2437 
f 3110//2438 3077//2438 3111//2438 
f 3174//2439 3169//2439 3149//2439 
f 2418//2440 2404//2440 2317//2440 
f 2418//2441 2482//2441 2404//2441 
f 2232//2442 2325//2442 2228//2442 
f 2333//2443 2325//2443 2232//2443 
f 2590//2444 2649//2444 2580//2444 
f 2659//2445 2649//2445 2590//2445 
f 2250//2446 2351//2446 2246//2446 
f 2246//2447 2351//2447 2242//2447 
f 2351//2448 2436//2448 2347//2448 
f 2440//2449 2438//2449 2351//2449 
f 2426//2450 2422//2450 2339//2450 
f 2426//2451 2511//2451 2422//2451 
f 2438//2452 2436//2452 2351//2452 
f 2347//2453 2339//2453 2242//2453 
f 2311//2454 2381//2454 2296//2454 
f 2095//2455 2191//2455 2091//2455 
f 2105//2456 2099//2456 1970//2456 
f 2109//2457 2105//2457 1970//2457 
f 1969//2458 2095//2458 1968//2458 
f 2091//2459 2087//2459 1967//2459 
f 2365//2460 2345//2460 2272//2460 
f 2365//2461 2414//2461 2345//2461 
f 2214//2462 2296//2462 2208//2462 
f 2393//2463 2466//2463 2381//2463 
f 632//2464 617//2464 633//2464 
f 618//2465 633//2465 617//2465 
f 623//2466 615//2466 611//2466 
f 668//2467 672//2467 651//2467 
f 611//2468 615//2468 606//2468 
f 715//2469 740//2469 705//2469 
f 680//2470 715//2470 676//2470 
f 719//2471 744//2471 715//2471 
f 746//2472 755//2472 730//2472 
f 771//2473 755//2473 746//2473 
f 1235//2474 1148//2474 1145//2474 
f 1241//2475 1152//2475 1148//2475 
f 807//2476 820//2476 785//2476 
f 855//2477 820//2477 807//2477 
f 800//2478 770//2478 761//2478 
f 820//2479 828//2479 785//2479 
f 887//2480 855//2480 846//2480 
f 881//2481 887//2481 846//2481 
f 838//2482 805//2482 800//2482 
f 833//2483 800//2483 834//2483 
f 801//2484 834//2484 800//2484 
f 1078//2485 1032//2485 1027//2485 
f 977//2486 981//2486 938//2486 
f 833//2487 838//2487 800//2487 
f 696//2488 671//2488 664//2488 
f 681//2489 696//2489 664//2489 
f 731//2490 725//2490 714//2490 
f 731//2491 747//2491 725//2491 
f 791//2492 789//2492 766//2492 
f 743//2493 768//2493 727//2493 
f 772//2494 791//2494 747//2494 
f 756//2495 772//2495 747//2495 
f 871//2496 895//2496 863//2496 
f 871//2497 863//2497 840//2497 
f 739//2498 754//2498 729//2498 
f 764//2499 754//2499 739//2499 
f 669//2500 698//2500 665//2500 
f 700//2501 698//2501 669//2501 
f 624//2502 647//2502 612//2502 
f 617//2503 624//2503 612//2503 
f 713//2504 730//2504 695//2504 
f 753//2505 728//2505 722//2505 
f 878//2506 864//2506 843//2506 
f 823//2507 843//2507 792//2507 
f 841//2508 858//2508 823//2508 
f 753//2509 738//2509 728//2509 
f 1198//2510 1250//2510 1177//2510 
f 1169//2511 1240//2511 1151//2511 
f 1144//2512 1143//2512 1229//2512 
f 1228//2513 1229//2513 1143//2513 
f 1090//2514 1082//2514 1035//2514 
f 1041//2515 1090//2515 1035//2515 
f 1064//2516 1047//2516 1013//2516 
f 1080//2517 1064//2517 1013//2517 
f 1133//2518 1198//2518 1119//2518 
f 1208//2519 1198//2519 1133//2519 
f 1390//2520 1386//2520 1315//2520 
f 1315//2521 1386//2521 1307//2521 
f 1319//2522 1398//2522 1315//2522 
f 1329//2523 1398//2523 1319//2523 
f 990//2524 980//2524 943//2524 
f 990//2525 1041//2525 980//2525 
f 929//2526 909//2526 866//2526 
f 929//2527 966//2527 909//2527 
f 1553//2528 1552//2528 1656//2528 
f 1655//2529 1656//2529 1552//2529 
f 1663//2530 1778//2530 1659//2530 
f 1562//2531 1667//2531 1558//2531 
f 1368//2532 1427//2532 1358//2532 
f 1232//2533 1277//2533 1208//2533 
f 1427//2534 1412//2534 1344//2534 
f 1412//2535 1487//2535 1404//2535 
f 1782//2536 1778//2536 1663//2536 
f 1659//2537 1655//2537 1556//2537 
f 1778//2538 1930//2538 1774//2538 
f 1778//2539 1774//2539 1655//2539 
f 2245//2540 2126//2540 2124//2540 
f 2245//2541 2130//2541 2126//2541 
f 3118//2542 3137//2542 3091//2542 
f 3137//2543 3106//2543 3091//2543 
f 2999//2544 2965//2544 2956//2544 
f 2965//2545 2918//2545 2907//2545 
f 2965//2546 2928//2546 2918//2546 
f 2965//2547 2971//2547 2928//2547 
f 3081//2548 3054//2548 3042//2548 
f 3042//2549 3054//2549 2999//2549 
f 3104//2550 3071//2550 3063//2550 
f 3063//2551 3071//2551 3028//2551 
f 1814//2552 1940//2552 1810//2552 
f 1941//2553 1940//2553 1814//2553 
f 2869//2554 2903//2554 2836//2554 
f 2869//2555 2836//2555 2806//2555 
f 2688//2556 2735//2556 2652//2556 
f 2694//2557 2650//2557 2617//2557 
f 2820//2558 2816//2558 2783//2558 
f 2822//2559 2797//2559 2773//2559 
f 2759//2560 2696//2560 2662//2560 
f 2759//2561 2725//2561 2696//2561 
f 2852//2562 2820//2562 2781//2562 
f 2920//2563 2924//2563 2893//2563 
f 2820//2564 2783//2564 2781//2564 
f 2816//2565 2806//2565 2777//2565 
f 2473//2566 2502//2566 2427//2566 
f 2619//2567 2556//2567 2536//2567 
f 2573//2568 2595//2568 2546//2568 
f 2698//2569 2686//2569 2629//2569 
f 2737//2570 2797//2570 2704//2570 
f 2670//2571 2729//2571 2645//2571 
f 2783//2572 2816//2572 2733//2572 
f 2704//2573 2670//2573 2627//2573 
f 2360//2574 2318//2574 2273//2574 
f 2405//2575 2455//2575 2374//2575 
f 2500//2576 2457//2576 2455//2576 
f 2455//2577 2457//2577 2415//2577 
f 2554//2578 2506//2578 2479//2578 
f 2554//2579 2587//2579 2506//2579 
f 2571//2580 2524//2580 2492//2580 
f 2492//2581 2524//2581 2479//2581 
f 2376//2582 2411//2582 2328//2582 
f 2415//2583 2411//2583 2376//2583 
f 2285//2584 2312//2584 2265//2584 
f 2152//2585 2162//2585 2076//2585 
f 2396//2586 2423//2586 2340//2586 
f 2366//2587 2396//2587 2340//2587 
f 1871//2588 1828//2588 1812//2588 
f 1871//2589 1885//2589 1828//2589 
f 2017//2590 2092//2590 2013//2590 
f 2199//2591 2172//2591 2114//2591 
f 2051//2592 2174//2592 2047//2592 
f 2080//2593 2084//2593 2061//2593 
f 2144//2594 2201//2594 2120//2594 
f 1824//2595 1859//2595 1802//2595 
f 1893//2596 1887//2596 1859//2596 
f 2158//2597 2144//2597 2082//2597 
f 1861//2598 1863//2598 1744//2598 
f 1602//2599 1603//2599 1507//2599 
f 2063//2600 2188//2600 2059//2600 
f 2382//2601 2360//2601 2301//2601 
f 2158//2602 2219//2602 2144//2602 
f 2128//2603 2211//2603 2114//2603 
f 2233//2604 2314//2604 2225//2604 
f 1828//2605 1824//2605 1798//2605 
f 1722//2606 1758//2606 1691//2606 
f 1877//2607 1948//2607 1867//2607 
f 1808//2608 1867//2608 1790//2608 
f 1752//2609 1726//2609 1699//2609 
f 1758//2610 1802//2610 1732//2610 
f 1499//2611 1477//2611 1445//2611 
f 1447//2612 1366//2612 1360//2612 
f 1477//2613 1503//2613 1453//2613 
f 1548//2614 1590//2614 1534//2614 
f 1333//2615 1337//2615 1291//2615 
f 1333//2616 1291//2616 1256//2616 
f 1798//2617 1758//2617 1722//2617 
f 1762//2618 1798//2618 1722//2618 
f 1707//2619 1693//2619 1665//2619 
f 1588//2620 1607//2620 1526//2620 
f 1062//2621 1070//2621 1007//2621 
f 1019//2622 1033//2622 982//2622 
f 1497//2623 1512//2623 1467//2623 
f 1094//2624 1127//2624 1056//2624 
f 1029//2625 1056//2625 988//2625 
f 1111//2626 1094//2626 1068//2626 
f 1167//2627 1098//2627 1084//2627 
f 1135//2628 1086//2628 1066//2628 
f 1621//2629 1629//2629 1530//2629 
f 2097//2630 2073//2630 2058//2630 
f 1959//2631 1958//2631 1894//2631 
f 2002//2632 1998//2632 1996//2632 
f 2234//2633 2248//2633 2155//2633 
f 1767//2634 1761//2634 1684//2634 
f 2168//2635 2269//2635 2164//2635 
f 1676//2636 1755//2636 1662//2636 
f 1725//2637 1721//2637 1622//2637 
f 1741//2638 1735//2638 1630//2638 
f 1567//2639 1547//2639 1476//2639 
f 1642//2640 1710//2640 1632//2640 
f 1236//2641 1204//2641 1171//2641 
f 1202//2642 1129//2642 1121//2642 
f 1275//2643 1279//2643 1202//2643 
f 1267//2644 1275//2644 1202//2644 
f 1265//2645 1267//2645 1200//2645 
f 1422//2646 1511//2646 1420//2646 
f 1510//2647 1425//2647 1421//2647 
f 1425//2648 1348//2648 1342//2648 
f 1520//2649 1524//2649 1437//2649 
f 1524//2650 1447//2650 1437//2650 
f 1197//2651 1266//2651 1185//2651 
f 1201//2652 1266//2652 1197//2652 
f 1262//2653 1265//2653 1185//2653 
f 1196//2654 1200//2654 1113//2654 
f 1246//2655 1289//2655 1212//2655 
f 1273//2656 1289//2656 1246//2656 
f 1287//2657 1344//2657 1277//2657 
f 1457//2658 1443//2658 1392//2658 
f 1637//2659 1625//2659 1544//2659 
f 1564//2660 1637//2660 1544//2660 
f 2322//2661 2259//2661 2235//2661 
f 2322//2662 2344//2662 2271//2662 
f 2086//2663 2090//2663 1942//2663 
f 1944//2664 2086//2664 1943//2664 
f 2221//2665 2162//2665 2152//2665 
f 2221//2666 2235//2666 2162//2666 
f 1945//2667 1944//2667 1830//2667 
f 1830//2668 1944//2668 1822//2668 
f 1687//2669 1673//2669 1627//2669 
f 1687//2670 1746//2670 1673//2670 
f 1649//2671 1637//2671 1586//2671 
f 1586//2672 1637//2672 1564//2672 
f 1538//2673 1600//2673 1518//2673 
f 1512//2674 1485//2674 1467//2674 
f 1512//2675 1568//2675 1485//2675 
f 1455//2676 1518//2676 1435//2676 
f 1820//2677 1808//2677 1752//2677 
f 1949//2678 1948//2678 1877//2678 
f 1623//2679 1596//2679 1542//2679 
f 1732//2680 1752//2680 1699//2680 
f 1838//2681 1832//2681 1768//2681 
f 1838//2682 1945//2682 1832//2682 
f 1947//2683 2070//2683 1946//2683 
f 1946//2684 2070//2684 1945//2684 
f 1175//2685 1194//2685 1131//2685 
f 1131//2686 1194//2686 1102//2686 
f 1337//2687 1354//2687 1305//2687 
f 1305//2688 1354//2688 1273//2688 
f 1402//2689 1372//2689 1321//2689 
f 1402//2690 1435//2690 1372//2690 
f 1477//2691 1423//2691 1394//2691 
f 1139//2692 1167//2692 1084//2692 
f 2088//2693 2041//2693 2031//2693 
f 1948//2694 2041//2694 1947//2694 
f 2074//2695 2088//2695 2021//2695 
f 2061//2696 2084//2696 2049//2696 
f 2995//2697 2969//2697 2952//2697 
f 2891//2698 2911//2698 2865//2698 
f 2909//2699 2891//2699 2863//2699 
f 2846//2700 2901//2700 2838//2700 
f 2926//2701 2952//2701 2909//2701 
f 2911//2702 2879//2702 2865//2702 
f 2810//2703 2863//2703 2791//2703 
f 2824//2704 2810//2704 2741//2704 
f 2905//2705 2958//2705 2901//2705 
f 2958//2706 2948//2706 2901//2706 
f 3007//2707 2983//2707 2946//2707 
f 2969//2708 3007//2708 2946//2708 
f 3014//2709 3001//2709 2973//2709 
f 3069//2710 3091//2710 3038//2710 
f 3046//2711 3038//2711 3014//2711 
f 3016//2712 3046//2712 3014//2712 
f 3061//2713 3081//2713 3042//2713 
f 3014//2714 3038//2714 3001//2714 
f 2138//2715 2156//2715 2088//2715 
f 2118//2716 2070//2716 2053//2716 
f 2182//2717 2118//2717 2100//2717 
f 2100//2718 2118//2718 2041//2718 
f 2265//2719 2281//2719 2205//2719 
f 2285//2720 2229//2720 2209//2720 
f 2217//2721 2209//2721 2176//2721 
f 2176//2722 2209//2722 2156//2722 
f 2289//2723 2261//2723 2243//2723 
f 2289//2724 2330//2724 2261//2724 
f 2301//2725 2360//2725 2273//2725 
f 2301//2726 2273//2726 2239//2726 
f 2243//2727 2261//2727 2215//2727 
f 2243//2728 2215//2728 2201//2728 
f 2202//2729 2220//2729 2145//2729 
f 2262//2730 2244//2730 2216//2730 
f 2315//2731 2327//2731 2248//2731 
f 1795//2732 1781//2732 1698//2732 
f 2401//2733 2402//2733 2306//2733 
f 2398//2734 2394//2734 2297//2734 
f 2608//2735 2549//2735 2543//2735 
f 2578//2736 2592//2736 2521//2736 
f 2275//2737 2362//2737 2269//2737 
f 2520//2738 2577//2738 2508//2738 
f 2394//2739 2388//2739 2291//2739 
f 2394//2740 2477//2740 2388//2740 
f 2591//2741 2577//2741 2520//2741 
f 2508//2742 2498//2742 2433//2742 
f 2560//2743 2633//2743 2552//2743 
f 2566//2744 2633//2744 2560//2744 
f 2647//2745 2643//2745 2568//2745 
f 2569//2746 2570//2746 2491//2746 
f 2706//2747 2698//2747 2629//2747 
f 2633//2748 2629//2748 2552//2748 
f 2402//2749 2491//2749 2400//2749 
f 2490//2750 2491//2750 2401//2750 
f 2487//2751 2566//2751 2483//2751 
f 2489//2752 2487//2752 2398//2752 
f 2567//2753 2569//2753 2490//2753 
f 2644//2754 2569//2754 2567//2754 
f 2634//2755 2567//2755 2561//2755 
f 2780//2756 2788//2756 2707//2756 
f 2549//2757 2553//2757 2478//2757 
f 2630//2758 2553//2758 2549//2758 
f 2890//2759 2902//2759 2839//2759 
f 2902//2760 2847//2760 2839//2760 
f 2843//2761 2792//2761 2774//2761 
f 2823//2762 2843//2762 2774//2762 
f 1612//2763 1715//2763 1606//2763 
f 1432//2764 1515//2764 1426//2764 
f 1515//2765 1612//2765 1511//2765 
f 1603//2766 1605//2766 1510//2766 
f 1511//2767 1509//2767 1420//2767 
f 1420//2768 1509//2768 1418//2768 
f 1510//2769 1514//2769 1425//2769 
f 1510//2770 1421//2770 1419//2770 
f 1280//2771 1357//2771 1276//2771 
f 1438//2772 1432//2772 1361//2772 
f 1116//2773 1114//2773 1053//2773 
f 1059//2774 1116//2774 1053//2774 
f 1314//2775 1336//2775 1282//2775 
f 1282//2776 1336//2776 1255//2776 
f 1264//2777 1314//2777 1239//2777 
f 1264//2778 1239//2778 1180//2778 
f 1409//2779 1454//2779 1375//2779 
f 1334//2780 1347//2780 1294//2780 
f 2222//2781 2282//2781 2206//2781 
f 2222//2782 2206//2782 2141//2782 
f 1624//2783 1652//2783 1616//2783 
f 1809//2784 1821//2784 1753//2784 
f 1791//2785 1809//2785 1727//2785 
f 1769//2786 1791//2786 1727//2786 
f 1839//2787 1791//2787 1769//2787 
f 1962//2788 1868//2788 1856//2788 
f 1581//2789 1616//2789 1579//2789 
f 1829//2790 1813//2790 1799//2790 
f 1692//2791 1648//2791 1616//2791 
f 1648//2792 1666//2792 1620//2792 
f 1624//2793 1616//2793 1581//2793 
f 1513//2794 1543//2794 1498//2794 
f 1500//2795 1480//2795 1415//2795 
f 1415//2796 1397//2796 1363//2796 
f 1860//2797 1848//2797 1825//2797 
f 1759//2798 1723//2798 1692//2798 
f 2072//2799 2057//2799 2005//2799 
f 1763//2800 1743//2800 1694//2800 
f 1286//2801 1361//2801 1280//2801 
f 1286//2802 1280//2802 1223//2802 
f 1460//2803 1448//2803 1367//2803 
f 1389//2804 1460//2804 1367//2804 
f 1500//2805 1537//2805 1480//2805 
f 1502//2806 1490//2806 1434//2806 
f 1055//2807 1089//2807 1016//2807 
f 1132//2808 1176//2808 1093//2808 
f 989//2809 963//2809 955//2809 
f 985//2810 989//2810 955//2810 
f 809//2811 795//2811 764//2811 
f 811//2812 836//2812 789//2812 
f 836//2813 813//2813 789//2813 
f 836//2814 865//2814 813//2814 
f 946//2815 965//2815 936//2815 
f 1006//2816 965//2816 946//2816 
f 996//2817 994//2817 949//2817 
f 1004//2818 996//2818 949//2818 
f 1113//2819 1115//2819 1052//2819 
f 1115//2820 1058//2820 1052//2820 
f 1168//2821 1140//2821 1085//2821 
f 1168//2822 1223//2822 1140//2822 
f 1085//2823 1071//2823 1020//2823 
f 912//2824 951//2824 906//2824 
f 899//2825 942//2825 883//2825 
f 957//2826 942//2826 899//2826 
f 1044//2827 1018//2827 998//2827 
f 1067//2828 1118//2828 1046//2828 
f 1136//2829 1182//2829 1118//2829 
f 1118//2830 1182//2830 1099//2830 
f 994//2831 948//2831 947//2831 
f 995//2832 1003//2832 948//2832 
f 1070//2833 1019//2833 1007//2833 
f 960//2834 968//2834 911//2834 
f 1098//2835 1117//2835 1045//2835 
f 1045//2836 1066//2836 1017//2836 
f 905//2837 860//2837 856//2837 
f 968//2838 941//2838 923//2838 
f 905//2839 911//2839 868//2839 
f 1007//2840 960//2840 950//2840 
f 992//2841 964//2841 935//2841 
f 992//2842 1005//2842 964//2842 
f 864//2843 892//2843 862//2843 
f 1056//2844 1015//2844 988//2844 
f 907//2845 929//2845 884//2845 
f 862//2846 839//2846 810//2846 
f 817//2847 802//2847 771//2847 
f 790//2848 817//2848 771//2848 
f 894//2849 870//2849 862//2849 
f 954//2850 984//2850 921//2850 
f 1068//2851 1056//2851 1029//2851 
f 1056//2852 1088//2852 1015//2852 
f 853//2853 856//2853 814//2853 
f 856//2854 815//2854 814//2854 
f 763//2855 751//2855 738//2855 
f 767//2856 742//2856 726//2856 
f 697//2857 699//2857 668//2857 
f 722//2858 728//2858 697//2858 
f 729//2859 754//2859 723//2859 
f 787//2860 816//2860 783//2860 
f 780//2861 809//2861 764//2861 
f 780//2862 764//2862 752//2862 
f 809//2863 842//2863 795//2863 
f 824//2864 842//2864 809//2864 
f 842//2865 869//2865 826//2865 
f 826//2866 822//2866 787//2866 
f 2409//2867 2431//2867 2382//2867 
f 2485//2868 2455//2868 2431//2868 
f 2698//2869 2779//2869 2686//2869 
f 2629//2870 2686//2870 2623//2870 
f 2632//2871 2677//2871 2622//2871 
f 2701//2872 2776//2872 2677//2872 
f 2760//2873 2715//2873 2663//2873 
f 2517//2874 2503//2874 2428//2874 
f 2744//2875 2726//2875 2661//2875 
f 2837//2876 2807//2876 2760//2876 
f 2663//2877 2685//2877 2636//2877 
f 2557//2878 2620//2878 2537//2878 
f 2829//2879 2809//2879 2744//2879 
f 2786//2880 2760//2880 2726//2880 
f 2260//2881 2236//2881 2171//2881 
f 2171//2882 2163//2882 2087//2882 
f 2323//2883 2309//2883 2236//2883 
f 2309//2884 2282//2884 2236//2884 
f 1965//2885 2079//2885 1964//2885 
f 2087//2886 2079//2886 1965//2886 
f 1888//2887 1860//2887 1835//2887 
f 1835//2888 1860//2888 1803//2888 
f 2111//2889 2147//2889 2097//2889 
f 2302//2890 2321//2890 2240//2890 
f 2050//2891 2028//2891 2008//2891 
f 2028//2892 2012//2892 2008//2892 
f 1958//2893 1902//2893 1894//2893 
f 1958//2894 1957//2894 1902//2894 
f 2022//2895 2050//2895 2016//2895 
f 2075//2896 2050//2896 2022//2896 
f 2695//2897 2736//2897 2653//2897 
f 2784//2898 2736//2898 2695//2898 
f 2653//2899 2646//2899 2616//2899 
f 2671//2900 2628//2900 2596//2900 
f 2655//2901 2673//2901 2626//2901 
f 2432//2902 2464//2902 2410//2902 
f 2525//2903 2493//2903 2480//2903 
f 2480//2904 2493//2904 2442//2904 
f 2604//2905 2651//2905 2572//2905 
f 2651//2906 2618//2906 2572//2906 
f 2329//2907 2294//2907 2286//2907 
f 2218//2908 2187//2908 2151//2908 
f 848//2909 871//2909 818//2909 
f 871//2910 840//2910 818//2910 
f 1195//2911 1225//2911 1176//2911 
f 1195//2912 1176//2912 1132//2912 
f 1101//2913 1073//2913 1051//2913 
f 1124//2914 1150//2914 1073//2914 
f 1044//2915 1067//2915 1018//2915 
f 1030//2916 1044//2916 998//2916 
f 1093//2917 1126//2917 1089//2917 
f 1126//2918 1128//2918 1089//2918 
f 1668//2919 1563//2919 1559//2919 
f 1330//2920 1345//2920 1261//2920 
f 1593//2921 1517//2921 1506//2921 
f 1593//2922 1599//2922 1517//2922 
f 1393//2923 1407//2923 1353//2923 
f 1482//2924 1407//2924 1393//2924 
f 1393//2925 1353//2925 1328//2925 
f 1328//2926 1353//2926 1290//2926 
f 1359//2927 1369//2927 1310//2927 
f 1428//2928 1369//2928 1359//2928 
f 1488//2929 1405//2929 1399//2929 
f 1492//2930 1428//2930 1413//2930 
f 1405//2931 1345//2931 1330//2931 
f 1261//2932 1278//2932 1199//2932 
f 1209//2933 1233//2933 1134//2933 
f 1199//2934 1209//2934 1134//2934 
f 1696//2935 1614//2935 1599//2935 
f 1686//2936 1696//2936 1599//2936 
f 1970//2937 2099//2937 1969//2937 
f 1967//2938 1966//2938 1823//2938 
f 2361//2939 2383//2939 2302//2939 
f 2456//2940 2432//2940 2406//2940 
f 2535//2941 2515//2941 2486//2941 
f 2535//2942 2563//2942 2515//2942 
f 2089//2943 2107//2943 2075//2943 
f 2157//2944 2139//2944 2089//2944 
f 2183//2945 2210//2945 2157//2945 
f 2230//2946 2210//2946 2183//2946 
f 2177//2947 2218//2947 2151//2947 
f 2177//2948 2151//2948 2107//2948 
f 2377//2949 2331//2949 2329//2949 
f 2412//2950 2377//2950 2329//2950 
f 2375//2951 2319//2951 2290//2951 
f 2262//2952 2290//2952 2244//2952 
f 1961//2953 1960//2953 1878//2953 
f 1961//2954 2032//2954 1960//2954 
f 1628//2955 1644//2955 1569//2955 
f 1597//2956 1624//2956 1543//2956 
f 1385//2957 1417//2957 1338//2957 
f 1430//2958 1417//2958 1385//2958 
f 1579//2959 1535//2959 1494//2959 
f 1533//2960 1579//2960 1494//2960 
f 1535//2961 1504//2961 1454//2961 
f 1504//2962 1478//2962 1454//2962 
f 1338//2963 1292//2963 1259//2963 
f 1259//2964 1292//2964 1215//2964 
f 1833//2965 1839//2965 1769//2965 
f 1833//2966 1769//2966 1757//2966 
f 1587//2967 1601//2967 1519//2967 
f 1482//2968 1496//2968 1436//2968 
f 1638//2969 1565//2969 1545//2969 
f 1626//2970 1638//2970 1545//2970 
f 1601//2971 1539//2971 1519//2971 
f 1519//2972 1456//2972 1436//2972 
f 1674//2973 1628//2973 1601//2973 
f 1565//2974 1587//2974 1496//2974 
f 1569//2975 1543//2975 1513//2975 
f 1539//2976 1569//2976 1486//2976 
f 1785//2977 1672//2977 1668//2977 
f 1785//2978 1787//2978 1672//2978 
f 1554//2979 1470//2979 1465//2979 
f 1555//2980 1554//2980 1466//2980 
f 1465//2981 1466//2981 1554//2981 
f 1199//2982 1120//2982 1109//2982 
f 1109//2983 1120//2983 1048//2983 
f 967//2984 987//2984 930//2984 
f 938//2985 944//2985 887//2985 
f 3202//2986 3173//2986 3201//2986 
f 3172//2987 3201//2987 3173//2987 
f 2601//2988 2605//2988 2526//2988 
f 2664//2989 2668//2989 2593//2989 
f 2529//2990 2528//2990 2610//2990 
f 2609//2991 2610//2991 2528//2991 
f 2674//2992 2678//2992 2609//2992 
f 3236//2993 3251//2993 3216//2993 
f 3251//2994 3255//2994 3242//2994 
f 3240//2995 3257//2995 3236//2995 
f 3244//2996 3240//2996 3211//2996 
f 3252//2997 3258//2997 3237//2997 
f 3258//2998 3259//2998 3244//2998 
f 3291//2999 3276//2999 3260//2999 
f 3260//3000 3276//3000 3245//3000 
f 3307//3001 3301//3001 3306//3001 
f 3300//3002 3306//3002 3301//3002 
f 3184//3003 3195//3003 3178//3003 
f 3226//3004 3195//3004 3184//3004 
f 3226//3005 3238//3005 3213//3005 
f 3238//3006 3245//3006 3213//3006 
f 3124//3007 3089//3007 3081//3007 
f 3124//3008 3102//3008 3089//3008 
f 3193//3009 3168//3009 3164//3009 
f 3245//3010 3247//3010 3230//3010 
f 3258//3011 3244//3011 3241//3011 
f 3217//3012 3237//3012 3210//3012 
f 3128//3013 3126//3013 3093//3013 
f 3095//3014 3128//3014 3093//3014 
f 3191//3015 3182//3015 3170//3015 
f 3170//3016 3182//3016 3157//3016 
f 3100//3017 3116//3017 3085//3017 
f 3114//3018 3100//3018 3067//3018 
f 1584//3019 1576//3019 1487//3019 
f 1576//3020 1570//3020 1487//3020 
f 1937//3021 2116//3021 1936//3021 
f 1936//3022 2116//3022 1935//3022 
f 1934//3023 1933//3023 1784//3023 
f 1784//3024 1933//3024 1782//3024 
f 2731//3025 2739//3025 2664//3025 
f 2731//3026 2664//3026 2658//3026 
f 2700//3027 2710//3027 2631//3027 
f 2775//3028 2710//3028 2700//3028 
f 2828//3029 2789//3029 2775//3029 
f 2808//3030 2828//3030 2743//3030 
f 2481//3031 2403//3031 2392//3031 
f 2392//3032 2403//3032 2316//3032 
f 2550//3033 2564//3033 2481//3033 
f 2564//3034 2496//3034 2481//3034 
f 2540//3035 2550//3035 2481//3035 
f 2599//3036 2540//3036 2516//3036 
f 2928//3037 2873//3037 2867//3037 
f 2867//3038 2873//3038 2818//3038 
f 2757//3039 2761//3039 2668//3039 
f 2761//3040 2674//3040 2668//3040 
f 2601//3041 2526//3041 2522//3041 
f 2522//3042 2526//3042 2439//3042 
f 1304//3043 1241//3043 1235//3043 
f 1801//3044 1805//3044 1686//3044 
f 1970//3045 1805//3045 1801//3045 
f 1972//3046 1797//3046 1793//3046 
f 1682//3047 1686//3047 1585//3047 
f 1488//3048 1413//3048 1405//3048 
f 1974//3049 1973//3049 1793//3049 
f 2238//3050 2232//3050 2123//3050 
f 2123//3051 2232//3051 2117//3051 
f 2445//3052 2440//3052 2356//3052 
f 2766//3053 2765//3053 2681//3053 
f 2680//3054 2681//3054 2765//3054 
f 2883//3055 2878//3055 2832//3055 
f 2832//3056 2827//3056 2762//3056 
f 2883//3057 2933//3057 2878//3057 
f 2878//3058 2933//3058 2874//3058 
f 3072//3059 3105//3059 3064//3059 
f 3105//3060 3103//3060 3064//3060 
f 3029//3061 3023//3061 2972//3061 
f 2972//3062 3023//3062 2966//3062 
f 3083//3063 3067//3063 3040//3063 
f 3040//3064 3026//3064 2997//3064 
f 3004//3065 3006//3065 2961//3065 
f 3056//3066 3009//3066 3006//3066 
f 3005//3067 3052//3067 3003//3067 
f 3005//3068 3003//3068 2960//3068 
f 3146//3069 3156//3069 3115//3069 
f 3156//3070 3123//3070 3115//3070 
f 2708//3071 2793//3071 2706//3071 
f 2793//3072 2787//3072 2706//3072 
f 2913//3073 2905//3073 2856//3073 
f 2856//3074 2905//3074 2850//3074 
f 2914//3075 2915//3075 2860//3075 
f 2914//3076 2860//3076 2857//3076 
f 2949//3077 2959//3077 2902//3077 
f 2941//3078 2902//3078 2890//3078 
f 2794//3079 2709//3079 2707//3079 
f 2839//3080 2788//3080 2780//3080 
f 2634//3081 2561//3081 2553//3081 
f 2709//3082 2644//3082 2642//3082 
f 2796//3083 2724//3083 2713//3083 
f 2713//3084 2724//3084 2644//3084 
f 2574//3085 2598//3085 2545//3085 
f 2673//3086 2703//3086 2626//3086 
f 2815//3087 2798//3087 2772//3087 
f 2772//3088 2798//3088 2705//3088 
f 2912//3089 2892//3089 2866//3089 
f 2880//3090 2912//3090 2866//3090 
f 3008//3091 2970//3091 2947//3091 
f 2984//3092 3008//3092 2947//3092 
f 3031//3093 3011//3093 2996//3093 
f 2996//3094 3011//3094 2953//3094 
f 3243//3095 3252//3095 3217//3095 
f 3227//3096 3243//3096 3217//3096 
f 3150//3097 3175//3097 3149//3097 
f 3174//3098 3149//3098 3175//3098 
f 2523//3099 2519//3099 2436//3099 
f 2519//3100 2511//3100 2436//3100 
f 2505//3101 2497//3101 2422//3101 
f 2511//3102 2505//3102 2422//3102 
f 2105//3103 2214//3103 2099//3103 
f 2214//3104 2208//3104 2099//3104 
f 2191//3105 2272//3105 2171//3105 
f 2191//3106 2171//3106 2087//3106 
f 1967//3107 1823//3107 1819//3107 
f 1968//3108 2091//3108 1967//3108 
f 2296//3109 2381//3109 2284//3109 
f 2381//3110 2428//3110 2365//3110 
f 2224//3111 2311//3111 2214//3111 
f 2317//3112 2311//3112 2224//3112 
f 663//3113 659//3113 630//3113 
f 663//3114 676//3114 659//3114 
f 705//3115 734//3115 706//3115 
f 735//3116 706//3116 734//3116 
f 680//3117 676//3117 663//3117 
f 730//3118 719//3118 695//3118 
f 623//3119 648//3119 615//3119 
f 738//3120 751//3120 726//3120 
f 802//3121 784//3121 755//3121 
f 755//3122 784//3122 744//3122 
f 828//3123 803//3123 785//3123 
f 785//3124 803//3124 756//3124 
f 770//3125 745//3125 741//3125 
f 761//3126 770//3126 741//3126 
f 938//3127 887//3127 881//3127 
f 1014//3128 987//3128 967//3128 
f 1148//3129 1083//3129 1078//3129 
f 1036//3130 1042//3130 981//3130 
f 1083//3131 1091//3131 1036//3131 
f 1170//3132 1109//3132 1097//3132 
f 977//3133 928//3133 919//3133 
f 974//3134 977//3134 919//3134 
f 1027//3135 1032//3135 977//3135 
f 1027//3136 977//3136 974//3136 
f 876//3137 833//3137 877//3137 
f 834//3138 877//3138 833//3138 
f 725//3139 727//3139 702//3139 
f 725//3140 702//3140 683//3140 
f 789//3141 793//3141 768//3141 
f 768//3142 793//3142 752//3142 
f 936//3143 922//3143 895//3143 
f 895//3144 922//3144 893//3144 
f 754//3145 783//3145 750//3145 
f 748//3146 749//3146 721//3146 
f 672//3147 657//3147 651//3147 
f 651//3148 626//3148 625//3148 
f 699//3149 692//3149 672//3149 
f 978//3150 997//3150 962//3150 
f 898//3151 878//3151 858//3151 
f 808//3152 779//3152 763//3152 
f 786//3153 794//3153 753//3153 
f 792//3154 767//3154 751//3154 
f 792//3155 812//3155 788//3155 
f 779//3156 792//3156 751//3156 
f 763//3157 779//3157 751//3157 
f 1064//3158 1119//3158 1047//3158 
f 1080//3159 1119//3159 1064//3159 
f 1244//3160 1240//3160 1169//3160 
f 1177//3161 1244//3161 1169//3161 
f 1379//3162 1378//3162 1464//3162 
f 1463//3163 1464//3163 1378//3163 
f 1786//3164 1784//3164 1671//3164 
f 1786//3165 1935//3165 1784//3165 
f 1165//3166 1133//3166 1080//3166 
f 1100//3167 1165//3167 1080//3167 
f 1309//3168 1287//3168 1232//3168 
f 1358//3169 1427//3169 1344//3169 
f 1558//3170 1556//3170 1469//3170 
f 1471//3171 1558//3171 1469//3171 
f 1933//3172 1932//3172 1778//3172 
f 1933//3173 2130//3173 1932//3173 
f 2999//3174 2956//3174 2942//3174 
f 2956//3175 2965//3175 2907//3175 
f 2652//3176 2617//3176 2575//3176 
f 2652//3177 2694//3177 2617//3177 
f 2729//3178 2735//3178 2688//3178 
f 2645//3179 2615//3179 2595//3179 
f 2781//3180 2783//3180 2735//3180 
f 2694//3181 2684//3181 2650//3181 
f 2840//3182 2852//3182 2814//3182 
f 2840//3183 2814//3183 2797//3183 
f 2893//3184 2854//3184 2820//3184 
f 2893//3185 2887//3185 2854//3185 
f 2733//3186 2777//3186 2714//3186 
f 2733//3187 2714//3187 2684//3187 
f 2506//3188 2536//3188 2473//3188 
f 2587//3189 2536//3189 2506//3189 
f 2556//3190 2502//3190 2473//3190 
f 2556//3191 2516//3191 2502//3191 
f 2597//3192 2573//3192 2544//3192 
f 2558//3193 2625//3193 2544//3193 
f 2702//3194 2773//3194 2672//3194 
f 2607//3195 2666//3195 2591//3195 
f 2500//3196 2538//3196 2492//3196 
f 2575//3197 2538//3197 2500//3197 
f 1954//3198 2001//3198 1953//3198 
f 2142//3199 2128//3199 2033//3199 
f 2055//3200 2174//3200 2051//3200 
f 2149//3201 2040//3201 2036//3201 
f 1697//3202 1709//3202 1631//3202 
f 2184//3203 2287//3203 2174//3203 
f 1885//3204 1847//3204 1828//3204 
f 1885//3205 1897//3205 1847//3205 
f 2234//3206 2155//3206 2149//3206 
f 2212//3207 2226//3207 2129//3207 
f 2082//3208 2120//3208 2072//3208 
f 2166//3209 2215//3209 2146//3209 
f 2106//3210 2074//3210 2049//3210 
f 2304//3211 2306//3211 2195//3211 
f 1893//3212 1950//3212 1887//3212 
f 1859//3213 1834//3213 1802//3213 
f 2102//3214 2158//3214 2092//3214 
f 2239//3215 2219//3215 2158//3215 
f 1725//3216 1854//3216 1721//3216 
f 1825//3217 1829//3217 1799//3217 
f 2144//3218 2120//3218 2082//3218 
f 2082//3219 2072//3219 2013//3219 
f 1837//3220 1827//3220 1789//3220 
f 2057//3221 2037//3221 2005//3221 
f 2239//3222 2273//3222 2219//3222 
f 2219//3223 2273//3223 2201//3223 
f 2299//3224 2277//3224 2225//3224 
f 2114//3225 2172//3225 2102//3225 
f 2386//3226 2459//3226 2372//3226 
f 2494//3227 2546//3227 2463//3227 
f 2320//3228 2301//3228 2239//3228 
f 2320//3229 2382//3229 2301//3229 
f 2225//3230 2277//3230 2211//3230 
f 2247//3231 2314//3231 2233//3231 
f 1798//3232 1824//3232 1758//3232 
f 1824//3233 1802//3233 1758//3233 
f 1238//3234 1263//3234 1179//3234 
f 1536//3235 1479//3235 1449//3235 
f 1560//3236 1588//3236 1499//3236 
f 1607//3237 1548//3237 1526//3237 
f 1493//3238 1497//3238 1451//3238 
f 1580//3239 1623//3239 1542//3239 
f 1665//3240 1693//3240 1647//3240 
f 1665//3241 1647//3241 1619//3241 
f 1788//3242 1812//3242 1742//3242 
f 1812//3243 1762//3243 1742//3243 
f 950//3244 911//3244 905//3244 
f 1062//3245 1007//3245 1003//3245 
f 1263//3246 1220//3246 1179//3246 
f 1179//3247 1220//3247 1173//3247 
f 1111//3248 1068//3248 1043//3248 
f 1475//3249 1489//3249 1410//3249 
f 1423//3250 1453//3250 1374//3250 
f 1451//3251 1416//3251 1408//3251 
f 1043//3252 1068//3252 1029//3252 
f 956//3253 939//3253 913//3253 
f 1117//3254 1066//3254 1045//3254 
f 1335//3255 1281//3255 1254//3255 
f 1084//3256 1098//3256 1045//3256 
f 1084//3257 1045//3257 1033//3257 
f 1437//3258 1447//3258 1360//3258 
f 1566//3259 1489//3259 1475//3259 
f 1524//3260 1530//3260 1447//3260 
f 1431//3261 1437//3261 1360//3261 
f 1641//3262 1669//3262 1588//3262 
f 2013//3263 2072//3263 2009//3263 
f 2274//3264 2220//3264 2202//3264 
f 2019//3265 2102//3265 2017//3265 
f 2039//3266 2148//3266 2035//3266 
f 1882//3267 1898//3267 1848//3267 
f 2114//3268 2102//3268 2025//3268 
f 1905//3269 1909//3269 1871//3269 
f 2491//3270 2402//3270 2401//3270 
f 2103//3271 2026//3271 2020//3271 
f 2059//3272 2188//3272 2055//3272 
f 1903//3273 1905//3273 1871//3273 
f 1622//3274 1618//3274 1521//3274 
f 1630//3275 1735//3275 1622//3275 
f 1490//3276 1567//3276 1476//3276 
f 1632//3277 1684//3277 1610//3277 
f 1735//3278 1725//3278 1622//3278 
f 1640//3279 1634//3279 1547//3279 
f 1583//3280 1662//3280 1567//3280 
f 1502//3281 1567//3281 1490//3281 
f 1425//3282 1431//3282 1356//3282 
f 1514//3283 1431//3283 1425//3283 
f 1340//3284 1265//3284 1262//3284 
f 1419//3285 1342//3285 1340//3285 
f 1431//3286 1360//3286 1356//3286 
f 1356//3287 1360//3287 1279//3287 
f 1422//3288 1420//3288 1343//3288 
f 1268//3289 1266//3289 1201//3289 
f 1341//3290 1418//3290 1339//3290 
f 1265//3291 1196//3291 1185//3291 
f 1289//3292 1271//3292 1212//3292 
f 1289//3293 1327//3293 1271//3293 
f 2259//3294 2271//3294 2170//3294 
f 2235//3295 2259//3295 2170//3295 
f 1943//3296 2086//3296 1942//3296 
f 1943//3297 1942//3297 1822//3297 
f 2078//3298 2086//3298 1944//3298 
f 1945//3299 2078//3299 1944//3299 
f 1600//3300 1673//3300 1586//3300 
f 1627//3301 1673//3301 1600//3301 
f 1485//3302 1455//3302 1402//3302 
f 1429//3303 1485//3303 1402//3303 
f 1770//3304 1820//3304 1752//3304 
f 1802//3305 1820//3305 1770//3305 
f 1948//3306 1947//3306 1867//3306 
f 1887//3307 1877//3307 1820//3307 
f 1855//3308 1838//3308 1790//3308 
f 1790//3309 1838//3309 1768//3309 
f 1703//3310 1768//3310 1687//3310 
f 1703//3311 1687//3311 1627//3311 
f 1619//3312 1647//3312 1578//3312 
f 1679//3313 1726//3313 1643//3313 
f 2049//3314 2021//3314 2015//3314 
f 2049//3315 2015//3315 2007//3315 
f 2967//3316 2952//3316 2926//3316 
f 2967//3317 3010//3317 2952//3317 
f 2901//3318 2940//3318 2889//3318 
f 2948//3319 2940//3319 2901//3319 
f 2842//3320 2865//3320 2822//3320 
f 2822//3321 2865//3321 2797//3321 
f 2891//3322 2865//3322 2842//3322 
f 2926//3323 2909//3323 2863//3323 
f 2824//3324 2863//3324 2810//3324 
f 2875//3325 2863//3325 2824//3325 
f 2973//3326 2944//3326 2916//3326 
f 2973//3327 2963//3327 2944//3327 
f 3001//3328 3024//3328 2979//3328 
f 3001//3329 2979//3329 2963//3329 
f 3091//3330 3061//3330 3038//3330 
f 3091//3331 3081//3331 3061//3331 
f 2293//3332 2257//3332 2217//3332 
f 2366//3333 2312//3333 2285//3333 
f 2182//3334 2140//3334 2118//3334 
f 2118//3335 2140//3335 2070//3335 
f 2340//3336 2308//3336 2281//3336 
f 2281//3337 2308//3337 2235//3337 
f 2360//3338 2374//3338 2318//3338 
f 2318//3339 2374//3339 2289//3339 
f 2373//3340 2387//3340 2315//3340 
f 2321//3341 2349//3341 2278//3341 
f 2399//3342 2306//3342 2304//3342 
f 2276//3343 2280//3343 2169//3343 
f 2192//3344 2188//3344 2063//3344 
f 2400//3345 2398//3345 2305//3345 
f 2385//3346 2389//3346 2288//3346 
f 2288//3347 2185//3347 2175//3347 
f 2400//3348 2489//3348 2398//3348 
f 2305//3349 2398//3349 2303//3349 
f 2553//3350 2484//3350 2478//3350 
f 2399//3351 2401//3351 2306//3351 
f 2379//3352 2288//3352 2280//3352 
f 2484//3353 2399//3353 2395//3353 
f 2369//3354 2379//3354 2280//3354 
f 2545//3355 2559//3355 2476//3355 
f 2164//3356 2269//3356 2160//3356 
f 2263//3357 2247//3357 2154//3357 
f 2477//3358 2548//3358 2471//3358 
f 2471//3359 2461//3359 2384//3359 
f 2279//3360 2275//3360 2168//3360 
f 2291//3361 2287//3361 2188//3361 
f 2362//3362 2342//3362 2269//3362 
f 2433//3363 2498//3363 2419//3363 
f 2498//3364 2558//3364 2475//3364 
f 2498//3365 2475//3365 2419//3365 
f 2607//3366 2591//3366 2542//3366 
f 2548//3367 2607//3367 2542//3367 
f 2779//3368 2769//3368 2686//3368 
f 2769//3369 2741//3369 2686//3369 
f 2641//3370 2633//3370 2566//3370 
f 2633//3371 2706//3371 2629//3371 
f 2647//3372 2570//3372 2569//3372 
f 2570//3373 2647//3373 2568//3373 
f 2825//3374 2780//3374 2770//3374 
f 2825//3375 2770//3375 2742//3375 
f 1420//3376 1418//3376 1341//3376 
f 1343//3377 1341//3377 1266//3377 
f 1604//3378 1711//3378 1602//3378 
f 1509//3379 1604//3379 1507//3379 
f 1603//3380 1508//3380 1507//3380 
f 1508//3381 1510//3381 1419//3381 
f 1421//3382 1425//3382 1342//3382 
f 1419//3383 1421//3383 1342//3383 
f 1432//3384 1426//3384 1357//3384 
f 1357//3385 1426//3385 1349//3385 
f 1114//3386 1185//3386 1110//3386 
f 1185//3387 1113//3387 1110//3387 
f 1122//3388 1203//3388 1116//3388 
f 1203//3389 1201//3389 1116//3389 
f 1294//3390 1264//3390 1257//3390 
f 1334//3391 1294//3391 1257//3391 
f 1375//3392 1395//3392 1347//3392 
f 1347//3393 1395//3393 1314//3393 
f 2206//3394 2183//3394 2141//3394 
f 2163//3395 2153//3395 2077//3395 
f 2071//3396 2119//3396 2054//3396 
f 2071//3397 2054//3397 1962//3397 
f 2163//3398 2222//3398 2153//3398 
f 2153//3399 2222//3399 2141//3399 
f 1809//3400 1753//3400 1727//3400 
f 1868//3401 1809//3401 1791//3401 
f 1771//3402 1803//3402 1733//3402 
f 1753//3403 1771//3403 1733//3403 
f 1700//3404 1733//3404 1692//3404 
f 1799//3405 1813//3405 1763//3405 
f 1537//3406 1595//3406 1523//3406 
f 1527//3407 1589//3407 1500//3407 
f 1690//3408 1751//3408 1670//3408 
f 1620//3409 1591//3409 1535//3409 
f 1727//3410 1753//3410 1700//3410 
f 1644//3411 1680//3411 1624//3411 
f 1632//3412 1610//3412 1537//3412 
f 1450//3413 1502//3413 1434//3413 
f 1860//3414 1882//3414 1848//3414 
f 1902//3415 1882//3415 1860//3415 
f 1789//3416 1827//3416 1765//3416 
f 1737//3417 1795//3417 1710//3417 
f 1708//3418 1765//3418 1690//3418 
f 1789//3419 1765//3419 1708//3419 
f 1813//3420 1789//3420 1743//3420 
f 1476//3421 1541//3421 1460//3421 
f 1547//3422 1541//3422 1476//3422 
f 926//3423 902//3423 865//3423 
f 902//3424 879//3424 865//3424 
f 961//3425 951//3425 912//3425 
f 1008//3426 1004//3426 951//3426 
f 983//3427 1020//3427 969//3427 
f 1034//3428 1020//3428 983//3428 
f 1007//3429 968//3429 960//3429 
f 1019//3430 982//3430 968//3430 
f 856//3431 860//3431 815//3431 
f 903//3432 905//3432 856//3432 
f 988//3433 1015//3433 984//3433 
f 1015//3434 1021//3434 984//3434 
f 935//3435 945//3435 907//3435 
f 847//3436 866//3436 827//3436 
f 907//3437 884//3437 847//3437 
f 884//3438 929//3438 866//3438 
f 790//3439 771//3439 746//3439 
f 870//3440 847//3440 817//3440 
f 847//3441 827//3441 817//3441 
f 817//3442 827//3442 802//3442 
f 835//3443 862//3443 810//3443 
f 864//3444 835//3444 812//3444 
f 862//3445 870//3445 839//3445 
f 892//3446 894//3446 862//3446 
f 835//3447 810//3447 788//3447 
f 812//3448 835//3448 788//3448 
f 1068//3449 1094//3449 1056//3449 
f 1127//3450 1125//3450 1088//3450 
f 822//3451 861//3451 816//3451 
f 822//3452 816//3452 787//3452 
f 721//3453 697//3453 694//3453 
f 694//3454 697//3454 665//3454 
f 815//3455 782//3455 781//3455 
f 728//3456 699//3456 697//3456 
f 821//3457 825//3457 786//3457 
f 815//3458 821//3458 786//3458 
f 859//3459 899//3459 842//3459 
f 859//3460 842//3460 824//3460 
f 795//3461 787//3461 754//3461 
f 764//3462 795//3462 754//3462 
f 2463//3463 2431//3463 2409//3463 
f 2494//3464 2463//3464 2409//3464 
f 2514//3465 2485//3465 2431//3465 
f 2514//3466 2534//3466 2485//3466 
f 2461//3467 2542//3467 2449//3467 
f 2548//3468 2542//3468 2461//3468 
f 2677//3469 2744//3469 2661//3469 
f 2776//3470 2744//3470 2677//3470 
f 2622//3471 2600//3471 2551//3471 
f 2565//3472 2622//3472 2551//3472 
f 2711//3473 2701//3473 2632//3473 
f 2711//3474 2776//3474 2701//3474 
f 2466//3475 2517//3475 2452//3475 
f 2452//3476 2517//3476 2428//3476 
f 2663//3477 2636//3477 2620//3477 
f 2620//3478 2636//3478 2588//3478 
f 2809//3479 2786//3479 2726//3479 
f 2809//3480 2837//3480 2786//3480 
f 2216//3481 2202//3481 2167//3481 
f 2147//3482 2167//3482 2097//3482 
f 2290//3483 2319//3483 2274//3483 
f 2319//3484 2361//3484 2274//3484 
f 2321//3485 2278//3485 2268//3485 
f 2202//3486 2145//3486 2121//3486 
f 2085//3487 2062//3487 2050//3487 
f 2085//3488 2081//3488 2062//3488 
f 2016//3489 2008//3489 1958//3489 
f 1959//3490 2016//3490 1958//3490 
f 2736//3491 2689//3491 2653//3491 
f 2736//3492 2730//3492 2689//3492 
f 2547//3493 2513//3493 2495//3493 
f 2563//3494 2596//3494 2515//3494 
f 2628//3495 2655//3495 2574//3495 
f 2705//3496 2655//3496 2628//3496 
f 1101//3497 1124//3497 1073//3497 
f 1184//3498 1124//3498 1101//3498 
f 1087//3499 1067//3499 1044//3499 
f 1112//3500 1087//3500 1044//3500 
f 1018//3501 1046//3501 1000//3501 
f 1018//3502 1000//3502 957//3502 
f 1176//3503 1126//3503 1093//3503 
f 1176//3504 1215//3504 1126//3504 
f 1399//3505 1320//3505 1316//3505 
f 1391//3506 1399//3506 1316//3506 
f 1517//3507 1529//3507 1444//3507 
f 1517//3508 1444//3508 1428//3508 
f 1405//3509 1413//3509 1345//3509 
f 1413//3510 1428//3510 1345//3510 
f 2406//3511 2432//3511 2383//3511 
f 2406//3512 2383//3512 2361//3512 
f 2547//3513 2495//3513 2464//3513 
f 2515//3514 2547//3514 2464//3514 
f 2139//3515 2177//3515 2107//3515 
f 2139//3516 2107//3516 2089//3516 
f 2286//3517 2258//3517 2210//3517 
f 2286//3518 2294//3518 2258//3518 
f 1569//3519 1597//3519 1543//3519 
f 1644//3520 1597//3520 1569//3520 
f 1581//3521 1579//3521 1533//3521 
f 1498//3522 1452//3522 1417//3522 
f 1648//3523 1620//3523 1579//3523 
f 1579//3524 1620//3524 1535//3524 
f 1527//3525 1500//3525 1478//3525 
f 1478//3526 1500//3526 1446//3526 
f 1498//3527 1494//3527 1452//3527 
f 1494//3528 1535//3528 1454//3528 
f 1519//3529 1486//3529 1456//3529 
f 1456//3530 1486//3530 1403//3530 
f 1638//3531 1587//3531 1565//3531 
f 1650//3532 1674//3532 1587//3532 
f 1513//3533 1498//3533 1468//3533 
f 1569//3534 1513//3534 1486//3534 
f 1563//3535 1571//3535 1474//3535 
f 1787//3536 1678//3536 1672//3536 
f 1672//3537 1678//3537 1571//3537 
f 1559//3538 1563//3538 1474//3538 
f 1178//3539 1199//3539 1109//3539 
f 1170//3540 1178//3540 1109//3540 
f 930//3541 946//3541 908//3541 
f 910//3542 867//3542 855//3542 
f 1120//3543 1065//3543 1048//3543 
f 1120//3544 1081//3544 1065//3544 
f 1101//3545 1051//3545 1038//3545 
f 1038//3546 1051//3546 1006//3546 
f 3173//3547 3148//3547 3172//3547 
f 3147//3548 3172//3548 3148//3548 
f 3231//3549 3202//3549 3230//3549 
f 3201//3550 3230//3550 3202//3550 
f 2605//3551 2609//3551 2528//3551 
f 2674//3552 2609//3552 2605//3552 
f 3285//3553 3291//3553 3260//3553 
f 3255//3554 3260//3554 3245//3554 
f 3257//3555 3251//3555 3236//3555 
f 3257//3556 3262//3556 3251//3556 
f 3285//3557 3260//3557 3255//3557 
f 3262//3558 3285//3558 3255//3558 
f 3182//3559 3184//3559 3166//3559 
f 3207//3560 3184//3560 3182//3560 
f 3139//3561 3108//3561 3104//3561 
f 3139//3562 3104//3562 3102//3562 
f 3241//3563 3244//3563 3212//3563 
f 3241//3564 3212//3564 3210//3564 
f 3180//3565 3170//3565 3155//3565 
f 3180//3566 3209//3566 3170//3566 
f 3085//3567 3116//3567 3065//3567 
f 3085//3568 3065//3568 3030//3568 
f 1404//3569 1487//3569 1398//3569 
f 1404//3570 1398//3570 1329//3570 
f 1937//3571 1936//3571 1792//3571 
f 1936//3572 1935//3572 1792//3572 
f 2800//3573 2812//3573 2739//3573 
f 2710//3574 2731//3574 2658//3574 
f 2789//3575 2800//3575 2710//3575 
f 2861//3576 2800//3576 2789//3576 
f 2775//3577 2700//3577 2676//3577 
f 2743//3578 2775//3578 2676//3578 
f 2895//3579 2844//3579 2828//3579 
f 2895//3580 2861//3580 2844//3580 
f 2380//3581 2392//3581 2310//3581 
f 2392//3582 2316//3582 2310//3582 
f 2599//3583 2550//3583 2540//3583 
f 2599//3584 2621//3584 2550//3584 
f 1231//3585 1230//3585 1146//3585 
f 1145//3586 1146//3586 1230//3586 
f 1299//3587 1304//3587 1235//3587 
f 1972//3588 1801//3588 1797//3588 
f 1797//3589 1801//3589 1686//3589 
f 1805//3590 1811//3590 1696//3590 
f 1805//3591 1696//3591 1686//3591 
f 1678//3592 1585//3592 1577//3592 
f 1585//3593 1492//3593 1488//3593 
f 2356//3594 2353//3594 2253//3594 
f 2253//3595 2353//3595 2250//3595 
f 3040//3596 3067//3596 3026//3596 
f 3026//3597 3067//3597 3010//3597 
f 2959//3598 2961//3598 2906//3598 
f 3004//3599 2961//3599 2959//3599 
f 3009//3600 3056//3600 3005//3600 
f 3009//3601 3005//3601 2960//3601 
f 3115//3602 3084//3602 3068//3602 
f 3115//3603 3123//3603 3084//3603 
f 3101//3604 3115//3604 3068//3604 
f 3086//3605 3101//3605 3068//3605 
f 2793//3606 2846//3606 2787//3606 
f 2787//3607 2779//3607 2706//3607 
f 2641//3608 2706//3608 2633//3608 
f 2708//3609 2706//3609 2641//3609 
f 2941//3610 2949//3610 2902//3610 
f 2998//3611 2949//3611 2941//3611 
f 2707//3612 2634//3612 2630//3612 
f 2630//3613 2634//3613 2553//3613 
f 2626//3614 2559//3614 2545//3614 
f 2598//3615 2626//3615 2545//3615 
f 3140//3616 3165//3616 3136//3616 
f 3140//3617 3136//3617 3103//3617 
f 1968//3618 1967//3618 1819//3618 
f 1968//3619 1819//3619 1815//3619 
f 2099//3620 2095//3620 1969//3620 
f 2204//3621 2191//3621 2095//3621 
f 2208//3622 2284//3622 2204//3622 
f 2204//3623 2284//3623 2191//3623 
f 2404//3624 2393//3624 2317//3624 
f 2404//3625 2482//3625 2393//3625 
f 615//3626 630//3626 616//3626 
f 631//3627 616//3627 630//3627 
f 659//3628 676//3628 660//3628 
f 677//3629 660//3629 676//3629 
f 726//3630 701//3630 692//3630 
f 682//3631 695//3631 670//3631 
f 770//3632 774//3632 745//3632 
f 807//3633 774//3633 770//3633 
f 1148//3634 1091//3634 1083//3634 
f 1148//3635 1152//3635 1091//3635 
f 1091//3636 1042//3636 1036//3636 
f 981//3637 944//3637 938//3637 
f 789//3638 768//3638 743//3638 
f 766//3639 789//3639 743//3639 
f 816//3640 814//3640 781//3640 
f 814//3641 815//3641 781//3641 
f 723//3642 721//3642 698//3642 
f 729//3643 723//3643 698//3643 
f 626//3644 646//3644 611//3644 
f 625//3645 626//3645 611//3645 
f 724//3646 713//3646 682//3646 
f 670//3647 663//3647 653//3647 
f 651//3648 657//3648 646//3648 
f 651//3649 646//3649 626//3649 
f 728//3650 738//3650 699//3650 
f 738//3651 717//3651 699//3651 
f 941//3652 898//3652 882//3652 
f 868//3653 882//3653 841//3653 
f 941//3654 956//3654 898//3654 
f 913//3655 939//3655 878//3655 
f 788//3656 790//3656 765//3656 
f 765//3657 790//3657 746//3657 
f 825//3658 794//3658 786//3658 
f 841//3659 823//3659 808//3659 
f 1108//3660 1169//3660 1096//3660 
f 1108//3661 1096//3661 1041//3661 
f 1250//3662 1319//3662 1244//3662 
f 1250//3663 1244//3663 1177//3663 
f 1123//3664 1183//3664 1100//3664 
f 1149//3665 1183//3665 1123//3665 
f 1271//3666 1309//3666 1248//3666 
f 1327//3667 1309//3667 1271//3667 
f 1562//3668 1558//3668 1473//3668 
f 1570//3669 1562//3669 1473//3669 
f 1667//3670 1784//3670 1663//3670 
f 1784//3671 1782//3671 1663//3671 
f 2942//3672 2956//3672 2907//3672 
f 2942//3673 2907//3673 2895//3673 
f 2645//3674 2652//3674 2615//3674 
f 2615//3675 2652//3675 2575//3675 
f 2688//3676 2652//3676 2645//3676 
f 2729//3677 2688//3677 2645//3677 
f 2814//3678 2781//3678 2771//3678 
f 2771//3679 2781//3679 2729//3679 
f 2865//3680 2840//3680 2797//3680 
f 2865//3681 2879//3681 2840//3681 
f 2814//3682 2852//3682 2781//3682 
f 2852//3683 2893//3683 2820//3683 
f 2783//3684 2733//3684 2694//3684 
f 2735//3685 2783//3685 2694//3685 
f 2656//3686 2639//3686 2591//3686 
f 2727//3687 2773//3687 2702//3687 
f 2627//3688 2670//3688 2595//3688 
f 2544//3689 2573//3689 2512//3689 
f 2475//3690 2544//3690 2459//3690 
f 2558//3691 2544//3691 2475//3691 
f 2797//3692 2771//3692 2704//3692 
f 2771//3693 2729//3693 2704//3693 
f 2092//3694 2158//3694 2082//3694 
f 1622//3695 1721//3695 1618//3695 
f 2058//3696 2073//3696 2006//3696 
f 1683//3697 1631//3697 1609//3697 
f 2184//3698 2174//3698 2055//3698 
f 2188//3699 2184//3699 2055//3699 
f 2174//3700 2279//3700 2168//3700 
f 2287//3701 2279//3701 2174//3701 
f 2007//3702 2015//3702 1951//3702 
f 1806//3703 1816//3703 1750//3703 
f 1826//3704 1788//3704 1764//3704 
f 1826//3705 1836//3705 1788//3705 
f 1881//3706 1859//3706 1847//3706 
f 2038//3707 2058//3707 2006//3707 
f 1714//3708 1605//3708 1603//3708 
f 1716//3709 1617//3709 1611//3709 
f 2120//3710 2166//3710 2096//3710 
f 2201//3711 2166//3711 2120//3711 
f 2186//3712 2217//3712 2150//3712 
f 2215//3713 2186//3713 2146//3713 
f 2146//3714 2110//3714 2096//3714 
f 2096//3715 2080//3715 2037//3715 
f 2061//3716 2049//3716 2027//3716 
f 1795//3717 1884//3717 1781//3717 
f 1952//3718 1951//3718 1901//3718 
f 1901//3719 1951//3719 1893//3719 
f 1834//3720 1887//3720 1820//3720 
f 1834//3721 1820//3721 1802//3721 
f 2148//3722 2142//3722 2033//3722 
f 2149//3723 2155//3723 2040//3723 
f 2120//3724 2096//3724 2072//3724 
f 2072//3725 2096//3725 2057//3725 
f 2092//3726 2082//3726 2013//3726 
f 2175//3727 2185//3727 2056//3727 
f 2189//3728 2193//3728 2064//3728 
f 2169//3729 2175//3729 2048//3729 
f 1912//3730 1910//3730 1898//3730 
f 1952//3731 2007//3731 1951//3731 
f 2168//3732 2164//3732 2047//3732 
f 2199//3733 2239//3733 2172//3733 
f 2172//3734 2239//3734 2158//3734 
f 2429//3735 2494//3735 2409//3735 
f 2429//3736 2409//3736 2372//3736 
f 2342//3737 2407//3737 2326//3737 
f 2326//3738 2407//3738 2314//3738 
f 2154//3739 2233//3739 2148//3739 
f 2247//3740 2233//3740 2154//3740 
f 1693//3741 1722//3741 1691//3741 
f 1762//3742 1722//3742 1693//3742 
f 1536//3743 1499//3743 1479//3743 
f 1766//3744 1780//3744 1683//3744 
f 1396//3745 1414//3745 1362//3745 
f 1526//3746 1548//3746 1503//3746 
f 1693//3747 1691//3747 1647//3747 
f 1590//3748 1619//3748 1534//3748 
f 1699//3749 1726//3749 1679//3749 
f 1691//3750 1651//3750 1615//3750 
f 1707//3751 1665//3751 1635//3751 
f 1635//3752 1665//3752 1619//3752 
f 994//3753 995//3753 948//3753 
f 1052//3754 1058//3754 1003//3754 
f 1070//3755 1084//3755 1019//3755 
f 1084//3756 1033//3756 1019//3756 
f 1394//3757 1423//3757 1374//3757 
f 1313//3758 1293//3758 1263//3758 
f 1171//3759 1204//3759 1111//3759 
f 1204//3760 1179//3760 1137//3760 
f 1459//3761 1388//3761 1366//3761 
f 1594//3762 1522//3762 1501//3762 
f 1499//3763 1445//3763 1414//3763 
f 1331//3764 1283//3764 1269//3764 
f 1346//3765 1333//3765 1293//3765 
f 1204//3766 1238//3766 1179//3766 
f 1111//3767 1137//3767 1094//3767 
f 1204//3768 1137//3768 1111//3768 
f 1242//3769 1252//3769 1181//3769 
f 1283//3770 1254//3770 1236//3770 
f 1222//3771 1139//3771 1129//3771 
f 1301//3772 1317//3772 1242//3772 
f 1540//3773 1459//3773 1447//3773 
f 1530//3774 1540//3774 1447//3774 
f 1631//3775 1588//3775 1560//3775 
f 1520//3776 1437//3776 1431//3776 
f 1514//3777 1520//3777 1431//3777 
f 1645//3778 1661//3778 1566//3778 
f 1669//3779 1635//3779 1607//3779 
f 1669//3780 1607//3780 1588//3780 
f 1892//3781 1890//3781 1807//3781 
f 1911//3782 1913//3782 1907//3782 
f 2033//3783 2128//3783 2029//3783 
f 1957//3784 2008//3784 1956//3784 
f 1894//3785 1902//3785 1860//3785 
f 2062//3786 2024//3786 2012//3786 
f 2012//3787 2024//3787 2000//3787 
f 2161//3788 2046//3788 2044//3788 
f 1995//3789 2001//3789 1954//3789 
f 2097//3790 2121//3790 2073//3790 
f 1874//3791 1870//3791 1761//3791 
f 1845//3792 1849//3792 1720//3792 
f 2264//3793 2161//3793 2155//3793 
f 1866//3794 1864//3794 1749//3794 
f 1954//3795 1953//3795 1907//3795 
f 1761//3796 1755//3796 1676//3796 
f 1698//3797 1781//3797 1684//3797 
f 2102//3798 2092//3798 2017//3798 
f 1531//3799 1622//3799 1525//3799 
f 1630//3800 1622//3800 1531//3800 
f 1525//3801 1521//3801 1438//3801 
f 1525//3802 1622//3802 1521//3802 
f 1595//3803 1583//3803 1502//3803 
f 1684//3804 1761//3804 1676//3804 
f 1662//3805 1646//3805 1567//3805 
f 1567//3806 1640//3806 1547//3806 
f 1610//3807 1684//3807 1595//3807 
f 1684//3808 1676//3808 1595//3808 
f 1276//3809 1343//3809 1268//3809 
f 1349//3810 1343//3810 1276//3810 
f 1340//3811 1342//3811 1265//3811 
f 1342//3812 1267//3812 1265//3812 
f 1339//3813 1340//3813 1262//3813 
f 1341//3814 1339//3814 1262//3814 
f 1887//3815 1950//3815 1877//3815 
f 1950//3816 1949//3816 1877//3816 
f 1808//3817 1790//3817 1726//3817 
f 1752//3818 1808//3818 1726//3818 
f 1867//3819 1855//3819 1790//3819 
f 1867//3820 1947//3820 1855//3820 
f 1451//3821 1497//3821 1416//3821 
f 1408//3822 1370//3822 1333//3822 
f 1532//3823 1497//3823 1493//3823 
f 1534//3824 1578//3824 1493//3824 
f 2049//3825 2074//3825 2021//3825 
f 1951//3826 2015//3826 1950//3826 
f 2952//3827 2930//3827 2891//3827 
f 2952//3828 2969//3828 2930//3828 
f 2889//3829 2875//3829 2824//3829 
f 2838//3830 2889//3830 2824//3830 
f 2863//3831 2891//3831 2842//3831 
f 2863//3832 2842//3832 2791//3832 
f 2261//3833 2293//3833 2217//3833 
f 2330//3834 2293//3834 2261//3834 
f 2257//3835 2285//3835 2209//3835 
f 2293//3836 2285//3836 2257//3836 
f 2221//3837 2152//3837 2140//3837 
f 2140//3838 2152//3838 2076//3838 
f 2088//3839 2100//3839 2041//3839 
f 2176//3840 2156//3840 2138//3840 
f 2226//3841 2234//3841 2149//3841 
f 2499//3842 2434//3842 2420//3842 
f 2369//3843 2280//3843 2276//3843 
f 2155//3844 2161//3844 2040//3844 
f 2373//3845 2315//3845 2300//3845 
f 2349//3846 2373//3846 2278//3846 
f 2194//3847 2192//3847 2063//3847 
f 2297//3848 2394//3848 2291//3848 
f 2196//3849 2305//3849 2194//3849 
f 2297//3850 2291//3850 2192//3850 
f 2298//3851 2195//3851 2193//3851 
f 2399//3852 2304//3852 2298//3852 
f 2487//3853 2483//3853 2398//3853 
f 2398//3854 2483//3854 2394//3854 
f 2561//3855 2567//3855 2484//3855 
f 2567//3856 2490//3856 2488//3856 
f 2288//3857 2189//3857 2185//3857 
f 2450//3858 2462//3858 2369//3858 
f 2292//3859 2298//3859 2193//3859 
f 2307//3860 2305//3860 2198//3860 
f 1714//3861 1716//3861 1611//3861 
f 1909//3862 1897//3862 1885//3862 
f 2388//3863 2384//3863 2287//3863 
f 2291//3864 2388//3864 2287//3864 
f 2378//3865 2368//3865 2279//3865 
f 2287//3866 2378//3866 2279//3866 
f 2449//3867 2520//3867 2433//3867 
f 2449//3868 2433//3868 2368//3868 
f 2508//3869 2577//3869 2498//3869 
f 2577//3870 2558//3870 2498//3870 
f 2825//3871 2839//3871 2780//3871 
f 2890//3872 2839//3872 2825//3872 
f 1711//3873 1603//3873 1602//3873 
f 1720//3874 1724//3874 1621//3874 
f 1478//3875 1446//3875 1395//3875 
f 1395//3876 1446//3876 1363//3876 
f 1964//3877 1963//3877 1839//3877 
f 1964//3878 2071//3878 1963//3878 
f 2236//3879 2222//3879 2163//3879 
f 2236//3880 2282//3880 2222//3880 
f 2077//3881 2141//3881 2071//3881 
f 2077//3882 2071//3882 1964//3882 
f 1753//3883 1733//3883 1700//3883 
f 1692//3884 1694//3884 1648//3884 
f 1821//3885 1771//3885 1753//3885 
f 1821//3886 1803//3886 1771//3886 
f 1733//3887 1759//3887 1692//3887 
f 1803//3888 1759//3888 1733//3888 
f 1694//3889 1708//3889 1666//3889 
f 1694//3890 1666//3890 1648//3890 
f 1652//3891 1692//3891 1616//3891 
f 1700//3892 1692//3892 1652//3892 
f 1608//3893 1589//3893 1527//3893 
f 1549//3894 1608//3894 1527//3894 
f 1698//3895 1684//3895 1632//3895 
f 1710//3896 1795//3896 1698//3896 
f 1610//3897 1595//3897 1537//3897 
f 1450//3898 1434//3898 1365//3898 
f 1829//3899 1872//3899 1813//3899 
f 1852//3900 1837//3900 1813//3900 
f 2011//3901 2001//3901 1997//3901 
f 1765//3902 1751//3902 1690//3902 
f 2045//3903 2160//3903 2043//3903 
f 1765//3904 1827//3904 1751//3904 
f 926//3905 963//3905 902//3905 
f 844//3906 879//3906 824//3906 
f 893//3907 865//3907 863//3907 
f 893//3908 926//3908 865//3908 
f 969//3909 961//3909 912//3909 
f 969//3910 1008//3910 961//3910 
f 948//3911 950//3911 905//3911 
f 1003//3912 950//3912 948//3912 
f 860//3913 868//3913 821//3913 
f 860//3914 821//3914 815//3914 
f 988//3915 984//3915 954//3915 
f 843//3916 864//3916 812//3916 
f 921//3917 935//3917 894//3917 
f 921//3918 894//3918 892//3918 
f 870//3919 907//3919 847//3919 
f 894//3920 907//3920 870//3920 
f 839//3921 870//3921 817//3921 
f 839//3922 817//3922 810//3922 
f 878//3923 901//3923 864//3923 
f 901//3924 925//3924 864//3924 
f 1127//3925 1088//3925 1056//3925 
f 1054//3926 1092//3926 1021//3926 
f 826//3927 869//3927 822//3927 
f 869//3928 861//3928 822//3928 
f 749//3929 722//3929 721//3929 
f 825//3930 841//3930 794//3930 
f 2512//3931 2494//3931 2459//3931 
f 2670//3932 2645//3932 2595//3932 
f 2431//3933 2455//3933 2405//3933 
f 2431//3934 2405//3934 2382//3934 
f 2623//3935 2686//3935 2607//3935 
f 2623//3936 2607//3936 2548//3936 
f 2542//3937 2591//3937 2520//3937 
f 2542//3938 2520//3938 2449//3938 
f 2517//3939 2557//3939 2503//3939 
f 2600//3940 2582//3940 2517//3940 
f 2216//3941 2167//3941 2147//3941 
f 2111//3942 2097//3942 2081//3942 
f 2173//3943 2115//3943 2103//3943 
f 2167//3944 2121//3944 2097//3944 
f 2274//3945 2302//3945 2240//3945 
f 2361//3946 2302//3946 2274//3946 
f 2244//3947 2274//3947 2202//3947 
f 2216//3948 2244//3948 2202//3948 
f 2226//3949 2143//3949 2129//3949 
f 2200//3950 2212//3950 2115//3950 
f 2270//3951 2165//3951 2161//3951 
f 2159//3952 2173//3952 2103//3952 
f 2596//3953 2574//3953 2547//3953 
f 2547//3954 2574//3954 2513//3954 
f 1257//3955 1221//3955 1174//3955 
f 1221//3956 1180//3956 1174//3956 
f 2464//3957 2495//3957 2410//3957 
f 2383//3958 2321//3958 2302//3958 
f 2486//3959 2515//3959 2432//3959 
f 2456//3960 2486//3960 2432//3960 
f 2107//3961 2085//3961 2050//3961 
f 2075//3962 2107//3962 2050//3962 
f 2294//3963 2262//3963 2218//3963 
f 2218//3964 2262//3964 2216//3964 
f 1494//3965 1454//3965 1452//3965 
f 1452//3966 1454//3966 1409//3966 
f 1498//3967 1533//3967 1494//3967 
f 1581//3968 1533//3968 1498//3968 
f 1486//3969 1513//3969 1468//3969 
f 1486//3970 1468//3970 1430//3970 
f 1638//3971 1650//3971 1587//3971 
f 1739//3972 1650//3972 1638//3972 
f 1793//3973 1682//3973 1678//3973 
f 1787//3974 1793//3974 1678//3974 
f 1245//3975 1251//3975 1178//3975 
f 1251//3976 1199//3976 1178//3976 
f 981//3977 991//3977 944//3977 
f 897//3978 910//3978 855//3978 
f 930//3979 908//3979 885//3979 
f 987//3980 946//3980 930//3980 
f 3228//3981 3230//3981 3193//3981 
f 3245//3982 3230//3982 3228//3982 
f 2763//3983 2678//3983 2674//3983 
f 2679//3984 2678//3984 2764//3984 
f 2763//3985 2764//3985 2678//3985 
f 3189//3986 3193//3986 3164//3986 
f 3135//3987 3139//3987 3102//3987 
f 3050//3988 3085//3988 3030//3988 
f 3050//3989 3030//3989 3010//3989 
f 1079//3990 1078//3990 1028//3990 
f 1027//3991 1028//3991 1078//3991 
f 1028//3992 1027//3992 975//3992 
f 974//3993 975//3993 1027//3993 
f 1300//3994 1299//3994 1231//3994 
f 1230//3995 1231//3995 1299//3995 
f 1299//3996 1235//3996 1230//3996 
f 1484//3997 1488//3997 1399//3997 
f 1474//3998 1484//3998 1399//3998 
f 2997//3999 3026//3999 2985//3999 
f 2985//4000 3026//4000 2967//4000 
f 2707//4001 2642//4001 2634//4001 
f 2624//4002 2630//4002 2549//4002 
f 2687//4003 2699//4003 2630//4003 
f 2699//4004 2707//4004 2630//4004 
f 2592//4005 2543//4005 2521//4005 
f 2513//4006 2545//4006 2460//4006 
f 2626//4007 2578//4007 2559//4007 
f 2559//4008 2499//4008 2476//4008 
f 2099//4009 2204//4009 2095//4009 
f 2208//4010 2204//4010 2099//4010 
f 742//4011 765//4011 724//4011 
f 672//4012 692//4012 657//4012 
f 670//4013 695//4013 663//4013 
f 724//4014 730//4014 713//4014 
f 699//4015 717//4015 692//4015 
f 717//4016 726//4016 692//4016 
f 1091//4017 1097//4017 1042//4017 
f 1170//4018 1097//4018 1091//4018 
f 1036//4019 981//4019 977//4019 
f 1032//4020 1036//4020 977//4020 
f 815//4021 786//4021 782//4021 
f 782//4022 786//4022 753//4022 
f 754//4023 750//4023 723//4023 
f 787//4024 783//4024 754//4024 
f 650//4025 651//4025 625//4025 
f 665//4026 651//4026 650//4026 
f 648//4027 630//4027 615//4027 
f 646//4028 623//4028 611//4028 
f 939//4029 962//4029 901//4029 
f 962//4030 925//4030 901//4030 
f 882//4031 898//4031 841//4031 
f 898//4032 858//4032 841//4032 
f 794//4033 808//4033 763//4033 
f 794//4034 763//4034 753//4034 
f 1392//4035 1443//4035 1368//4035 
f 1443//4036 1427//4036 1368//4036 
f 2979//4037 2942//4037 2922//4037 
f 2979//4038 2999//4038 2942//4038 
f 2879//4039 2852//4039 2840//4039 
f 2879//4040 2920//4040 2852//4040 
f 2741//4041 2810//4041 2727//4041 
f 2810//4042 2791//4042 2727//4042 
f 2686//4043 2741//4043 2666//4043 
f 2741//4044 2727//4044 2666//4044 
f 2595//4045 2615//4045 2562//4045 
f 2546//4046 2595//4046 2514//4046 
f 2654//4047 2704//4047 2627//4047 
f 2654//4048 2627//4048 2573//4048 
f 2595//4049 2562//4049 2514//4049 
f 2546//4050 2514//4050 2463//4050 
f 2773//4051 2737//4051 2672//4051 
f 2773//4052 2797//4052 2737//4052 
f 1715//4053 1713//4053 1604//4053 
f 1903//4054 1851//4054 1836//4054 
f 1764//4055 1707//4055 1689//4055 
f 1847//4056 1859//4056 1824//4056 
f 1828//4057 1847//4057 1824//4057 
f 1879//4058 1883//4058 1780//4058 
f 1604//4059 1602//4059 1507//4059 
f 1618//4060 1612//4060 1515//4060 
f 1740//4061 1744//4061 1639//4061 
f 1629//4062 1633//4062 1540//4062 
f 2217//4063 2176//4063 2150//4063 
f 2150//4064 2176//4064 2106//4064 
f 2148//4065 2225//4065 2142//4065 
f 2142//4066 2225//4066 2128//4066 
f 1890//4067 1884//4067 1807//4067 
f 2159//4068 2093//4068 2083//4068 
f 2035//4069 2148//4069 2033//4069 
f 2005//4070 2037//4070 2003//4070 
f 2001//4071 2007//4071 1953//4071 
f 1909//4072 1885//4072 1871//4072 
f 2103//4073 2115//4073 2026//4073 
f 2409//4074 2382//4074 2320//4074 
f 2348//4075 2409//4075 2320//4075 
f 2314//4076 2299//4076 2225//4076 
f 2372//4077 2348//4077 2277//4077 
f 2368//4078 2433//4078 2362//4078 
f 2362//4079 2433//4079 2342//4079 
f 2419//4080 2475//4080 2407//4080 
f 2419//4081 2407//4081 2342//4081 
f 2326//4082 2314//4082 2247//4082 
f 2342//4083 2326//4083 2247//4083 
f 1479//4084 1499//4084 1414//4084 
f 1526//4085 1503//4085 1477//4085 
f 1635//4086 1590//4086 1548//4086 
f 1619//4087 1578//4087 1534//4087 
f 1503//4088 1534//4088 1453//4088 
f 1548//4089 1534//4089 1503//4089 
f 1647//4090 1691//4090 1615//4090 
f 1647//4091 1615//4091 1578//4091 
f 1615//4092 1580//4092 1578//4092 
f 1615//4093 1623//4093 1580//4093 
f 1049//4094 1052//4094 995//4094 
f 1052//4095 1003//4095 995//4095 
f 1346//4096 1374//4096 1333//4096 
f 1263//4097 1256//4097 1220//4097 
f 1594//4098 1536//4098 1522//4098 
f 1350//4099 1364//4099 1283//4099 
f 1588//4100 1526//4100 1499//4100 
f 1499//4101 1526//4101 1477//4101 
f 1362//4102 1394//4102 1313//4102 
f 1445//4103 1477//4103 1394//4103 
f 1167//4104 1181//4104 1098//4104 
f 1236//4105 1171//4105 1135//4105 
f 1137//4106 1179//4106 1127//4106 
f 1137//4107 1127//4107 1094//4107 
f 1285//4108 1301//4108 1222//4108 
f 1410//4109 1433//4109 1350//4109 
f 1269//4110 1283//4110 1206//4110 
f 1283//4111 1236//4111 1206//4111 
f 1210//4112 1222//4112 1129//4112 
f 1202//4113 1210//4113 1129//4113 
f 1459//4114 1475//4114 1388//4114 
f 1447//4115 1459//4115 1366//4115 
f 1611//4116 1617//4116 1514//4116 
f 1712//4117 1714//4117 1603//4117 
f 1754//4118 1661//4118 1645//4118 
f 1734//4119 1740//4119 1629//4119 
f 1617//4120 1621//4120 1520//4120 
f 1716//4121 1720//4121 1617//4121 
f 1609//4122 1631//4122 1536//4122 
f 1566//4123 1582//4123 1501//4123 
f 2081//4124 2038//4124 2024//4124 
f 2167//4125 2202//4125 2121//4125 
f 1957//4126 1956//4126 1902//4126 
f 1956//4127 1908//4127 1902//4127 
f 2008//4128 2002//4128 1956//4128 
f 2008//4129 2012//4129 2002//4129 
f 2050//4130 2062//4130 2028//4130 
f 2028//4131 2062//4131 2012//4131 
f 2264//4132 2270//4132 2161//4132 
f 1999//4133 2011//4133 1997//4133 
f 1914//4134 1912//4134 1908//4134 
f 2002//4135 1996//4135 1955//4135 
f 2115//4136 2129//4136 2026//4136 
f 1845//4137 1716//4137 1714//4137 
f 2198//4138 2305//4138 2196//4138 
f 2226//4139 2149//4139 2143//4139 
f 1634//4140 1741//4140 1630//4140 
f 2343//4141 2363//4141 2270//4141 
f 2248//4142 2264//4142 2155//4142 
f 2185//4143 2189//4143 2056//4143 
f 2212//4144 2129//4144 2115//4144 
f 1827//4145 1896//4145 1817//4145 
f 2009//4146 2072//4146 2005//4146 
f 1767//4147 1876//4147 1761//4147 
f 1817//4148 1892//4148 1807//4148 
f 1850//4149 1846//4149 1721//4149 
f 2197//4150 2198//4150 2069//4150 
f 1870//4151 1866//4151 1749//4151 
f 1646//4152 1640//4152 1567//4152 
f 1453//4153 1408//4153 1374//4153 
f 1453//4154 1451//4154 1408//4154 
f 1953//4155 2007//4155 1952//4155 
f 2011//4156 2007//4156 2001//4156 
f 2021//4157 2031//4157 1950//4157 
f 2015//4158 2021//4158 1950//4158 
f 2229//4159 2265//4159 2182//4159 
f 2285//4160 2265//4160 2229//4160 
f 2209//4161 2182//4161 2156//4161 
f 2156//4162 2182//4162 2100//4162 
f 2432//4163 2410//4163 2383//4163 
f 2495//4164 2513//4164 2460//4164 
f 2165//4165 2048//4165 2046//4165 
f 2434//4166 2369//4166 2363//4166 
f 2408//4167 2343//4167 2327//4167 
f 2270//4168 2276//4168 2169//4168 
f 2363//4169 2276//4169 2270//4169 
f 2278//4170 2300//4170 2226//4170 
f 2373//4171 2300//4171 2278//4171 
f 2305//4172 2303//4172 2194//4172 
f 2194//4173 2297//4173 2192//4173 
f 2402//4174 2400//4174 2305//4174 
f 2307//4175 2402//4175 2305//4175 
f 2198//4176 2196//4176 2069//4176 
f 1904//4177 1900//4177 1837//4177 
f 2488//4178 2490//4178 2399//4178 
f 2490//4179 2401//4179 2399//4179 
f 2549//4180 2472//4180 2462//4180 
f 2395//4181 2399//4181 2298//4181 
f 2549//4182 2478//4182 2472//4182 
f 2472//4183 2478//4183 2389//4183 
f 2269//4184 2263//4184 2160//4184 
f 2160//4185 2263//4185 2154//4185 
f 1853//4186 1734//4186 1724//4186 
f 1711//4187 1712//4187 1603//4187 
f 1862//4188 1858//4188 1735//4188 
f 1963//4189 2071//4189 1962//4189 
f 1963//4190 1962//4190 1839//4190 
f 1727//4191 1680//4191 1644//4191 
f 1727//4192 1700//4192 1680//4192 
f 1743//4193 1789//4193 1708//4193 
f 1743//4194 1708//4194 1694//4194 
f 1666//4195 1708//4195 1636//4195 
f 1666//4196 1636//4196 1620//4196 
f 1670//4197 1642//4197 1589//4197 
f 1608//4198 1670//4198 1589//4198 
f 1480//4199 1537//4199 1450//4199 
f 1642//4200 1632//4200 1589//4200 
f 1415//4201 1450//4201 1397//4201 
f 1480//4202 1450//4202 1415//4202 
f 1561//4203 1632//4203 1537//4203 
f 1561//4204 1537//4204 1500//4204 
f 1848//4205 1829//4205 1825//4205 
f 2189//4206 2064//4206 2060//4206 
f 1799//4207 1763//4207 1723//4207 
f 1759//4208 1799//4208 1723//4208 
f 1817//4209 1807//4209 1751//4209 
f 1827//4210 1817//4210 1751//4210 
f 813//4211 844//4211 793//4211 
f 865//4212 844//4212 813//4212 
f 863//4213 836//4213 811//4213 
f 863//4214 865//4214 836//4214 
f 984//4215 958//4215 921//4215 
f 958//4216 935//4216 921//4216 
f 1125//4217 1092//4217 1088//4217 
f 1088//4218 1092//4218 1054//4218 
f 2661//4219 2726//4219 2638//4219 
f 2582//4220 2620//4220 2557//4220 
f 2121//4221 2145//4221 2083//4221 
f 2097//4222 2058//4222 2038//4222 
f 2083//4223 2093//4223 2014//4223 
f 2145//4224 2159//4224 2083//4224 
f 2240//4225 2200//4225 2173//4225 
f 2240//4226 2173//4226 2159//4226 
f 2278//4227 2226//4227 2212//4227 
f 2129//4228 2143//4228 2034//4228 
f 2495//4229 2430//4229 2410//4229 
f 2410//4230 2430//4230 2373//4230 
f 2151//4231 2111//4231 2085//4231 
f 2107//4232 2151//4232 2085//4232 
f 1002//4233 1014//4233 967//4233 
f 944//4234 910//4234 897//4234 
f 910//4235 930//4235 867//4235 
f 967//4236 930//4236 910//4236 
f 3277//4237 3248//4237 3276//4237 
f 3247//4238 3276//4238 3248//4238 
f 3164//4239 3168//4239 3139//4239 
f 3164//4240 3139//4240 3135//4240 
f 1230//4241 1235//4241 1145//4241 
f 1678//4242 1577//4242 1571//4242 
f 1571//4243 1488//4243 1484//4243 
f 2559//4244 2578//4244 2499//4244 
f 2499//4245 2509//4245 2434//4245 
f 2640//4246 2592//4246 2578//4246 
f 2592//4247 2608//4247 2543//4247 
f 2521//4248 2450//4248 2434//4248 
f 2578//4249 2521//4249 2509//4249 
f 2703//4250 2640//4250 2626//4250 
f 2626//4251 2640//4251 2578//4251 
f 765//4252 746//4252 724//4252 
f 746//4253 730//4253 724//4253 
f 692//4254 666//4254 657//4254 
f 666//4255 682//4255 653//4255 
f 682//4256 670//4256 653//4256 
f 713//4257 695//4257 682//4257 
f 781//4258 782//4258 749//4258 
f 782//4259 753//4259 749//4259 
f 783//4260 816//4260 781//4260 
f 783//4261 781//4261 750//4261 
f 646//4262 653//4262 623//4262 
f 653//4263 648//4263 623//4263 
f 1029//4264 988//4264 962//4264 
f 962//4265 988//4265 954//4265 
f 956//4266 913//4266 898//4266 
f 982//4267 956//4267 941//4267 
f 1309//4268 1358//4268 1287//4268 
f 1368//4269 1358//4269 1309//4269 
f 2639//4270 2702//4270 2625//4270 
f 2727//4271 2702//4271 2639//4271 
f 2666//4272 2656//4272 2591//4272 
f 2666//4273 2727//4273 2656//4273 
f 2512//4274 2546//4274 2494//4274 
f 2573//4275 2546//4275 2512//4275 
f 2625//4276 2654//4276 2597//4276 
f 2597//4277 2654//4277 2573//4277 
f 1903//4278 1871//4278 1851//4278 
f 1836//4279 1812//4279 1788//4279 
f 1806//4280 1750//4280 1736//4280 
f 1816//4281 1826//4281 1750//4281 
f 2003//4282 2037//4282 1999//4282 
f 1891//4283 1895//4283 1816//4283 
f 1794//4284 1736//4284 1709//4284 
f 1683//4285 1697//4285 1631//4285 
f 1618//4286 1717//4286 1612//4286 
f 1717//4287 1715//4287 1612//4287 
f 1511//4288 1604//4288 1509//4288 
f 1606//4289 1604//4289 1511//4289 
f 1997//4290 2001//4290 1995//4290 
f 2023//4291 2011//4291 1999//4291 
f 2146//4292 2186//4292 2110//4292 
f 2186//4293 2150//4293 2110//4293 
f 1837//4294 1896//4294 1827//4294 
f 1761//4295 1870//4295 1755//4295 
f 2280//4296 2175//4296 2169//4296 
f 1886//4297 1910//4297 1872//4297 
f 2012//4298 2000//4298 1998//4298 
f 2080//4299 2061//4299 2023//4299 
f 2023//4300 2061//4300 2011//4300 
f 1909//4301 1911//4301 1897//4301 
f 1911//4302 1907//4302 1897//4302 
f 1781//4303 1767//4303 1684//4303 
f 1881//4304 1901//4304 1859//4304 
f 1907//4305 1901//4305 1897//4305 
f 2103//4306 2020//4306 2018//4306 
f 2159//4307 2103//4307 2093//4307 
f 2267//4308 2239//4308 2199//4308 
f 2277//4309 2267//4309 2199//4309 
f 2314//4310 2372//4310 2299//4310 
f 2299//4311 2372//4311 2277//4311 
f 1580//4312 1542//4312 1497//4312 
f 1578//4313 1532//4313 1493//4313 
f 1453//4314 1493//4314 1451//4314 
f 1534//4315 1493//4315 1453//4315 
f 1651//4316 1623//4316 1615//4316 
f 1699//4317 1679//4317 1623//4317 
f 1335//4318 1313//4318 1281//4318 
f 1313//4319 1263//4319 1238//4319 
f 1293//4320 1333//4320 1256//4320 
f 1263//4321 1293//4321 1256//4321 
f 1489//4322 1501//4322 1433//4322 
f 1566//4323 1501//4323 1489//4323 
f 1364//4324 1396//4324 1335//4324 
f 1449//4325 1414//4325 1396//4325 
f 1313//4326 1346//4326 1293//4326 
f 1394//4327 1346//4327 1313//4327 
f 1445//4328 1394//4328 1362//4328 
f 1414//4329 1445//4329 1362//4329 
f 1388//4330 1331//4330 1317//4330 
f 1317//4331 1331//4331 1269//4331 
f 1135//4332 1171//4332 1111//4332 
f 1135//4333 1111//4333 1086//4333 
f 1269//4334 1206//4334 1181//4334 
f 1222//4335 1167//4335 1139//4335 
f 1546//4336 1566//4336 1475//4336 
f 1540//4337 1475//4337 1459//4337 
f 1633//4338 1639//4338 1546//4338 
f 1639//4339 1566//4339 1546//4339 
f 1631//4340 1641//4340 1588//4340 
f 1709//4341 1641//4341 1631//4341 
f 1631//4342 1560//4342 1536//4342 
f 1536//4343 1560//4343 1499//4343 
f 1661//4344 1582//4344 1566//4344 
f 1794//4345 1709//4345 1697//4345 
f 1869//4346 1873//4346 1760//4346 
f 1898//4347 1910//4347 1886//4347 
f 1908//4348 1912//4348 1898//4348 
f 1902//4349 1908//4349 1898//4349 
f 2002//4350 2012//4350 1998//4350 
f 2160//4351 2154//4351 2039//4351 
f 2197//4352 2069//4352 2068//4352 
f 1875//4353 1879//4353 1780//4353 
f 2280//4354 2288//4354 2175//4354 
f 2478//4355 2395//4355 2389//4355 
f 2306//4356 2198//4356 2197//4356 
f 2149//4357 2036//4357 2034//4357 
f 2143//4358 2149//4358 2034//4358 
f 1900//4359 1896//4359 1837//4359 
f 1955//4360 1914//4360 1908//4360 
f 1956//4361 1955//4361 1908//4361 
f 1884//4362 1880//4362 1781//4362 
f 1913//4363 1954//4363 1907//4363 
f 1717//4364 1846//4364 1715//4364 
f 2047//4365 2164//4365 2045//4365 
f 2161//4366 2165//4366 2046//4366 
f 1634//4367 1630//4367 1541//4367 
f 1640//4368 1741//4368 1634//4368 
f 1745//4369 1862//4369 1741//4369 
f 1741//4370 1862//4370 1735//4370 
f 2182//4371 2205//4371 2140//4371 
f 2265//4372 2205//4372 2182//4372 
f 2410//4373 2349//4373 2321//4373 
f 2410//4374 2373//4374 2349//4374 
f 1840//4375 1841//4375 1712//4375 
f 2270//4376 2169//4376 2165//4376 
f 2165//4377 2169//4377 2048//4377 
f 2343//4378 2270//4378 2264//4378 
f 2343//4379 2264//4379 2248//4379 
f 2303//4380 2398//4380 2297//4380 
f 2303//4381 2297//4381 2194//4381 
f 2306//4382 2307//4382 2198//4382 
f 2402//4383 2307//4383 2306//4383 
f 1858//4384 1854//4384 1735//4384 
f 2306//4385 2197//4385 2195//4385 
f 2478//4386 2484//4386 2395//4386 
f 2484//4387 2488//4387 2399//4387 
f 2462//4388 2472//4388 2385//4388 
f 2472//4389 2389//4389 2385//4389 
f 1807//4390 1884//4390 1795//4390 
f 1899//4391 1903//4391 1836//4391 
f 1849//4392 1853//4392 1720//4392 
f 2164//4393 2160//4393 2045//4393 
f 1720//4394 1621//4394 1617//4394 
f 1840//4395 1712//4395 1711//4395 
f 1864//4396 1862//4396 1745//4396 
f 1636//4397 1608//4397 1549//4397 
f 1591//4398 1636//4398 1549//4398 
f 1737//4399 1710//4399 1670//4399 
f 1751//4400 1737//4400 1670//4400 
f 1523//4401 1595//4401 1502//4401 
f 1523//4402 1502//4402 1450//4402 
f 1589//4403 1561//4403 1500//4403 
f 1589//4404 1632//4404 1561//4404 
f 1872//4405 1852//4405 1813//4405 
f 1872//4406 1904//4406 1852//4406 
f 1848//4407 1886//4407 1829//4407 
f 1886//4408 1872//4408 1829//4408 
f 925//4409 921//4409 892//4409 
f 925//4410 954//4410 921//4410 
f 2638//4411 2697//4411 2620//4411 
f 2638//4412 2620//4412 2582//4412 
f 2073//4413 2014//4413 2010//4413 
f 2073//4414 2010//4414 2006//4414 
f 2093//4415 2103//4415 2018//4415 
f 2093//4416 2018//4416 2014//4416 
f 2274//4417 2240//4417 2220//4417 
f 2220//4418 2240//4418 2159//4418 
f 2268//4419 2278//4419 2200//4419 
f 2240//4420 2268//4420 2200//4420 
f 1042//4421 1002//4421 991//4421 
f 1042//4422 1048//4422 1002//4422 
f 1577//4423 1585//4423 1488//4423 
f 1571//4424 1577//4424 1488//4424 
f 2408//4425 2327//4425 2315//4425 
f 2460//4426 2387//4426 2373//4426 
f 2509//4427 2521//4427 2434//4427 
f 2434//4428 2450//4428 2369//4428 
f 2543//4429 2462//4429 2450//4429 
f 2521//4430 2543//4430 2450//4430 
f 2655//4431 2598//4431 2574//4431 
f 2655//4432 2626//4432 2598//4432 
f 792//4433 788//4433 767//4433 
f 767//4434 788//4434 742//4434 
f 726//4435 724//4435 701//4435 
f 726//4436 742//4436 724//4436 
f 692//4437 701//4437 682//4437 
f 701//4438 724//4438 682//4438 
f 750//4439 781//4439 748//4439 
f 781//4440 749//4440 748//4440 
f 1043//4441 1029//4441 997//4441 
f 997//4442 1029//4442 962//4442 
f 999//4443 1017//4443 956//4443 
f 978//4444 962//4444 939//4444 
f 1851//4445 1871//4445 1812//4445 
f 1836//4446 1851//4446 1812//4446 
f 1689//4447 1707//4447 1635//4447 
f 1826//4448 1764//4448 1750//4448 
f 1750//4449 1689//4449 1669//4449 
f 1750//4450 1764//4450 1689//4450 
f 1736//4451 1750//4451 1669//4451 
f 1709//4452 1736//4452 1669//4452 
f 1891//4453 1816//4453 1806//4453 
f 1889//4454 1891//4454 1806//4454 
f 1883//4455 1889//4455 1806//4455 
f 1895//4456 1836//4456 1826//4456 
f 1895//4457 1826//4457 1816//4457 
f 1760//4458 1766//4458 1683//4458 
f 1883//4459 1806//4459 1794//4459 
f 1794//4460 1806//4460 1736//4460 
f 1740//4461 1633//4461 1629//4461 
f 1740//4462 1639//4462 1633//4462 
f 2038//4463 2004//4463 2000//4463 
f 2038//4464 2006//4464 2004//4464 
f 2037//4465 2080//4465 2023//4465 
f 2037//4466 2023//4466 1999//4466 
f 1897//4467 1901//4467 1881//4467 
f 1897//4468 1881//4468 1847//4468 
f 1953//4469 1952//4469 1901//4469 
f 1907//4470 1953//4470 1901//4470 
f 1896//4471 1892//4471 1817//4471 
f 1532//4472 1580//4472 1497//4472 
f 1578//4473 1580//4473 1532//4473 
f 1691//4474 1699//4474 1651//4474 
f 1651//4475 1699//4475 1623//4475 
f 1501//4476 1522//4476 1449//4476 
f 1501//4477 1449//4477 1433//4477 
f 1433//4478 1364//4478 1350//4478 
f 1331//4479 1350//4479 1283//4479 
f 1335//4480 1362//4480 1313//4480 
f 1396//4481 1362//4481 1335//4481 
f 1281//4482 1313//4482 1238//4482 
f 1236//4483 1254//4483 1204//4483 
f 1366//4484 1388//4484 1317//4484 
f 1410//4485 1350//4485 1331//4485 
f 1181//4486 1117//4486 1098//4486 
f 1242//4487 1181//4487 1167//4487 
f 1206//4488 1236//4488 1135//4488 
f 1317//4489 1252//4489 1242//4489 
f 1279//4490 1210//4490 1202//4490 
f 1279//4491 1222//4491 1210//4491 
f 1360//4492 1366//4492 1301//4492 
f 1366//4493 1317//4493 1301//4493 
f 1639//4494 1645//4494 1566//4494 
f 1748//4495 1754//4495 1645//4495 
f 1540//4496 1546//4496 1475//4496 
f 1633//4497 1546//4497 1540//4497 
f 1675//4498 1683//4498 1594//4498 
f 1661//4499 1675//4499 1594//4499 
f 1646//4500 1749//4500 1640//4500 
f 1906//4501 1904//4501 1872//4501 
f 2129//4502 2034//4502 2030//4502 
f 2129//4503 2030//4503 2026//4503 
f 2462//4504 2379//4504 2369//4504 
f 2292//4505 2193//4505 2189//4505 
f 2175//4506 2056//4506 2052//4506 
f 2175//4507 2052//4507 2048//4507 
f 2193//4508 2195//4508 2064//4508 
f 2315//4509 2234//4509 2226//4509 
f 2315//4510 2248//4510 2234//4510 
f 1781//4511 1876//4511 1767//4511 
f 1869//4512 1754//4512 1748//4512 
f 1735//4513 1854//4513 1725//4513 
f 1861//4514 1740//4514 1734//4514 
f 1895//4515 1899//4515 1836//4515 
f 1875//4516 1780//4516 1766//4516 
f 2043//4517 2160//4517 2039//4517 
f 1754//4518 1760//4518 1675//4518 
f 2161//4519 2044//4519 2040//4519 
f 1606//4520 1715//4520 1604//4520 
f 1713//4521 1840//4521 1711//4521 
f 1755//4522 1749//4522 1646//4522 
f 1755//4523 1870//4523 1749//4523 
f 2189//4524 2060//4524 2056//4524 
f 2460//4525 2476//4525 2408//4525 
f 2327//4526 2343//4526 2248//4526 
f 2395//4527 2298//4527 2292//4527 
f 2389//4528 2395//4528 2292//4528 
f 2389//4529 2292//4529 2288//4529 
f 2288//4530 2292//4530 2189//4530 
f 2462//4531 2385//4531 2379//4531 
f 2379//4532 2385//4532 2288//4532 
f 1876//4533 1874//4533 1761//4533 
f 1845//4534 1720//4534 1716//4534 
f 1869//4535 1760//4535 1754//4535 
f 1865//4536 1869//4536 1748//4536 
f 1751//4537 1807//4537 1737//4537 
f 1807//4538 1795//4538 1737//4538 
f 2121//4539 2083//4539 2073//4539 
f 2073//4540 2083//4540 2014//4540 
f 1002//4541 967//4541 953//4541 
f 953//4542 967//4542 910//4542 
f 3248//4543 3231//4543 3247//4543 
f 3230//4544 3247//4544 3231//4544 
f 2420//4545 2434//4545 2343//4545 
f 2476//4546 2420//4546 2408//4546 
f 1017//4547 978//4547 956//4547 
f 1017//4548 997//4548 978//4548 
f 1788//4549 1742//4549 1707//4549 
f 1764//4550 1788//4550 1707//4550 
f 1857//4551 1861//4551 1734//4551 
f 1863//4552 1865//4552 1748//4552 
f 1734//4553 1629//4553 1621//4553 
f 2197//4554 2068//4554 2066//4554 
f 1880//4555 1876//4555 1781//4555 
f 1748//4556 1645//4556 1639//4556 
f 1744//4557 1748//4557 1639//4557 
f 1661//4558 1594//4558 1582//4558 
f 1582//4559 1594//4559 1501//4559 
f 1433//4560 1449//4560 1364//4560 
f 1449//4561 1396//4561 1364//4561 
f 1283//4562 1311//4562 1254//4562 
f 1364//4563 1311//4563 1283//4563 
f 1281//4564 1238//4564 1204//4564 
f 1254//4565 1281//4565 1204//4565 
f 1388//4566 1400//4566 1331//4566 
f 1475//4567 1400//4567 1388//4567 
f 1181//4568 1206//4568 1135//4568 
f 1181//4569 1135//4569 1117//4569 
f 1222//4570 1242//4570 1167//4570 
f 1301//4571 1242//4571 1222//4571 
f 1360//4572 1285//4572 1279//4572 
f 1360//4573 1301//4573 1285//4573 
f 1780//4574 1697//4574 1683//4574 
f 1780//4575 1794//4575 1697//4575 
f 1594//4576 1609//4576 1536//4576 
f 1683//4577 1609//4577 1594//4577 
f 1754//4578 1675//4578 1661//4578 
f 1760//4579 1683//4579 1675//4579 
f 1853//4580 1724//4580 1720//4580 
f 1854//4581 1850//4581 1721//4581 
f 1841//4582 1843//4582 1712//4582 
f 1846//4583 1844//4583 1715//4583 
f 1713//4584 1711//4584 1604//4584 
f 1721//4585 1846//4585 1717//4585 
f 1843//4586 1714//4586 1712//4586 
f 1843//4587 1845//4587 1714//4587 
f 1745//4588 1741//4588 1640//4588 
f 1749//4589 1745//4589 1640//4589 
f 1861//4590 1744//4590 1740//4590 
f 944//4591 953//4591 910//4591 
f 1002//4592 953//4592 944//4592 
f 2408//4593 2420//4593 2343//4593 
f 2476//4594 2499//4594 2420//4594 
f 1853//4595 1857//4595 1734//4595 
f 1364//4596 1335//4596 1311//4596 
f 1311//4597 1335//4597 1254//4597 
f 1475//4598 1410//4598 1400//4598 
f 1400//4599 1410//4599 1331//4599 
f 1317//4600 1269//4600 1252//4600 
f 1252//4601 1269//4601 1181//4601 
f 1873//4602 1875//4602 1760//4602 
f 1875//4603 1766//4603 1760//4603 
f 1749//4604 1864//4604 1745//4604 
f 2069//4605 2067//4605 2068//4605 
f 2067//4606 2065//4606 2068//4606 
f 2068//4607 2065//4607 2066//4607 
f 2065//4608 2063//4608 2066//4608 
f 2066//4609 2063//4609 2064//4609 
f 2063//4610 2059//4610 2064//4610 
f 2064//4611 2059//4611 2060//4611 
f 2059//4612 2055//4612 2060//4612 
f 2060//4613 2055//4613 2056//4613 
f 2055//4614 2051//4614 2056//4614 
f 2056//4615 2051//4615 2052//4615 
f 2051//4616 2047//4616 2052//4616 
f 2052//4617 2047//4617 2048//4617 
f 2047//4618 2045//4618 2048//4618 
f 2048//4619 2045//4619 2046//4619 
f 2045//4620 2043//4620 2046//4620 
f 2046//4621 2043//4621 2044//4621 
f 2043//4622 2039//4622 2044//4622 
f 2044//4623 2039//4623 2040//4623 
f 2039//4624 2035//4624 2040//4624 
f 2040//4625 2035//4625 2036//4625 
f 2035//4626 2033//4626 2036//4626 
f 2036//4627 2033//4627 2034//4627 
f 2033//4628 2029//4628 2034//4628 
f 2034//4629 2029//4629 2030//4629 
f 2029//4630 2025//4630 2030//4630 
f 2030//4631 2025//4631 2026//4631 
f 2025//4632 2019//4632 2026//4632 
f 2026//4633 2019//4633 2020//4633 
f 2019//4634 2017//4634 2020//4634 
f 2020//4635 2017//4635 2018//4635 
f 2017//4636 2013//4636 2018//4636 
f 2018//4637 2013//4637 2014//4637 
f 2013//4638 2009//4638 2014//4638 
f 2014//4639 2009//4639 2010//4639 
f 2009//4640 2005//4640 2010//4640 
f 2010//4641 2005//4641 2006//4641 
f 2005//4642 2003//4642 2006//4642 
f 2006//4643 2003//4643 2004//4643 
f 2003//4644 1999//4644 2004//4644 
f 2004//4645 1999//4645 2000//4645 
f 1999//4646 1997//4646 2000//4646 
f 2000//4647 1997//4647 1998//4647 
f 1997//4648 1995//4648 1998//4648 
f 1998//4649 1995//4649 1996//4649 
f 1995//4650 1954//4650 1996//4650 
f 1996//4651 1954//4651 1955//4651 
f 1954//4652 1913//4652 1955//4652 
f 1955//4653 1913//4653 1914//4653 
f 1913//4654 1911//4654 1914//4654 
f 1914//4655 1911//4655 1912//4655 
f 1911//4656 1909//4656 1912//4656 
f 1912//4657 1909//4657 1910//4657 
f 1909//4658 1905//4658 1910//4658 
f 1910//4659 1905//4659 1906//4659 
f 1905//4660 1903//4660 1906//4660 
f 1906//4661 1903//4661 1904//4661 
f 1903//4662 1899//4662 1904//4662 
f 1904//4663 1899//4663 1900//4663 
f 1899//4664 1895//4664 1900//4664 
f 1900//4665 1895//4665 1896//4665 
f 1895//4666 1891//4666 1896//4666 
f 1896//4667 1891//4667 1892//4667 
f 1891//4668 1889//4668 1892//4668 
f 1892//4669 1889//4669 1890//4669 
f 1889//4670 1883//4670 1890//4670 
f 1890//4671 1883//4671 1884//4671 
f 1883//4672 1879//4672 1884//4672 
f 1884//4673 1879//4673 1880//4673 
f 1879//4674 1875//4674 1880//4674 
f 1880//4675 1875//4675 1876//4675 
f 1875//4676 1873//4676 1876//4676 
f 1876//4677 1873//4677 1874//4677 
f 1873//4678 1869//4678 1874//4678 
f 1874//4679 1869//4679 1870//4679 
f 1869//4680 1865//4680 1870//4680 
f 1870//4681 1865//4681 1866//4681 
f 1865//4682 1863//4682 1866//4682 
f 1866//4683 1863//4683 1864//4683 
f 1863//4684 1861//4684 1864//4684 
f 1864//4685 1861//4685 1862//4685 
f 1861//4686 1857//4686 1862//4686 
f 1862//4687 1857//4687 1858//4687 
f 1857//4688 1853//4688 1858//4688 
f 1858//4689 1853//4689 1854//4689 
f 1853//4690 1849//4690 1854//4690 
f 1854//4691 1849//4691 1850//4691 
f 1849//4692 1845//4692 1850//4692 
f 1850//4693 1845//4693 1846//4693 
f 1845//4694 1843//4694 1846//4694 
f 1846//4695 1843//4695 1844//4695 
f 1843//4696 1841//4696 1844//4696 
f 1844//4697 1841//4697 1842//4697 
f 1840//4698 1842//4698 1841//4698 
f 1715//4699 1844//4699 1713//4699 
f 1844//4700 1842//4700 1713//4700 
f 2387//4701 2408//4701 2315//4701 
f 2460//4702 2408//4702 2387//4702 
f 3663//4703 3639//4703 3112//4703 
f 3304//4704 3835//4704 3295//4704 
f 970//4705 375//4705 355//4705 
f 3843//4706 3851//4706 3308//4706 
f 3843//4707 3308//4707 3305//4707 
f 3369//4708 2448//4708 2359//4708 
f 2834//4709 3479//4709 2767//4709 
f 3807//4710 3827//4710 3296//4710 
f 2938//4711 3523//4711 2885//4711 
f 732//4712 207//4712 179//4712 
f 3687//4713 3663//4713 3176//4713 
f 655//4714 147//4714 111//4714 
f 2682//4715 3431//4715 2613//4715 
f 3591//4716 3567//4716 3036//4716 
f 3639//4717 3611//4717 3112//4717 
f 3835//4718 3819//4718 3295//4718 
f 1023//4719 1074//4719 375//4719 
f 3437//4720 2614//4720 2533//4720 
f 656//4721 629//4721 103//4721 
f 3543//4722 3523//4722 2938//4722 
f 3455//4723 3431//4723 2682//4723 
f 493//4724 1377//4724 473//4724 
f 3485//4725 3505//4725 2835//4725 
f 613//4726 628//4726 95//4726 
f 241//4727 733//4727 215//4727 
f 703//4728 732//4728 179//4728 
f 3369//4729 2359//4729 2256//4729 
f 3295//4730 3799//4730 3280//4730 
f 1227//4731 1142//4731 425//4731 
f 3827//4732 3843//4732 3296//4732 
f 2447//4733 3363//4733 2358//4733 
f 2613//4734 3431//4734 2532//4734 
f 1461//4735 1550//4735 535//4735 
f 3387//4736 3363//4736 2447//4736 
f 970//4737 1023//4737 375//4737 
f 3485//4738 2835//4738 2768//4738 
f 3308//4739 3835//4739 3304//4739 
f 3253//4740 3747//4740 3234//4740 
f 830//4741 797//4741 293//4741 
f 313//4742 873//4742 293//4742 
f 1929//4743 1917//4743 1153//4743 
f 473//4744 1227//4744 449//4744 
f 1296//4745 1227//4745 473//4745 
f 3669//4746 3695//4746 3177//4746 
f 3807//4747 3281//4747 3254//4747 
f 1141//4748 1226//4748 419//4748 
f 3479//4749 3455//4749 2682//4749 
f 517//4750 1462//4750 493//4750 
f 3176//4751 3663//4751 3151//4751 
f 2255//4752 2745//4752 2136//4752 
f 613//4753 75//4753 59//4753 
f 3819//4754 3799//4754 3295//4754 
f 3851//4755 3835//4755 3308//4755 
f 796//4756 259//4756 235//4756 
f 3417//4757 3437//4757 2533//4757 
f 613//4758 95//4758 75//4758 
f 1929//4759 2745//4759 1917//4759 
f 1159//4760 1654//4760 640//4760 
f 3363//4761 3264//4761 2255//4761 
f 3264//4762 2745//4762 2255//4762 
f 3573//4763 3597//4763 3037//4763 
f 1226//4764 467//4764 443//4764 
f 3747//4765 3715//4765 3234//4765 
f 3715//4766 3687//4766 3176//4766 
f 655//4767 111//4767 95//4767 
f 916//4768 873//4768 337//4768 
f 674//4769 179//4769 147//4769 
f 3036//4770 3567//4770 2993//4770 
f 3611//4771 3591//4771 3036//4771 
f 872//4772 331//4772 307//4772 
f 3567//4773 3543//4773 2938//4773 
f 2136//4774 2745//4774 1929//4774 
f 119//4775 656//4775 103//4775 
f 3523//4776 3499//4776 2834//4776 
f 1226//4777 1295//4777 467//4777 
f 3151//4778 3663//4778 3112//4778 
f 1653//4779 1153//4779 634//4779 
f 2885//4780 3523//4780 2834//4780 
f 3393//4781 3417//4781 2448//4781 
f 796//4782 287//4782 259//4782 
f 3205//4783 3715//4783 3176//4783 
f 1772//4784 1929//4784 1153//4784 
f 3234//4785 3715//4785 3205//4785 
f 3270//4786 3369//4786 2256//4786 
f 604//4787 613//4787 59//4787 
f 732//4788 235//4788 207//4788 
f 3723//4789 3755//4789 3235//4789 
f 1980//4790 1773//4790 1159//4790 
f 1987//4791 1980//4791 1159//4791 
f 2993//4792 3567//4792 2938//4792 
f 1226//4793 443//4793 419//4793 
f 3573//4794 3037//4794 2994//4794 
f 3669//4795 3152//4795 3113//4795 
f 2751//4796 3270//4796 2256//4796 
f 3079//4797 3611//4797 3036//4797 
f 1653//4798 634//4798 535//4798 
f 1653//4799 1772//4799 1153//4799 
f 655//4800 674//4800 147//4800 
f 3112//4801 3611//4801 3079//4801 
f 3411//4802 3387//4802 2447//4802 
f 2532//4803 3411//4803 2447//4803 
f 3549//4804 3573//4804 2939//4804 
f 3617//4805 3080//4805 3037//4805 
f 405//4806 1075//4806 381//4806 
f 1461//4807 535//4807 511//4807 
f 1462//4808 1377//4808 493//4808 
f 640//4809 1654//4809 541//4809 
f 337//4810 873//4810 313//4810 
f 796//4811 829//4811 287//4811 
f 1773//4812 1654//4812 1159//4812 
f 3499//4813 3479//4813 2834//4813 
f 757//4814 796//4814 235//4814 
f 1376//4815 1461//4815 487//4815 
f 1654//4816 1551//4816 541//4816 
f 3843//4817 3305//4817 3296//4817 
f 3783//4818 3747//4818 3253//4818 
f 704//4819 675//4819 187//4819 
f 601//4820 604//4820 59//4820 
f 3597//4821 3617//4821 3037//4821 
f 1376//4822 487//4822 467//4822 
f 215//4823 733//4823 187//4823 
f 3461//4824 3485//4824 2683//4824 
f 970//4825 355//4825 331//4825 
f 3308//4826 3304//4826 3307//4826 
f 3307//4827 3304//4827 3301//4827 
f 3304//4828 3295//4828 3301//4828 
f 3301//4829 3295//4829 3292//4829 
f 3295//4830 3280//4830 3292//4830 
f 3292//4831 3280//4831 3277//4831 
f 3280//4832 3253//4832 3277//4832 
f 3277//4833 3253//4833 3248//4833 
f 3253//4834 3234//4834 3248//4834 
f 3248//4835 3234//4835 3231//4835 
f 3234//4836 3205//4836 3231//4836 
f 3231//4837 3205//4837 3202//4837 
f 3205//4838 3176//4838 3202//4838 
f 3202//4839 3176//4839 3173//4839 
f 3176//4840 3151//4840 3173//4840 
f 3173//4841 3151//4841 3148//4841 
f 3151//4842 3112//4842 3148//4842 
f 3148//4843 3112//4843 3109//4843 
f 3112//4844 3079//4844 3109//4844 
f 3109//4845 3079//4845 3076//4845 
f 3079//4846 3036//4846 3076//4846 
f 3076//4847 3036//4847 3033//4847 
f 3036//4848 2993//4848 3033//4848 
f 3033//4849 2993//4849 2990//4849 
f 2993//4850 2938//4850 2990//4850 
f 2990//4851 2938//4851 2935//4851 
f 2938//4852 2885//4852 2935//4852 
f 2935//4853 2885//4853 2882//4853 
f 2885//4854 2834//4854 2882//4854 
f 2882//4855 2834//4855 2831//4855 
f 2834//4856 2767//4856 2831//4856 
f 2831//4857 2767//4857 2764//4857 
f 2767//4858 2682//4858 2764//4858 
f 2764//4859 2682//4859 2679//4859 
f 2682//4860 2613//4860 2679//4860 
f 2679//4861 2613//4861 2610//4861 
f 2613//4862 2532//4862 2610//4862 
f 2610//4863 2532//4863 2529//4863 
f 2532//4864 2447//4864 2529//4864 
f 2529//4865 2447//4865 2444//4865 
f 2447//4866 2358//4866 2444//4866 
f 2444//4867 2358//4867 2355//4867 
f 2358//4868 2255//4868 2355//4868 
f 2355//4869 2255//4869 2252//4869 
f 2255//4870 2136//4870 2252//4870 
f 2252//4871 2136//4871 2133//4871 
f 2136//4872 1929//4872 2133//4872 
f 2133//4873 1929//4873 1931//4873 
f 1931//4874 1929//4874 1775//4874 
f 1929//4875 1772//4875 1775//4875 
f 1775//4876 1772//4876 1656//4876 
f 1772//4877 1653//4877 1656//4877 
f 1656//4878 1653//4878 1553//4878 
f 1653//4879 1550//4879 1553//4879 
f 1553//4880 1550//4880 1464//4880 
f 1550//4881 1461//4881 1464//4881 
f 1464//4882 1461//4882 1379//4882 
f 1461//4883 1376//4883 1379//4883 
f 1379//4884 1376//4884 1298//4884 
f 1376//4885 1295//4885 1298//4885 
f 1298//4886 1295//4886 1229//4886 
f 1295//4887 1226//4887 1229//4887 
f 1229//4888 1226//4888 1144//4888 
f 1226//4889 1141//4889 1144//4889 
f 1144//4890 1141//4890 1077//4890 
f 1141//4891 1074//4891 1077//4891 
f 1077//4892 1074//4892 1026//4892 
f 1074//4893 1023//4893 1026//4893 
f 1026//4894 1023//4894 973//4894 
f 1023//4895 970//4895 973//4895 
f 973//4896 970//4896 918//4896 
f 970//4897 915//4897 918//4897 
f 918//4898 915//4898 875//4898 
f 915//4899 872//4899 875//4899 
f 875//4900 872//4900 832//4900 
f 872//4901 829//4901 832//4901 
f 832//4902 829//4902 799//4902 
f 829//4903 796//4903 799//4903 
f 799//4904 796//4904 760//4904 
f 796//4905 757//4905 760//4905 
f 760//4906 757//4906 735//4906 
f 757//4907 732//4907 735//4907 
f 735//4908 732//4908 706//4908 
f 732//4909 703//4909 706//4909 
f 706//4910 703//4910 677//4910 
f 703//4911 674//4911 677//4911 
f 677//4912 674//4912 660//4912 
f 674//4913 655//4913 660//4913 
f 660//4914 655//4914 631//4914 
f 655//4915 628//4915 631//4915 
f 631//4916 628//4916 616//4916 
f 628//4917 613//4917 616//4917 
f 616//4918 613//4918 607//4918 
f 613//4919 604//4919 607//4919 
f 607//4920 604//4920 603//4920 
f 601//4921 603//4921 604//4921 
f 3308//4922 3307//4922 3305//4922 
f 3307//4923 3303//4923 3305//4923 
f 3305//4924 3303//4924 3296//4924 
f 3303//4925 3294//4925 3296//4925 
f 3296//4926 3294//4926 3281//4926 
f 3294//4927 3279//4927 3281//4927 
f 3281//4928 3279//4928 3254//4928 
f 3279//4929 3250//4929 3254//4929 
f 3254//4930 3250//4930 3235//4930 
f 3250//4931 3233//4931 3235//4931 
f 3235//4932 3233//4932 3206//4932 
f 3233//4933 3204//4933 3206//4933 
f 3206//4934 3204//4934 3177//4934 
f 3204//4935 3175//4935 3177//4935 
f 3177//4936 3175//4936 3152//4936 
f 3175//4937 3150//4937 3152//4937 
f 3152//4938 3150//4938 3113//4938 
f 3150//4939 3111//4939 3113//4939 
f 3113//4940 3111//4940 3080//4940 
f 3111//4941 3078//4941 3080//4941 
f 3080//4942 3078//4942 3037//4942 
f 3078//4943 3035//4943 3037//4943 
f 3037//4944 3035//4944 2994//4944 
f 3035//4945 2992//4945 2994//4945 
f 2994//4946 2992//4946 2939//4946 
f 2992//4947 2937//4947 2939//4947 
f 2939//4948 2937//4948 2886//4948 
f 2937//4949 2884//4949 2886//4949 
f 2886//4950 2884//4950 2835//4950 
f 2884//4951 2833//4951 2835//4951 
f 2835//4952 2833//4952 2768//4952 
f 2833//4953 2766//4953 2768//4953 
f 2768//4954 2766//4954 2683//4954 
f 2766//4955 2681//4955 2683//4955 
f 2683//4956 2681//4956 2614//4956 
f 2681//4957 2612//4957 2614//4957 
f 2614//4958 2612//4958 2533//4958 
f 2612//4959 2531//4959 2533//4959 
f 2533//4960 2531//4960 2448//4960 
f 2531//4961 2446//4961 2448//4961 
f 2448//4962 2446//4962 2359//4962 
f 2446//4963 2357//4963 2359//4963 
f 2359//4964 2357//4964 2256//4964 
f 2357//4965 2254//4965 2256//4965 
f 2256//4966 2254//4966 2137//4966 
f 2254//4967 2135//4967 2137//4967 
f 2135//4968 1979//4968 2137//4968 
f 2137//4969 1979//4969 1980//4969 
f 1979//4970 1777//4970 1980//4970 
f 1980//4971 1777//4971 1773//4971 
f 1777//4972 1658//4972 1773//4972 
f 1773//4973 1658//4973 1654//4973 
f 1658//4974 1555//4974 1654//4974 
f 1654//4975 1555//4975 1551//4975 
f 1555//4976 1466//4976 1551//4976 
f 1551//4977 1466//4977 1462//4977 
f 1466//4978 1381//4978 1462//4978 
f 1462//4979 1381//4979 1377//4979 
f 1381//4980 1300//4980 1377//4980 
f 1377//4981 1300//4981 1296//4981 
f 1300//4982 1231//4982 1296//4982 
f 1296//4983 1231//4983 1227//4983 
f 1231//4984 1146//4984 1227//4984 
f 1227//4985 1146//4985 1142//4985 
f 1146//4986 1079//4986 1142//4986 
f 1142//4987 1079//4987 1075//4987 
f 1079//4988 1028//4988 1075//4988 
f 1075//4989 1028//4989 1024//4989 
f 1028//4990 975//4990 1024//4990 
f 1024//4991 975//4991 971//4991 
f 975//4992 920//4992 971//4992 
f 971//4993 920//4993 916//4993 
f 920//4994 877//4994 916//4994 
f 916//4995 877//4995 873//4995 
f 877//4996 834//4996 873//4996 
f 873//4997 834//4997 830//4997 
f 834//4998 801//4998 830//4998 
f 830//4999 801//4999 797//4999 
f 801//5000 762//5000 797//5000 
f 797//5001 762//5001 758//5001 
f 762//5002 737//5002 758//5002 
f 758//5003 737//5003 733//5003 
f 737//5004 708//5004 733//5004 
f 733//5005 708//5005 704//5005 
f 708//5006 679//5006 704//5006 
f 704//5007 679//5007 675//5007 
f 679//5008 662//5008 675//5008 
f 675//5009 662//5009 656//5009 
f 662//5010 633//5010 656//5010 
f 656//5011 633//5011 629//5011 
f 633//5012 618//5012 629//5012 
f 629//5013 618//5013 614//5013 
f 618//5014 609//5014 614//5014 
f 614//5015 609//5015 605//5015 
f 609//5016 603//5016 605//5016 
f 601//5017 605//5017 603//5017 
f 3573//5018 2994//5018 2939//5018 
f 449//5019 1227//5019 425//5019 
f 1074//5020 1141//5020 419//5020 
f 3529//5021 3549//5021 2939//5021 
f 1377//5022 1296//5022 473//5022 
f 1295//5023 1376//5023 467//5023 
f 732//5024 757//5024 235//5024 
f 541//5025 1462//5025 517//5025 
f 3723//5026 3235//5026 3206//5026 
f 674//5027 703//5027 179//5027 
f 425//5028 1075//5028 405//5028 
f 3755//5029 3254//5029 3235//5029 
f 3431//5030 3411//5030 2532//5030 
f 3437//5031 3461//5031 2683//5031 
f 1075//5032 1024//5032 381//5032 
f 2358//5033 3363//5033 2255//5033 
f 733//5034 704//5034 187//5034 
f 614//5035 605//5035 67//5035 
f 2767//5036 3479//5036 2682//5036 
f 3280//5037 3799//5037 3253//5037 
f 3799//5038 3783//5038 3253//5038 
f 1461//5039 511//5039 487//5039 
f 1142//5040 1075//5040 425//5040 
f 3505//5041 3529//5041 2835//5041 
f 872//5042 307//5042 287//5042 
f 1074//5043 399//5043 375//5043 
f 915//5044 970//5044 331//5044 
f 872//5045 915//5045 331//5045 
f 3723//5046 3206//5046 3177//5046 
f 3529//5047 2886//5047 2835//5047 
f 3617//5048 3645//5048 3113//5048 
f 629//5049 614//5049 103//5049 
f 3369//5050 3393//5050 2448//5050 
f 3485//5051 2768//5051 2683//5051 
f 1074//5052 419//5052 399//5052 
f 3417//5053 2533//5053 2448//5053 
f 1551//5054 1462//5054 541//5054 
f 628//5055 655//5055 95//5055 
f 83//5056 614//5056 67//5056 
f 155//5057 656//5057 119//5057 
f 829//5058 872//5058 287//5058 
f 2751//5059 2137//5059 1980//5059 
f 381//5060 971//5060 361//5060 
f 873//5061 830//5061 293//5061 
f 187//5062 675//5062 155//5062 
f 3695//5063 3723//5063 3177//5063 
f 103//5064 614//5064 83//5064 
f 1550//5065 1653//5065 535//5065 
f 265//5066 797//5066 241//5066 
f 293//5067 797//5067 265//5067 
f 3755//5068 3791//5068 3254//5068 
f 3645//5069 3669//5069 3113//5069 
f 601//5070 59//5070 51//5070 
f 67//5071 601//5071 51//5071 
f 675//5072 656//5072 155//5072 
f 1987//5073 2751//5073 1980//5073 
f 3617//5074 3113//5074 3080//5074 
f 2751//5075 2256//5075 2137//5075 
f 1024//5076 971//5076 381//5076 
f 971//5077 916//5077 337//5077 
f 3437//5078 2683//5078 2614//5078 
f 3669//5079 3177//5079 3152//5079 
f 3791//5080 3807//5080 3254//5080 
f 361//5081 971//5081 337//5081 
f 758//5082 733//5082 241//5082 
f 797//5083 758//5083 241//5083 
f 3529//5084 2939//5084 2886//5084 
f 605//5085 601//5085 67//5085 
f 3807//5086 3296//5086 3281//5086 
f 3456//5087 3455//5087 3480//5087 
f 3479//5088 3480//5088 3455//5088 
f 3460//5089 3459//5089 3484//5089 
f 3483//5090 3484//5090 3459//5090 
f 3458//5091 3457//5091 3482//5091 
f 3481//5092 3482//5092 3457//5092 
f 3852//5093 3836//5093 3851//5093 
f 3835//5094 3851//5094 3836//5094 
f 3858//5095 3842//5095 3857//5095 
f 3841//5096 3857//5096 3842//5096 
f 3856//5097 3840//5097 3855//5097 
f 3839//5098 3855//5098 3840//5098 
f 3854//5099 3838//5099 3853//5099 
f 3837//5100 3853//5100 3838//5100 
f 3834//5101 3850//5101 3833//5101 
f 3849//5102 3833//5102 3850//5102 
f 3828//5103 3844//5103 3827//5103 
f 3843//5104 3827//5104 3844//5104 
f 3832//5105 3848//5105 3831//5105 
f 3847//5106 3831//5106 3848//5106 
f 3830//5107 3846//5107 3829//5107 
f 3845//5108 3829//5108 3846//5108 
f 3850//5109 3858//5109 3849//5109 
f 3857//5110 3849//5110 3858//5110 
f 3844//5111 3852//5111 3843//5111 
f 3851//5112 3843//5112 3852//5112 
f 3848//5113 3856//5113 3847//5113 
f 3855//5114 3847//5114 3856//5114 
f 3846//5115 3854//5115 3845//5115 
f 3853//5116 3845//5116 3854//5116 
f 3432//5117 3431//5117 3456//5117 
f 3455//5118 3456//5118 3431//5118 
f 3436//5119 3435//5119 3460//5119 
f 3459//5120 3460//5120 3435//5120 
f 3434//5121 3433//5121 3458//5121 
f 3457//5122 3458//5122 3433//5122 
f 153//5123 185//5123 154//5123 
f 186//5124 154//5124 185//5124 
f 147//5125 179//5125 148//5125 
f 180//5126 148//5126 179//5126 
f 151//5127 183//5127 152//5127 
f 184//5128 152//5128 183//5128 
f 149//5129 181//5129 150//5129 
f 182//5130 150//5130 181//5130 
f 3392//5131 3391//5131 3416//5131 
f 3415//5132 3416//5132 3391//5132 
f 3388//5133 3387//5133 3412//5133 
f 3411//5134 3412//5134 3387//5134 
f 3390//5135 3389//5135 3414//5135 
f 3413//5136 3414//5136 3389//5136 
f 3748//5137 3716//5137 3747//5137 
f 3715//5138 3747//5138 3716//5138 
f 3754//5139 3722//5139 3753//5139 
f 3721//5140 3753//5140 3722//5140 
f 3752//5141 3720//5141 3751//5141 
f 3719//5142 3751//5142 3720//5142 
f 3750//5143 3718//5143 3749//5143 
f 3717//5144 3749//5144 3718//5144 
f 1918//5145 1917//5145 2746//5145 
f 2745//5146 2746//5146 1917//5146 
f 1922//5147 1921//5147 2750//5147 
f 2749//5148 2750//5148 1921//5148 
f 1920//5149 1919//5149 2748//5149 
f 2747//5150 2748//5150 1919//5150 
f 3269//5151 3268//5151 3368//5151 
f 3367//5152 3368//5152 3268//5152 
f 3265//5153 3264//5153 3364//5153 
f 3363//5154 3364//5154 3264//5154 
f 3267//5155 3266//5155 3366//5155 
f 3365//5156 3366//5156 3266//5156 
f 187//5157 155//5157 188//5157 
f 156//5158 188//5158 155//5158 
f 193//5159 161//5159 194//5159 
f 162//5160 194//5160 161//5160 
f 191//5161 159//5161 192//5161 
f 160//5162 192//5162 159//5162 
f 189//5163 157//5163 190//5163 
f 158//5164 190//5164 157//5164 
f 73//5165 57//5165 74//5165 
f 58//5166 74//5166 57//5166 
f 67//5167 51//5167 68//5167 
f 52//5168 68//5168 51//5168 
f 71//5169 55//5169 72//5169 
f 56//5170 72//5170 55//5170 
f 69//5171 53//5171 70//5171 
f 54//5172 70//5172 53//5172 
f 360//5173 359//5173 380//5173 
f 379//5174 380//5174 359//5174 
f 356//5175 355//5175 376//5175 
f 375//5176 376//5176 355//5176 
f 358//5177 357//5177 378//5177 
f 377//5178 378//5178 357//5178 
f 2756//5179 2755//5179 1992//5179 
f 1991//5180 1992//5180 2755//5180 
f 2752//5181 2751//5181 1988//5181 
f 1987//5182 1988//5182 2751//5182 
f 2754//5183 2753//5183 1990//5183 
f 1989//5184 1990//5184 2753//5184 
f 3530//5185 3529//5185 3506//5185 
f 3505//5186 3506//5186 3529//5186 
f 3534//5187 3533//5187 3510//5187 
f 3509//5188 3510//5188 3533//5188 
f 3532//5189 3531//5189 3508//5189 
f 3507//5190 3508//5190 3531//5190 
f 380//5191 379//5191 404//5191 
f 403//5192 404//5192 379//5192 
f 376//5193 375//5193 400//5193 
f 399//5194 400//5194 375//5194 
f 378//5195 377//5195 402//5195 
f 401//5196 402//5196 377//5196 
f 639//5197 638//5197 1158//5197 
f 1157//5198 1158//5198 638//5198 
f 635//5199 634//5199 1154//5199 
f 1153//5200 1154//5200 634//5200 
f 637//5201 636//5201 1156//5201 
f 1155//5202 1156//5202 636//5202 
f 337//5203 313//5203 338//5203 
f 314//5204 338//5204 313//5204 
f 341//5205 317//5205 342//5205 
f 318//5206 342//5206 317//5206 
f 339//5207 315//5207 340//5207 
f 316//5208 340//5208 315//5208 
f 3462//5209 3461//5209 3438//5209 
f 3437//5210 3438//5210 3461//5210 
f 3466//5211 3465//5211 3442//5211 
f 3441//5212 3442//5212 3465//5212 
f 3464//5213 3463//5213 3440//5213 
f 3439//5214 3440//5214 3463//5214 
f 494//5215 493//5215 474//5215 
f 473//5216 474//5216 493//5216 
f 498//5217 497//5217 478//5217 
f 477//5218 478//5218 497//5218 
f 496//5219 495//5219 476//5219 
f 475//5220 476//5220 495//5220 
f 235//5221 259//5221 236//5221 
f 260//5222 236//5222 259//5222 
f 239//5223 263//5223 240//5223 
f 264//5224 240//5224 263//5224 
f 237//5225 261//5225 238//5225 
f 262//5226 238//5226 261//5226 
f 546//5227 545//5227 522//5227 
f 521//5228 522//5228 545//5228 
f 542//5229 541//5229 518//5229 
f 517//5230 518//5230 541//5230 
f 544//5231 543//5231 520//5231 
f 519//5232 520//5232 543//5232 
f 155//5233 119//5233 156//5233 
f 120//5234 156//5234 119//5234 
f 161//5235 125//5235 162//5235 
f 126//5236 162//5236 125//5236 
f 159//5237 123//5237 160//5237 
f 124//5238 160//5238 123//5238 
f 157//5239 121//5239 158//5239 
f 122//5240 158//5240 121//5240 
f 3480//5241 3479//5241 3500//5241 
f 3499//5242 3500//5242 3479//5242 
f 3484//5243 3483//5243 3504//5243 
f 3503//5244 3504//5244 3483//5244 
f 3482//5245 3481//5245 3502//5245 
f 3501//5246 3502//5246 3481//5246 
f 185//5247 213//5247 186//5247 
f 214//5248 186//5248 213//5248 
f 179//5249 207//5249 180//5249 
f 208//5250 180//5250 207//5250 
f 183//5251 211//5251 184//5251 
f 212//5252 184//5252 211//5252 
f 181//5253 209//5253 182//5253 
f 210//5254 182//5254 209//5254 
f 3554//5255 3553//5255 3534//5255 
f 3533//5256 3534//5256 3553//5256 
f 3550//5257 3549//5257 3530//5257 
f 3529//5258 3530//5258 3549//5258 
f 3552//5259 3551//5259 3532//5259 
f 3531//5260 3532//5260 3551//5260 
f 3650//5261 3674//5261 3649//5261 
f 3673//5262 3649//5262 3674//5262 
f 3646//5263 3670//5263 3645//5263 
f 3669//5264 3645//5264 3670//5264 
f 3648//5265 3672//5265 3647//5265 
f 3671//5266 3647//5266 3672//5266 
f 3814//5267 3834//5267 3813//5267 
f 3833//5268 3813//5268 3834//5268 
f 3808//5269 3828//5269 3807//5269 
f 3827//5270 3807//5270 3828//5270 
f 3812//5271 3832//5271 3811//5271 
f 3831//5272 3811//5272 3832//5272 
f 3810//5273 3830//5273 3809//5273 
f 3829//5274 3809//5274 3830//5274 
f 645//5275 644//5275 546//5275 
f 545//5276 546//5276 644//5276 
f 641//5277 640//5277 542//5277 
f 541//5278 542//5278 640//5278 
f 643//5279 642//5279 544//5279 
f 543//5280 544//5280 642//5280 
f 3544//5281 3543//5281 3568//5281 
f 3567//5282 3568//5282 3543//5282 
f 3548//5283 3547//5283 3572//5283 
f 3571//5284 3572//5284 3547//5284 
f 3546//5285 3545//5285 3570//5285 
f 3569//5286 3570//5286 3545//5286 
f 3368//5287 3367//5287 3392//5287 
f 3391//5288 3392//5288 3367//5288 
f 3364//5289 3363//5289 3388//5289 
f 3387//5290 3388//5290 3363//5290 
f 3366//5291 3365//5291 3390//5291 
f 3389//5292 3390//5292 3365//5292 
f 3826//5293 3806//5293 3825//5293 
f 3805//5294 3825//5294 3806//5294 
f 3820//5295 3800//5295 3819//5295 
f 3799//5296 3819//5296 3800//5296 
f 3824//5297 3804//5297 3823//5297 
f 3803//5298 3823//5298 3804//5298 
f 3822//5299 3802//5299 3821//5299 
f 3801//5300 3821//5300 3802//5300 
f 3490//5301 3489//5301 3466//5301 
f 3465//5302 3466//5302 3489//5302 
f 3486//5303 3485//5303 3462//5303 
f 3461//5304 3462//5304 3485//5304 
f 3488//5305 3487//5305 3464//5305 
f 3463//5306 3464//5306 3487//5306 
f 1158//5307 1157//5307 1922//5307 
f 1921//5308 1922//5308 1157//5308 
f 1154//5309 1153//5309 1918//5309 
f 1917//5310 1918//5310 1153//5310 
f 1156//5311 1155//5311 1920//5311 
f 1919//5312 1920//5312 1155//5312 
f 332//5313 331//5313 356//5313 
f 355//5314 356//5314 331//5314 
f 336//5315 335//5315 360//5315 
f 359//5316 360//5316 335//5316 
f 334//5317 333//5317 358//5317 
f 357//5318 358//5318 333//5318 
f 3836//5319 3820//5319 3835//5319 
f 3819//5320 3835//5320 3820//5320 
f 3842//5321 3826//5321 3841//5321 
f 3825//5322 3841//5322 3826//5322 
f 3840//5323 3824//5323 3839//5323 
f 3823//5324 3839//5324 3824//5324 
f 3838//5325 3822//5325 3837//5325 
f 3821//5326 3837//5326 3822//5326 
f 3762//5327 3798//5327 3761//5327 
f 3797//5328 3761//5328 3798//5328 
f 3756//5329 3792//5329 3755//5329 
f 3791//5330 3755//5330 3792//5330 
f 3760//5331 3796//5331 3759//5331 
f 3795//5332 3759//5332 3796//5332 
f 3758//5333 3794//5333 3757//5333 
f 3793//5334 3757//5334 3794//5334 
f 3644//5335 3616//5335 3643//5335 
f 3615//5336 3643//5336 3616//5336 
f 3640//5337 3612//5337 3639//5337 
f 3611//5338 3639//5338 3612//5338 
f 3642//5339 3614//5339 3641//5339 
f 3613//5340 3641//5340 3614//5340 
f 89//5341 73//5341 90//5341 
f 74//5342 90//5342 73//5342 
f 83//5343 67//5343 84//5343 
f 68//5344 84//5344 67//5344 
f 87//5345 71//5345 88//5345 
f 72//5346 88//5346 71//5346 
f 85//5347 69//5347 86//5347 
f 70//5348 86//5348 69//5348 
f 3730//5349 3762//5349 3729//5349 
f 3761//5350 3729//5350 3762//5350 
f 3724//5351 3756//5351 3723//5351 
f 3755//5352 3723//5352 3756//5352 
f 3728//5353 3760//5353 3727//5353 
f 3759//5354 3727//5354 3760//5354 
f 3726//5355 3758//5355 3725//5355 
f 3757//5356 3725//5356 3758//5356 
f 3578//5357 3577//5357 3554//5357 
f 3553//5358 3554//5358 3577//5358 
f 3574//5359 3573//5359 3550//5359 
f 3549//5360 3550//5360 3573//5360 
f 3576//5361 3575//5361 3552//5361 
f 3551//5362 3552//5362 3575//5362 
f 474//5363 473//5363 450//5363 
f 449//5364 450//5364 473//5364 
f 478//5365 477//5365 454//5365 
f 453//5366 454//5366 477//5366 
f 476//5367 475//5367 452//5367 
f 451//5368 452//5368 475//5368 
f 410//5369 409//5369 386//5369 
f 385//5370 386//5370 409//5370 
f 406//5371 405//5371 382//5371 
f 381//5372 382//5372 405//5372 
f 408//5373 407//5373 384//5373 
f 383//5374 384//5374 407//5374 
f 3784//5375 3748//5375 3783//5375 
f 3747//5376 3783//5376 3748//5376 
f 3790//5377 3754//5377 3789//5377 
f 3753//5378 3789//5378 3754//5378 
f 3788//5379 3752//5379 3787//5379 
f 3751//5380 3787//5380 3752//5380 
f 3786//5381 3750//5381 3785//5381 
f 3749//5382 3785//5382 3750//5382 
f 3524//5383 3523//5383 3544//5383 
f 3543//5384 3544//5384 3523//5384 
f 3528//5385 3527//5385 3548//5385 
f 3547//5386 3548//5386 3527//5386 
f 3526//5387 3525//5387 3546//5387 
f 3545//5388 3546//5388 3525//5388 
f 3374//5389 3373//5389 3275//5389 
f 3274//5390 3275//5390 3373//5390 
f 3370//5391 3369//5391 3271//5391 
f 3270//5392 3271//5392 3369//5392 
f 3372//5393 3371//5393 3273//5393 
f 3272//5394 3273//5394 3371//5394 
f 3702//5395 3730//5395 3701//5395 
f 3729//5396 3701//5396 3730//5396 
f 3696//5397 3724//5397 3695//5397 
f 3723//5398 3695//5398 3724//5398 
f 3700//5399 3728//5399 3699//5399 
f 3727//5400 3699//5400 3728//5400 
f 3698//5401 3726//5401 3697//5401 
f 3725//5402 3697//5402 3726//5402 
f 424//5403 423//5403 448//5403 
f 447//5404 448//5404 423//5404 
f 420//5405 419//5405 444//5405 
f 443//5406 444//5406 419//5406 
f 422//5407 421//5407 446//5407 
f 445//5408 446//5408 421//5408 
f 75//5409 95//5409 76//5409 
f 96//5410 76//5410 95//5410 
f 81//5411 101//5411 82//5411 
f 102//5412 82//5412 101//5412 
f 79//5413 99//5413 80//5413 
f 100//5414 80//5414 99//5414 
f 77//5415 97//5415 78//5415 
f 98//5416 78//5416 97//5416 
f 3674//5417 3702//5417 3673//5417 
f 3701//5418 3673//5418 3702//5418 
f 3670//5419 3696//5419 3669//5419 
f 3695//5420 3669//5420 3696//5420 
f 3671//5421 3672//5421 3678//5421 
f 3672//5422 3700//5422 3678//5422 
f 3699//5423 3678//5423 3700//5423 
f 3678//5424 3677//5424 3671//5424 
f 3677//5425 3698//5425 3671//5425 
f 3697//5426 3671//5426 3698//5426 
f 207//5427 235//5427 208//5427 
f 236//5428 208//5428 235//5428 
f 213//5429 239//5429 214//5429 
f 240//5430 214//5430 239//5430 
f 210//5431 209//5431 231//5431 
f 232//5432 231//5432 237//5432 
f 209//5433 237//5433 231//5433 
f 211//5434 232//5434 212//5434 
f 212//5435 232//5435 238//5435 
f 237//5436 238//5436 232//5436 
f 540//5437 539//5437 639//5437 
f 638//5438 639//5438 539//5438 
f 536//5439 535//5439 635//5439 
f 634//5440 635//5440 535//5440 
f 538//5441 537//5441 637//5441 
f 636//5442 637//5442 537//5442 
f 386//5443 385//5443 366//5443 
f 365//5444 366//5444 385//5444 
f 382//5445 381//5445 362//5445 
f 361//5446 362//5446 381//5446 
f 384//5447 383//5447 364//5447 
f 363//5448 364//5448 383//5448 
f 3592//5449 3568//5449 3591//5449 
f 3567//5450 3591//5450 3568//5450 
f 3596//5451 3572//5451 3595//5451 
f 3571//5452 3595//5452 3572//5452 
f 3594//5453 3570//5453 3593//5453 
f 3569//5454 3593//5454 3570//5454 
f 3438//5455 3437//5455 3418//5455 
f 3417//5456 3418//5456 3437//5456 
f 3442//5457 3441//5457 3422//5457 
f 3421//5458 3422//5458 3441//5458 
f 3440//5459 3439//5459 3420//5459 
f 3419//5460 3420//5460 3439//5460 
f 3618//5461 3646//5461 3617//5461 
f 3645//5462 3617//5462 3646//5462 
f 3622//5463 3650//5463 3621//5463 
f 3649//5464 3621//5464 3650//5464 
f 3620//5465 3648//5465 3619//5465 
f 3647//5466 3619//5466 3648//5466 
f 3616//5467 3596//5467 3615//5467 
f 3595//5468 3615//5468 3596//5468 
f 3612//5469 3592//5469 3611//5469 
f 3591//5470 3611//5470 3592//5470 
f 3614//5471 3594//5471 3613//5471 
f 3593//5472 3613//5472 3594//5472 
f 3688//5473 3664//5473 3687//5473 
f 3663//5474 3687//5474 3664//5474 
f 3694//5475 3668//5475 3693//5475 
f 3667//5476 3693//5476 3668//5476 
f 3691//5477 3692//5477 3676//5477 
f 3675//5478 3676//5478 3666//5478 
f 3692//5479 3666//5479 3676//5479 
f 3690//5480 3675//5480 3689//5480 
f 3689//5481 3675//5481 3665//5481 
f 3666//5482 3665//5482 3675//5482 
f 259//5483 287//5483 260//5483 
f 288//5484 260//5484 287//5484 
f 263//5485 291//5485 264//5485 
f 292//5486 264//5486 291//5486 
f 261//5487 289//5487 262//5487 
f 290//5488 262//5488 289//5488 
f 117//5489 153//5489 118//5489 
f 154//5490 118//5490 153//5490 
f 111//5491 147//5491 112//5491 
f 148//5492 112//5492 147//5492 
f 115//5493 151//5493 116//5493 
f 152//5494 116//5494 151//5494 
f 113//5495 149//5495 114//5495 
f 150//5496 114//5496 149//5496 
f 3506//5497 3505//5497 3486//5497 
f 3485//5498 3486//5498 3505//5498 
f 3510//5499 3509//5499 3490//5499 
f 3489//5500 3490//5500 3509//5500 
f 3508//5501 3507//5501 3488//5501 
f 3487//5502 3488//5502 3507//5502 
f 2746//5503 2745//5503 3265//5503 
f 3264//5504 3265//5504 2745//5504 
f 2750//5505 2749//5505 3269//5505 
f 3268//5506 3269//5506 2749//5506 
f 2748//5507 2747//5507 3267//5507 
f 3266//5508 3267//5508 2747//5508 
f 468//5509 467//5509 488//5509 
f 487//5510 488//5510 467//5510 
f 472//5511 471//5511 492//5511 
f 491//5512 492//5512 471//5512 
f 470//5513 469//5513 490//5513 
f 489//5514 490//5514 469//5514 
f 65//5515 81//5515 66//5515 
f 82//5516 66//5516 81//5516 
f 59//5517 75//5517 60//5517 
f 76//5518 60//5518 75//5518 
f 63//5519 79//5519 64//5519 
f 80//5520 64//5520 79//5520 
f 61//5521 77//5521 62//5521 
f 78//5522 62//5522 77//5522 
f 3412//5523 3411//5523 3432//5523 
f 3431//5524 3432//5524 3411//5524 
f 3416//5525 3415//5525 3436//5525 
f 3435//5526 3436//5526 3415//5526 
f 3414//5527 3413//5527 3434//5527 
f 3433//5528 3434//5528 3413//5528 
f 1160//5529 1159//5529 641//5529 
f 640//5530 641//5530 1159//5530 
f 1164//5531 1163//5531 645//5531 
f 644//5532 645//5532 1163//5532 
f 1162//5533 1161//5533 643//5533 
f 642//5534 643//5534 1161//5534 
f 3806//5535 3790//5535 3805//5535 
f 3789//5536 3805//5536 3790//5536 
f 3800//5537 3784//5537 3799//5537 
f 3783//5538 3799//5538 3784//5538 
f 3804//5539 3788//5539 3803//5539 
f 3787//5540 3803//5540 3788//5540 
f 3802//5541 3786//5541 3801//5541 
f 3785//5542 3801//5542 3786//5542 
f 3722//5543 3694//5543 3721//5543 
f 3693//5544 3721//5544 3694//5544 
f 3716//5545 3688//5545 3715//5545 
f 3687//5546 3715//5546 3688//5546 
f 3720//5547 3692//5547 3719//5547 
f 3691//5548 3719//5548 3692//5548 
f 3718//5549 3690//5549 3717//5549 
f 3689//5550 3717//5550 3690//5550 
f 362//5551 361//5551 338//5551 
f 337//5552 338//5552 361//5552 
f 366//5553 365//5553 342//5553 
f 341//5554 342//5554 365//5554 
f 364//5555 363//5555 340//5555 
f 339//5556 340//5556 363//5556 
f 450//5557 449//5557 426//5557 
f 425//5558 426//5558 449//5558 
f 454//5559 453//5559 430//5559 
f 429//5560 430//5560 453//5560 
f 452//5561 451//5561 428//5561 
f 427//5562 428//5562 451//5562 
f 3798//5563 3814//5563 3797//5563 
f 3813//5564 3797//5564 3814//5564 
f 3792//5565 3808//5565 3791//5565 
f 3807//5566 3791//5566 3808//5566 
f 3796//5567 3812//5567 3795//5567 
f 3811//5568 3795//5568 3812//5568 
f 3794//5569 3810//5569 3793//5569 
f 3809//5570 3793//5570 3810//5570 
f 3578//5571 3602//5571 3577//5571 
f 3601//5572 3577//5572 3602//5572 
f 3574//5573 3598//5573 3573//5573 
f 3597//5574 3573//5574 3598//5574 
f 3576//5575 3600//5575 3575//5575 
f 3599//5576 3575//5576 3600//5576 
f 291//5577 311//5577 292//5577 
f 312//5578 292//5578 311//5578 
f 287//5579 307//5579 288//5579 
f 308//5580 288//5580 307//5580 
f 289//5581 309//5581 290//5581 
f 310//5582 290//5582 309//5582 
f 269//5583 245//5583 270//5583 
f 246//5584 270//5584 245//5584 
f 265//5585 241//5585 266//5585 
f 242//5586 266//5586 241//5586 
f 267//5587 243//5587 268//5587 
f 244//5588 268//5588 243//5588 
f 109//5589 89//5589 110//5589 
f 90//5590 110//5590 89//5590 
f 103//5591 83//5591 104//5591 
f 84//5592 104//5592 83//5592 
f 107//5593 87//5593 108//5593 
f 88//5594 108//5594 87//5594 
f 105//5595 85//5595 106//5595 
f 86//5596 106//5596 85//5596 
f 57//5597 65//5597 58//5597 
f 66//5598 58//5598 65//5598 
f 51//5599 59//5599 52//5599 
f 60//5600 52//5600 59//5600 
f 55//5601 63//5601 56//5601 
f 64//5602 56//5602 63//5602 
f 53//5603 61//5603 54//5603 
f 62//5604 54//5604 61//5604 
f 119//5605 103//5605 120//5605 
f 104//5606 120//5606 103//5606 
f 125//5607 109//5607 126//5607 
f 110//5608 126//5608 109//5608 
f 123//5609 107//5609 124//5609 
f 108//5610 124//5610 107//5610 
f 121//5611 105//5611 122//5611 
f 106//5612 122//5612 105//5612 
f 3418//5613 3417//5613 3394//5613 
f 3393//5614 3394//5614 3417//5614 
f 3422//5615 3421//5615 3398//5615 
f 3397//5616 3398//5616 3421//5616 
f 3420//5617 3419//5617 3396//5617 
f 3395//5618 3396//5618 3419//5618 
f 518//5619 517//5619 494//5619 
f 493//5620 494//5620 517//5620 
f 522//5621 521//5621 498//5621 
f 497//5622 498//5622 521//5622 
f 520//5623 519//5623 496//5623 
f 495//5624 496//5624 519//5624 
f 3275//5625 3274//5625 2756//5625 
f 2755//5626 2756//5626 3274//5626 
f 3271//5627 3270//5627 2752//5627 
f 2751//5628 2752//5628 3270//5628 
f 3273//5629 3272//5629 2754//5629 
f 2753//5630 2754//5630 3272//5630 
f 1988//5631 1987//5631 1160//5631 
f 1159//5632 1160//5632 1987//5632 
f 1992//5633 1991//5633 1164//5633 
f 1163//5634 1164//5634 1991//5634 
f 1990//5635 1989//5635 1162//5635 
f 1161//5636 1162//5636 1989//5636 
f 307//5637 331//5637 308//5637 
f 332//5638 308//5638 331//5638 
f 311//5639 335//5639 312//5639 
f 336//5640 312//5640 335//5640 
f 309//5641 333//5641 310//5641 
f 334//5642 310//5642 333//5642 
f 297//5643 269//5643 298//5643 
f 270//5644 298//5644 269//5644 
f 293//5645 265//5645 294//5645 
f 266//5646 294//5646 265//5646 
f 295//5647 267//5647 296//5647 
f 268//5648 296//5648 267//5648 
f 3500//5649 3499//5649 3524//5649 
f 3523//5650 3524//5650 3499//5650 
f 3504//5651 3503//5651 3528//5651 
f 3527//5652 3528//5652 3503//5652 
f 3502//5653 3501//5653 3526//5653 
f 3525//5654 3526//5654 3501//5654 
f 245//5655 221//5655 246//5655 
f 222//5656 246//5656 221//5656 
f 241//5657 215//5657 242//5657 
f 216//5658 242//5658 215//5658 
f 244//5659 243//5659 233//5659 
f 243//5660 217//5660 233//5660 
f 218//5661 233//5661 217//5661 
f 233//5662 234//5662 244//5662 
f 234//5663 219//5663 244//5663 
f 220//5664 244//5664 219//5664 
f 317//5665 297//5665 318//5665 
f 298//5666 318//5666 297//5666 
f 313//5667 293//5667 314//5667 
f 294//5668 314//5668 293//5668 
f 315//5669 295//5669 316//5669 
f 296//5670 316//5670 295//5670 
f 3602//5671 3622//5671 3601//5671 
f 3621//5672 3601//5672 3622//5672 
f 3598//5673 3618//5673 3597//5673 
f 3617//5674 3597//5674 3618//5674 
f 3600//5675 3620//5675 3599//5675 
f 3619//5676 3599//5676 3620//5676 
f 512//5677 511//5677 536//5677 
f 535//5678 536//5678 511//5678 
f 516//5679 515//5679 540//5679 
f 539//5680 540//5680 515//5680 
f 514//5681 513//5681 538//5681 
f 537//5682 538//5682 513//5682 
f 3664//5683 3640//5683 3663//5683 
f 3639//5684 3663//5684 3640//5684 
f 3668//5685 3644//5685 3667//5685 
f 3643//5686 3667//5686 3644//5686 
f 3666//5687 3642//5687 3665//5687 
f 3641//5688 3665//5688 3642//5688 
f 488//5689 487//5689 512//5689 
f 511//5690 512//5690 487//5690 
f 492//5691 491//5691 516//5691 
f 515//5692 516//5692 491//5692 
f 490//5693 489//5693 514//5693 
f 513//5694 514//5694 489//5694 
f 95//5695 111//5695 96//5695 
f 112//5696 96//5696 111//5696 
f 101//5697 117//5697 102//5697 
f 118//5698 102//5698 117//5698 
f 99//5699 115//5699 100//5699 
f 116//5700 100//5700 115//5700 
f 97//5701 113//5701 98//5701 
f 114//5702 98//5702 113//5702 
f 430//5703 429//5703 410//5703 
f 409//5704 410//5704 429//5704 
f 426//5705 425//5705 406//5705 
f 405//5706 406//5706 425//5706 
f 428//5707 427//5707 408//5707 
f 407//5708 408//5708 427//5708 
f 400//5709 399//5709 420//5709 
f 419//5710 420//5710 399//5710 
f 404//5711 403//5711 424//5711 
f 423//5712 424//5712 403//5712 
f 402//5713 401//5713 422//5713 
f 421//5714 422//5714 401//5714 
f 221//5715 193//5715 222//5715 
f 194//5716 222//5716 193//5716 
f 215//5717 187//5717 216//5717 
f 188//5718 216//5718 187//5718 
f 219//5719 191//5719 220//5719 
f 192//5720 220//5720 191//5720 
f 217//5721 189//5721 218//5721 
f 190//5722 218//5722 189//5722 
f 3394//5723 3393//5723 3370//5723 
f 3369//5724 3370//5724 3393//5724 
f 3398//5725 3397//5725 3374//5725 
f 3373//5726 3374//5726 3397//5726 
f 3396//5727 3395//5727 3372//5727 
f 3371//5728 3372//5728 3395//5728 
f 448//5729 447//5729 472//5729 
f 471//5730 472//5730 447//5730 
f 444//5731 443//5731 468//5731 
f 467//5732 468//5732 443//5732 
f 446//5733 445//5733 470//5733 
f 469//5734 470//5734 445//5734 
f 3694//5735 3875//5735 3668//5735 
f 82//5736 102//5736 11//5736 
f 366//5737 342//5737 93//5737 
f 3905//5738 3907//5738 3858//5738 
f 3905//5739 3858//5739 3850//5739 
f 3806//5740 3891//5740 3790//5740 
f 321//5741 410//5741 257//5741 
f 3869//5742 3873//5742 3622//5742 
f 3826//5743 3895//5743 3806//5743 
f 3616//5744 3863//5744 3596//5744 
f 3555//5745 3511//5745 3460//5745 
f 3436//5746 3460//5746 3511//5746 
f 380//5747 195//5747 91//5747 
f 3879//5748 3875//5748 3694//5748 
f 102//5749 15//5749 11//5749 
f 3897//5750 3901//5750 3834//5750 
f 472//5751 492//5751 395//5751 
f 3883//5752 3879//5752 3722//5752 
f 3694//5753 3722//5753 3879//5753 
f 162//5754 126//5754 17//5754 
f 492//5755 463//5755 431//5755 
f 154//5756 23//5756 19//5756 
f 82//5757 7//5757 3//5757 
f 257//5758 386//5758 197//5758 
f 264//5759 35//5759 31//5759 
f 3790//5760 3891//5760 3754//5760 
f 246//5761 222//5761 33//5761 
f 154//5762 19//5762 15//5762 
f 33//5763 222//5763 29//5763 
f 1993//5764 1992//5764 890//5764 
f 336//5765 360//5765 91//5765 
f 3903//5766 3899//5766 3826//5766 
f 645//5767 546//5767 509//5767 
f 448//5768 351//5768 319//5768 
f 197//5769 386//5769 93//5769 
f 1158//5770 888//5770 639//5770 
f 3589//5771 3653//5771 3510//5771 
f 3401//5772 3445//5772 3374//5772 
f 386//5773 366//5773 93//5773 
f 3713//5774 3817//5774 3534//5774 
f 264//5775 292//5775 35//5775 
f 3443//5776 3399//5776 3368//5776 
f 3644//5777 3871//5777 3616//5777 
f 3858//5778 3903//5778 3842//5778 
f 3875//5779 3871//5779 3644//5779 
f 214//5780 240//5780 31//5780 
f 639//5781 531//5781 507//5781 
f 3863//5782 3859//5782 3572//5782 
f 3445//5783 3422//5783 3398//5783 
f 3668//5784 3875//5784 3644//5784 
f 3754//5785 3883//5785 3722//5785 
f 3416//5786 3443//5786 3392//5786 
f 3528//5787 3651//5787 3504//5787 
f 318//5788 298//5788 45//5788 
f 3557//5789 3589//5789 3466//5789 
f 3651//5790 3587//5790 3504//5790 
f 3895//5791 3891//5791 3806//5791 
f 3899//5792 3895//5792 3826//5792 
f 3907//5793 3903//5793 3858//5793 
f 509//5794 546//5794 465//5794 
f 3392//5795 3443//5795 3368//5795 
f 3484//5796 3587//5796 3460//5796 
f 492//5797 431//5797 395//5797 
f 58//5798 3//5798 1//5798 
f 1993//5799 3020//5799 1992//5799 
f 3817//5800 3578//5800 3554//5800 
f 522//5801 498//5801 465//5801 
f 478//5802 454//5802 397//5802 
f 353//5803 397//5803 454//5803 
f 1158//5804 1922//5804 888//5804 
f 3815//5805 3711//5805 3528//5805 
f 25//5806 162//5806 21//5806 
f 3475//5807 3443//5807 3416//5807 
f 3867//5808 3863//5808 3616//5808 
f 37//5809 270//5809 33//5809 
f 3653//5810 3713//5810 3534//5810 
f 404//5811 424//5811 319//5811 
f 9//5812 90//5812 5//5812 
f 126//5813 110//5813 17//5813 
f 1922//5814 1915//5814 888//5814 
f 3572//5815 3815//5815 3548//5815 
f 3817//5816 3554//5816 3534//5816 
f 214//5817 31//5817 27//5817 
f 424//5818 448//5818 319//5818 
f 3842//5819 3903//5819 3826//5819 
f 3887//5820 3883//5820 3754//5820 
f 270//5821 246//5821 33//5821 
f 3399//5822 3375//5822 3269//5822 
f 3871//5823 3867//5823 3616//5823 
f 21//5824 162//5824 17//5824 
f 118//5825 154//5825 15//5825 
f 1922//5826 3018//5826 1915//5826 
f 82//5827 11//5827 7//5827 
f 3711//5828 3651//5828 3528//5828 
f 3511//5829 3475//5829 3416//5829 
f 3436//5830 3511//5830 3416//5830 
f 298//5831 270//5831 37//5831 
f 3269//5832 3375//5832 3018//5832 
f 342//5833 318//5833 45//5833 
f 3269//5834 3018//5834 2750//5834 
f 3859//5835 3815//5835 3572//5835 
f 154//5836 186//5836 23//5836 
f 3596//5837 3863//5837 3572//5837 
f 292//5838 43//5838 39//5838 
f 66//5839 82//5839 3//5839 
f 58//5840 66//5840 3//5840 
f 3817//5841 3861//5841 3578//5841 
f 3891//5842 3887//5842 3754//5842 
f 454//5843 430//5843 321//5843 
f 3885//5844 3730//5844 3881//5844 
f 3702//5845 3881//5845 3730//5845 
f 404//5846 319//5846 255//5846 
f 222//5847 194//5847 29//5847 
f 25//5848 29//5848 194//5848 
f 3504//5849 3587//5849 3484//5849 
f 1992//5850 1164//5850 890//5850 
f 890//5851 1164//5851 645//5851 
f 102//5852 118//5852 15//5852 
f 336//5853 47//5853 43//5853 
f 3445//5854 3398//5854 3374//5854 
f 3368//5855 3399//5855 3269//5855 
f 3477//5856 3513//5856 3422//5856 
f 5//5857 58//5857 1//5857 
f 3589//5858 3490//5858 3466//5858 
f 540//5859 507//5859 463//5859 
f 90//5860 74//5860 5//5860 
f 74//5861 58//5861 5//5861 
f 41//5862 298//5862 37//5862 
f 45//5863 298//5863 41//5863 
f 13//5864 90//5864 9//5864 
f 93//5865 342//5865 49//5865 
f 3877//5866 3881//5866 3702//5866 
f 3377//5867 3275//5867 3020//5867 
f 3865//5868 3869//5868 3622//5868 
f 110//5869 90//5869 13//5869 
f 433//5870 498//5870 397//5870 
f 3587//5871 3555//5871 3460//5871 
f 292//5872 312//5872 43//5872 
f 312//5873 336//5873 43//5873 
f 380//5874 404//5874 255//5874 
f 292//5875 39//5875 35//5875 
f 3548//5876 3815//5876 3528//5876 
f 465//5877 498//5877 433//5877 
f 17//5878 110//5878 13//5878 
f 540//5879 639//5879 507//5879 
f 3877//5880 3674//5880 3650//5880 
f 353//5881 454//5881 321//5881 
f 214//5882 27//5882 186//5882 
f 23//5883 186//5883 27//5883 
f 360//5884 380//5884 91//5884 
f 380//5885 255//5885 195//5885 
f 49//5886 342//5886 45//5886 
f 240//5887 264//5887 31//5887 
f 336//5888 91//5888 47//5888 
f 516//5889 540//5889 463//5889 
f 3885//5890 3889//5890 3762//5890 
f 410//5891 386//5891 257//5891 
f 546//5892 522//5892 465//5892 
f 3445//5893 3477//5893 3422//5893 
f 194//5894 162//5894 25//5894 
f 3377//5895 3401//5895 3275//5895 
f 3885//5896 3762//5896 3730//5896 
f 472//5897 395//5897 448//5897 
f 351//5898 448//5898 395//5898 
f 533//5899 645//5899 509//5899 
f 890//5900 645//5900 533//5900 
f 498//5901 478//5901 397//5901 
f 3893//5902 3897//5902 3814//5902 
f 3893//5903 3814//5903 3798//5903 
f 3020//5904 2756//5904 1992//5904 
f 2750//5905 3018//5905 1922//5905 
f 430//5906 410//5906 321//5906 
f 3020//5907 3275//5907 2756//5907 
f 3589//5908 3510//5908 3490//5908 
f 3653//5909 3534//5909 3510//5909 
f 3865//5910 3602//5910 3578//5910 
f 3861//5911 3865//5911 3578//5911 
f 3889//5912 3893//5912 3762//5912 
f 639//5913 888//5913 531//5913 
f 3873//5914 3650//5914 3622//5914 
f 3513//5915 3442//5915 3422//5915 
f 3557//5916 3466//5916 3513//5916 
f 3442//5917 3513//5917 3466//5917 
f 492//5918 516//5918 463//5918 
f 3865//5919 3622//5919 3602//5919 
f 3401//5920 3374//5920 3275//5920 
f 3877//5921 3702//5921 3674//5921 
f 3893//5922 3798//5922 3762//5922 
f 3873//5923 3877//5923 3650//5923 
f 3901//5924 3905//5924 3834//5924 
f 3905//5925 3850//5925 3834//5925 
f 3897//5926 3834//5926 3814//5926 
f 3902//5927 3906//5927 3901//5927 
f 3905//5928 3901//5928 3906//5928 
f 3906//5929 3908//5929 3905//5929 
f 3907//5930 3905//5930 3908//5930 
f 3884//5931 3880//5931 3883//5931 
f 3879//5932 3883//5932 3880//5932 
f 3882//5933 3886//5933 3881//5933 
f 3885//5934 3881//5934 3886//5934 
f 434//5935 433//5935 398//5935 
f 397//5936 398//5936 433//5936 
f 3896//5937 3892//5937 3895//5937 
f 3891//5938 3895//5938 3892//5938 
f 3904//5939 3900//5939 3903//5939 
f 3899//5940 3903//5940 3900//5940 
f 3588//5941 3587//5941 3652//5941 
f 3651//5942 3652//5942 3587//5942 
f 354//5943 353//5943 322//5943 
f 321//5944 322//5944 353//5944 
f 3512//5945 3511//5945 3556//5945 
f 3555//5946 3556//5946 3511//5946 
f 532//5947 531//5947 889//5947 
f 888//5948 889//5948 531//5948 
f 3376//5949 3375//5949 3400//5949 
f 3399//5950 3400//5950 3375//5950 
f 3900//5951 3896//5951 3899//5951 
f 3895//5952 3899//5952 3896//5952 
f 3402//5953 3401//5953 3378//5953 
f 3377//5954 3378//5954 3401//5954 
f 3894//5955 3898//5955 3893//5955 
f 3897//5956 3893//5956 3898//5956 
f 3868//5957 3864//5957 3867//5957 
f 3863//5958 3867//5958 3864//5958 
f 3714//5959 3713//5959 3654//5959 
f 3653//5960 3654//5960 3713//5960 
f 464//5961 463//5961 508//5961 
f 507//5962 508//5962 463//5962 
f 13//5963 9//5963 14//5963 
f 10//5964 14//5964 9//5964 
f 3558//5965 3557//5965 3514//5965 
f 3513//5966 3514//5966 3557//5966 
f 1916//5967 1915//5967 3019//5967 
f 3018//5968 3019//5968 1915//5968 
f 25//5969 21//5969 26//5969 
f 22//5970 26//5970 21//5970 
f 27//5971 31//5971 28//5971 
f 32//5972 28//5972 31//5972 
f 23//5973 27//5973 24//5973 
f 28//5974 24//5974 27//5974 
f 3892//5975 3888//5975 3891//5975 
f 3887//5976 3891//5976 3888//5976 
f 3400//5977 3399//5977 3444//5977 
f 3443//5978 3444//5978 3399//5978 
f 322//5979 321//5979 258//5979 
f 257//5980 258//5980 321//5980 
f 39//5981 43//5981 40//5981 
f 44//5982 40//5982 43//5982 
f 17//5983 13//5983 18//5983 
f 14//5984 18//5984 13//5984 
f 466//5985 465//5985 434//5985 
f 433//5986 434//5986 465//5986 
f 3652//5987 3651//5987 3712//5987 
f 3711//5988 3712//5988 3651//5988 
f 320//5989 319//5989 352//5989 
f 351//5990 352//5990 319//5990 
f 3874//5991 3878//5991 3873//5991 
f 3877//5992 3873//5992 3878//5992 
f 33//5993 29//5993 34//5993 
f 30//5994 34//5994 29//5994 
f 396//5995 395//5995 432//5995 
f 431//5996 432//5996 395//5996 
f 534//5997 533//5997 510//5997 
f 509//5998 510//5998 533//5998 
f 3021//5999 3020//5999 1994//5999 
f 1993//6000 1994//6000 3020//6000 
f 21//6001 17//6001 22//6001 
f 18//6002 22//6002 17//6002 
f 352//6003 351//6003 396//6003 
f 395//6004 396//6004 351//6004 
f 196//6005 195//6005 256//6005 
f 255//6006 256//6006 195//6006 
f 37//6007 33//6007 38//6007 
f 34//6008 38//6008 33//6008 
f 3890//6009 3894//6009 3889//6009 
f 3893//6010 3889//6010 3894//6010 
f 3872//6011 3868//6011 3871//6011 
f 3867//6012 3871//6012 3868//6012 
f 508//6013 507//6013 532//6013 
f 531//6014 532//6014 507//6014 
f 1994//6015 1993//6015 891//6015 
f 890//6016 891//6016 1993//6016 
f 43//6017 47//6017 44//6017 
f 48//6018 44//6018 47//6018 
f 258//6019 257//6019 198//6019 
f 197//6020 198//6020 257//6020 
f 3556//6021 3555//6021 3588//6021 
f 3587//6022 3588//6022 3555//6022 
f 48//6023 47//6023 92//6023 
f 91//6024 92//6024 47//6024 
f 3019//6025 3018//6025 3376//6025 
f 3375//6026 3376//6026 3018//6026 
f 432//6027 431//6027 464//6027 
f 463//6028 464//6028 431//6028 
f 256//6029 255//6029 320//6029 
f 319//6030 320//6030 255//6030 
f 7//6031 11//6031 8//6031 
f 12//6032 8//6032 11//6032 
f 3878//6033 3882//6033 3877//6033 
f 3881//6034 3877//6034 3882//6034 
f 3712//6035 3711//6035 3816//6035 
f 3815//6036 3816//6036 3711//6036 
f 3908//6037 3904//6037 3907//6037 
f 3903//6038 3907//6038 3904//6038 
f 49//6039 45//6039 50//6039 
f 46//6040 50//6040 45//6040 
f 398//6041 397//6041 354//6041 
f 353//6042 354//6042 397//6042 
f 9//6043 5//6043 10//6043 
f 6//6044 10//6044 5//6044 
f 510//6045 509//6045 466//6045 
f 465//6046 466//6046 509//6046 
f 3862//6047 3866//6047 3861//6047 
f 3865//6048 3861//6048 3866//6048 
f 3476//6049 3475//6049 3512//6049 
f 3511//6050 3512//6050 3475//6050 
f 3906//6051 3354//6051 3908//6051 
f 3902//6052 3352//6052 3906//6052 
f 3904//6053 3908//6053 3354//6053 
f 3898//6054 3348//6054 3902//6054 
f 3354//6055 3350//6055 3904//6055 
f 3894//6056 3344//6056 3898//6056 
f 3900//6057 3904//6057 3350//6057 
f 3890//6058 3340//6058 3894//6058 
f 3350//6059 3346//6059 3900//6059 
f 3886//6060 3336//6060 3890//6060 
f 3896//6061 3900//6061 3346//6061 
f 3882//6062 3332//6062 3886//6062 
f 3346//6063 3342//6063 3896//6063 
f 3878//6064 3328//6064 3882//6064 
f 3892//6065 3896//6065 3342//6065 
f 3874//6066 3324//6066 3878//6066 
f 3342//6067 3338//6067 3892//6067 
f 3870//6068 3320//6068 3874//6068 
f 3888//6069 3892//6069 3338//6069 
f 3866//6070 3316//6070 3870//6070 
f 3338//6071 3334//6071 3888//6071 
f 3862//6072 3312//6072 3866//6072 
f 3884//6073 3888//6073 3334//6073 
f 3818//6074 3290//6074 3862//6074 
f 3334//6075 3330//6075 3884//6075 
f 3714//6076 3200//6076 3818//6076 
f 3880//6077 3884//6077 3330//6077 
f 3654//6078 3134//6078 3714//6078 
f 3330//6079 3326//6079 3880//6079 
f 3590//6080 3060//6080 3654//6080 
f 3876//6081 3880//6081 3326//6081 
f 3558//6082 2978//6082 3590//6082 
f 3326//6083 3322//6083 3876//6083 
f 3514//6084 2900//6084 3558//6084 
f 3872//6085 3876//6085 3322//6085 
f 3478//6086 2805//6086 3514//6086 
f 3322//6087 3318//6087 3872//6087 
f 3446//6088 2693//6088 3478//6088 
f 3868//6089 3872//6089 3318//6089 
f 3402//6090 2586//6090 3446//6090 
f 3318//6091 3314//6091 3868//6091 
f 3378//6092 2470//6092 3402//6092 
f 3864//6093 3868//6093 3314//6093 
f 3314//6094 3310//6094 3864//6094 
f 3354//6095 3906//6095 3352//6095 
f 3352//6096 3902//6096 3348//6096 
f 3348//6097 3898//6097 3344//6097 
f 3344//6098 3894//6098 3340//6098 
f 3340//6099 3890//6099 3336//6099 
f 3336//6100 3886//6100 3332//6100 
f 3332//6101 3882//6101 3328//6101 
f 3328//6102 3878//6102 3324//6102 
f 3324//6103 3874//6103 3320//6103 
f 3320//6104 3870//6104 3316//6104 
f 3316//6105 3866//6105 3312//6105 
f 3312//6106 3862//6106 3290//6106 
f 3290//6107 3818//6107 3200//6107 
f 3200//6108 3714//6108 3134//6108 
f 3134//6109 3654//6109 3060//6109 
f 3021//6110 2337//6110 3378//6110 
f 3060//6111 3590//6111 2978//6111 
f 2978//6112 3558//6112 2900//6112 
f 2900//6113 3514//6113 2805//6113 
f 2805//6114 3478//6114 2693//6114 
f 2693//6115 3446//6115 2586//6115 
f 2586//6116 3402//6116 2470//6116 
f 2470//6117 3378//6117 2337//6117 
f 2337//6118 3021//6118 2181//6118 
f 3021//6119 1994//6119 2181//6119 
f 2181//6120 1994//6120 1982//6120 
f 1982//6121 1994//6121 1731//6121 
f 1994//6122 891//6122 1731//6122 
f 1575//6123 1731//6123 891//6123 
f 891//6124 534//6124 1575//6124 
f 1442//6125 1575//6125 534//6125 
f 534//6126 510//6126 1442//6126 
f 1326//6127 1442//6127 510//6127 
f 510//6128 466//6128 1326//6128 
f 1219//6129 1326//6129 466//6129 
f 466//6130 434//6130 1219//6130 
f 1107//6131 1219//6131 434//6131 
f 434//6132 398//6132 1107//6132 
f 1012//6133 1107//6133 398//6133 
f 398//6134 354//6134 1012//6134 
f 934//6135 1012//6135 354//6135 
f 354//6136 322//6136 934//6136 
f 852//6137 934//6137 322//6137 
f 322//6138 258//6138 852//6138 
f 778//6139 852//6139 258//6139 
f 258//6140 198//6140 778//6140 
f 712//6141 778//6141 198//6141 
f 198//6142 94//6142 712//6142 
f 622//6143 712//6143 94//6143 
f 94//6144 50//6144 622//6144 
f 50//6145 46//6145 600//6145 
f 600//6146 622//6146 50//6146 
f 3860//6147 3864//6147 3310//6147 
f 3310//6148 3288//6148 3860//6148 
f 3816//6149 3860//6149 3288//6149 
f 3288//6150 3198//6150 3816//6150 
f 3712//6151 3816//6151 3198//6151 
f 3198//6152 3132//6152 3712//6152 
f 3652//6153 3712//6153 3132//6153 
f 3132//6154 3058//6154 3652//6154 
f 3588//6155 3652//6155 3058//6155 
f 3058//6156 2976//6156 3588//6156 
f 3556//6157 3588//6157 2976//6157 
f 2976//6158 2898//6158 3556//6158 
f 3512//6159 3556//6159 2898//6159 
f 2898//6160 2803//6160 3512//6160 
f 3476//6161 3512//6161 2803//6161 
f 2803//6162 2691//6162 3476//6162 
f 3444//6163 3476//6163 2691//6163 
f 2691//6164 2584//6164 3444//6164 
f 3400//6165 3444//6165 2584//6165 
f 2584//6166 2468//6166 3400//6166 
f 3376//6167 3400//6167 2468//6167 
f 2468//6168 2335//6168 3376//6168 
f 3019//6169 3376//6169 2335//6169 
f 2335//6170 2179//6170 3019//6170 
f 2179//6171 1928//6171 3019//6171 
f 3019//6172 1928//6172 1916//6172 
f 1928//6173 1729//6173 1916//6173 
f 1573//6174 889//6174 1729//6174 
f 1440//6175 532//6175 1573//6175 
f 1324//6176 508//6176 1440//6176 
f 1217//6177 464//6177 1324//6177 
f 1105//6178 432//6178 1217//6178 
f 1010//6179 396//6179 1105//6179 
f 932//6180 352//6180 1010//6180 
f 1916//6181 1729//6181 889//6181 
f 850//6182 320//6182 932//6182 
f 776//6183 256//6183 850//6183 
f 710//6184 196//6184 776//6184 
f 620//6185 92//6185 710//6185 
f 598//6186 48//6186 620//6186 
f 594//6187 44//6187 598//6187 
f 590//6188 40//6188 594//6188 
f 586//6189 36//6189 590//6189 
f 582//6190 32//6190 586//6190 
f 578//6191 28//6191 582//6191 
f 574//6192 24//6192 578//6192 
f 570//6193 20//6193 574//6193 
f 566//6194 16//6194 570//6194 
f 562//6195 12//6195 566//6195 
f 558//6196 8//6196 562//6196 
f 889//6197 1573//6197 532//6197 
f 556//6198 4//6198 558//6198 
f 596//6199 600//6199 46//6199 
f 46//6200 42//6200 596//6200 
f 532//6201 1440//6201 508//6201 
f 592//6202 596//6202 42//6202 
f 508//6203 1324//6203 464//6203 
f 42//6204 38//6204 592//6204 
f 464//6205 1217//6205 432//6205 
f 588//6206 592//6206 38//6206 
f 432//6207 1105//6207 396//6207 
f 38//6208 34//6208 588//6208 
f 396//6209 1010//6209 352//6209 
f 584//6210 588//6210 34//6210 
f 352//6211 932//6211 320//6211 
f 34//6212 30//6212 584//6212 
f 320//6213 850//6213 256//6213 
f 580//6214 584//6214 30//6214 
f 256//6215 776//6215 196//6215 
f 30//6216 26//6216 580//6216 
f 196//6217 710//6217 92//6217 
f 576//6218 580//6218 26//6218 
f 92//6219 620//6219 48//6219 
f 26//6220 22//6220 576//6220 
f 48//6221 598//6221 44//6221 
f 572//6222 576//6222 22//6222 
f 44//6223 594//6223 40//6223 
f 22//6224 18//6224 572//6224 
f 40//6225 590//6225 36//6225 
f 568//6226 572//6226 18//6226 
f 36//6227 586//6227 32//6227 
f 18//6228 14//6228 568//6228 
f 32//6229 582//6229 28//6229 
f 564//6230 568//6230 14//6230 
f 28//6231 578//6231 24//6231 
f 14//6232 10//6232 564//6232 
f 24//6233 574//6233 20//6233 
f 560//6234 564//6234 10//6234 
f 20//6235 570//6235 16//6235 
f 10//6236 6//6236 560//6236 
f 16//6237 566//6237 12//6237 
f 556//6238 560//6238 6//6238 
f 12//6239 562//6239 8//6239 
f 6//6240 2//6240 556//6240 
f 8//6241 558//6241 4//6241 
f 4//6242 556//6242 2//6242 
f 94//6243 93//6243 50//6243 
f 49//6244 50//6244 93//6244 
f 11//6245 15//6245 12//6245 
f 16//6246 12//6246 15//6246 
f 3888//6247 3884//6247 3887//6247 
f 3883//6248 3887//6248 3884//6248 
f 35//6249 39//6249 36//6249 
f 40//6250 36//6250 39//6250 
f 3862//6251 3861//6251 3818//6251 
f 3817//6252 3818//6252 3861//6252 
f 3880//6253 3876//6253 3879//6253 
f 3875//6254 3879//6254 3876//6254 
f 3818//6255 3817//6255 3714//6255 
f 3713//6256 3714//6256 3817//6256 
f 3446//6257 3445//6257 3402//6257 
f 3401//6258 3402//6258 3445//6258 
f 3864//6259 3860//6259 3863//6259 
f 3859//6260 3863//6260 3860//6260 
f 198//6261 197//6261 94//6261 
f 93//6262 94//6262 197//6262 
f 3378//6263 3377//6263 3021//6263 
f 3020//6264 3021//6264 3377//6264 
f 889//6265 888//6265 1916//6265 
f 1915//6266 1916//6266 888//6266 
f 19//6267 23//6267 20//6267 
f 24//6268 20//6268 23//6268 
f 3870//6269 3874//6269 3869//6269 
f 3873//6270 3869//6270 3874//6270 
f 3886//6271 3890//6271 3885//6271 
f 3889//6272 3885//6272 3890//6272 
f 3898//6273 3902//6273 3897//6273 
f 3901//6274 3897//6274 3902//6274 
f 45//6275 41//6275 46//6275 
f 42//6276 46//6276 41//6276 
f 891//6277 890//6277 534//6277 
f 533//6278 534//6278 890//6278 
f 15//6279 19//6279 16//6279 
f 20//6280 16//6280 19//6280 
f 3654//6281 3653//6281 3590//6281 
f 3589//6282 3590//6282 3653//6282 
f 1//6283 3//6283 2//6283 
f 4//6284 2//6284 3//6284 
f 3514//6285 3513//6285 3478//6285 
f 3477//6286 3478//6286 3513//6286 
f 29//6287 25//6287 30//6287 
f 26//6288 30//6288 25//6288 
f 3//6289 7//6289 4//6289 
f 8//6290 4//6290 7//6290 
f 3590//6291 3589//6291 3558//6291 
f 3557//6292 3558//6292 3589//6292 
f 31//6293 35//6293 32//6293 
f 36//6294 32//6294 35//6294 
f 41//6295 37//6295 42//6295 
f 38//6296 42//6296 37//6296 
f 3876//6297 3872//6297 3875//6297 
f 3871//6298 3875//6298 3872//6298 
f 3478//6299 3477//6299 3446//6299 
f 3445//6300 3446//6300 3477//6300 
f 92//6301 91//6301 196//6301 
f 195//6302 196//6302 91//6302 
f 3866//6303 3870//6303 3865//6303 
f 3869//6304 3865//6304 3870//6304 
f 3444//6305 3443//6305 3476//6305 
f 3475//6306 3476//6306 3443//6306 
f 3816//6307 3815//6307 3860//6307 
f 3859//6308 3860//6308 3815//6308 
f 5//6309 1//6309 6//6309 
f 2//6310 6//6310 1//6310 
f 233//6311 231//6311 234//6311 
f 232//6312 234//6312 231//6312 
f 232//6313 211//6313 234//6313 
f 234//6314 211//6314 219//6314 
f 211//6315 183//6315 219//6315 
f 219//6316 183//6316 191//6316 
f 183//6317 151//6317 191//6317 
f 191//6318 151//6318 159//6318 
f 151//6319 115//6319 159//6319 
f 159//6320 115//6320 123//6320 
f 115//6321 99//6321 123//6321 
f 123//6322 99//6322 107//6322 
f 99//6323 79//6323 107//6323 
f 107//6324 79//6324 87//6324 
f 79//6325 63//6325 87//6325 
f 87//6326 63//6326 71//6326 
f 55//6327 71//6327 63//6327 
f 233//6328 218//6328 231//6328 
f 231//6329 218//6329 210//6329 
f 218//6330 190//6330 210//6330 
f 210//6331 190//6331 182//6331 
f 190//6332 158//6332 182//6332 
f 182//6333 158//6333 150//6333 
f 158//6334 122//6334 150//6334 
f 150//6335 122//6335 114//6335 
f 122//6336 106//6336 114//6336 
f 114//6337 106//6337 98//6337 
f 106//6338 86//6338 98//6338 
f 98//6339 86//6339 78//6339 
f 86//6340 70//6340 78//6340 
f 78//6341 70//6341 62//6341 
f 54//6342 62//6342 70//6342 
f 3855//6343 3839//6343 3847//6343 
f 3839//6344 3823//6344 3847//6344 
f 3847//6345 3823//6345 3831//6345 
f 3823//6346 3803//6346 3831//6346 
f 3831//6347 3803//6347 3811//6347 
f 3803//6348 3787//6348 3811//6348 
f 3811//6349 3787//6349 3795//6349 
f 3787//6350 3751//6350 3795//6350 
f 3795//6351 3751//6351 3759//6351 
f 3751//6352 3719//6352 3759//6352 
f 3759//6353 3719//6353 3727//6353 
f 3719//6354 3691//6354 3727//6354 
f 3727//6355 3691//6355 3699//6355 
f 3691//6356 3676//6356 3699//6356 
f 3678//6357 3699//6357 3676//6357 
f 3854//6358 3846//6358 3838//6358 
f 3846//6359 3830//6359 3838//6359 
f 3838//6360 3830//6360 3822//6360 
f 3830//6361 3810//6361 3822//6361 
f 3822//6362 3810//6362 3802//6362 
f 3810//6363 3794//6363 3802//6363 
f 3802//6364 3794//6364 3786//6364 
f 3794//6365 3758//6365 3786//6365 
f 3786//6366 3758//6366 3750//6366 
f 3758//6367 3726//6367 3750//6367 
f 3750//6368 3726//6368 3718//6368 
f 3726//6369 3698//6369 3718//6369 
f 3718//6370 3698//6370 3690//6370 
f 3698//6371 3677//6371 3690//6371 
f 3675//6372 3690//6372 3677//6372 
f 3678//6373 3676//6373 3677//6373 
f 3675//6374 3677//6374 3676//6374 
f 3844//6375 3779//6375 3852//6375 
f 3828//6376 3775//6376 3844//6376 
f 3836//6377 3852//6377 3779//6377 
f 3808//6378 3767//6378 3828//6378 
f 3779//6379 3771//6379 3836//6379 
f 3792//6380 3743//6380 3808//6380 
f 3820//6381 3836//6381 3771//6381 
f 3771//6382 3763//6382 3820//6382 
f 3779//6383 3844//6383 3775//6383 
f 3775//6384 3828//6384 3767//6384 
f 3756//6385 3735//6385 3792//6385 
f 3767//6386 3808//6386 3743//6386 
f 3743//6387 3792//6387 3735//6387 
f 3724//6388 3707//6388 3756//6388 
f 3735//6389 3756//6389 3707//6389 
f 3696//6390 3683//6390 3724//6390 
f 3707//6391 3724//6391 3683//6391 
f 3670//6392 3659//6392 3696//6392 
f 3683//6393 3696//6393 3659//6393 
f 3646//6394 3635//6394 3670//6394 
f 3659//6395 3670//6395 3635//6395 
f 3635//6396 3646//6396 3627//6396 
f 3646//6397 3618//6397 3627//6397 
f 3627//6398 3618//6398 3607//6398 
f 3618//6399 3598//6399 3607//6399 
f 3607//6400 3598//6400 3583//6400 
f 3598//6401 3574//6401 3583//6401 
f 3583//6402 3574//6402 3563//6402 
f 3574//6403 3550//6403 3563//6403 
f 3563//6404 3550//6404 3539//6404 
f 3550//6405 3530//6405 3539//6405 
f 3539//6406 3530//6406 3519//6406 
f 3530//6407 3506//6407 3519//6407 
f 3519//6408 3506//6408 3495//6408 
f 3506//6409 3486//6409 3495//6409 
f 3495//6410 3486//6410 3471//6410 
f 3486//6411 3462//6411 3471//6411 
f 3471//6412 3462//6412 3451//6412 
f 3462//6413 3438//6413 3451//6413 
f 3451//6414 3438//6414 3427//6414 
f 3438//6415 3418//6415 3427//6415 
f 3427//6416 3418//6416 3407//6416 
f 3418//6417 3394//6417 3407//6417 
f 3407//6418 3394//6418 3383//6418 
f 3394//6419 3370//6419 3383//6419 
f 3383//6420 3370//6420 3359//6420 
f 3370//6421 3271//6421 3359//6421 
f 3359//6422 3271//6422 3222//6422 
f 3271//6423 2752//6423 3222//6423 
f 3222//6424 2752//6424 2720//6424 
f 2752//6425 1988//6425 2720//6425 
f 2720//6426 1988//6426 1983//6426 
f 1983//6427 1988//6427 1190//6427 
f 1988//6428 1160//6428 1190//6428 
f 1190//6429 1160//6429 688//6429 
f 1160//6430 641//6430 688//6430 
f 688//6431 641//6431 551//6431 
f 641//6432 542//6432 551//6432 
f 551//6433 542//6433 527//6433 
f 542//6434 518//6434 527//6434 
f 527//6435 518//6435 503//6435 
f 518//6436 494//6436 503//6436 
f 503//6437 494//6437 483//6437 
f 494//6438 474//6438 483//6438 
f 483//6439 474//6439 459//6439 
f 474//6440 450//6440 459//6440 
f 459//6441 450//6441 439//6441 
f 450//6442 426//6442 439//6442 
f 439//6443 426//6443 415//6443 
f 426//6444 406//6444 415//6444 
f 415//6445 406//6445 391//6445 
f 406//6446 382//6446 391//6446 
f 391//6447 382//6447 371//6447 
f 382//6448 362//6448 371//6448 
f 371//6449 362//6449 347//6449 
f 362//6450 338//6450 347//6450 
f 347//6451 338//6451 327//6451 
f 338//6452 314//6452 327//6452 
f 327//6453 314//6453 303//6453 
f 314//6454 294//6454 303//6454 
f 303//6455 294//6455 283//6455 
f 294//6456 266//6456 283//6456 
f 275//6457 283//6457 266//6457 
f 266//6458 242//6458 275//6458 
f 251//6459 275//6459 242//6459 
f 242//6460 216//6460 251//6460 
f 227//6461 251//6461 216//6461 
f 216//6462 188//6462 227//6462 
f 203//6463 227//6463 188//6463 
f 188//6464 156//6464 203//6464 
f 175//6465 203//6465 156//6465 
f 156//6466 120//6466 175//6466 
f 167//6467 175//6467 120//6467 
f 120//6468 104//6468 167//6468 
f 104//6469 84//6469 143//6469 
f 143//6470 167//6470 104//6470 
f 3800//6471 3820//6471 3763//6471 
f 3763//6472 3739//6472 3800//6472 
f 3784//6473 3800//6473 3739//6473 
f 3739//6474 3731//6474 3784//6474 
f 3748//6475 3784//6475 3731//6475 
f 3731//6476 3703//6476 3748//6476 
f 3716//6477 3748//6477 3703//6477 
f 3703//6478 3679//6478 3716//6478 
f 3688//6479 3716//6479 3679//6479 
f 3679//6480 3655//6480 3688//6480 
f 3664//6481 3688//6481 3655//6481 
f 3655//6482 3631//6482 3664//6482 
f 3640//6483 3664//6483 3631//6483 
f 3631//6484 3623//6484 3640//6484 
f 3640//6485 3623//6485 3612//6485 
f 3623//6486 3603//6486 3612//6486 
f 3612//6487 3603//6487 3592//6487 
f 3603//6488 3579//6488 3592//6488 
f 3592//6489 3579//6489 3568//6489 
f 3579//6490 3559//6490 3568//6490 
f 3568//6491 3559//6491 3544//6491 
f 3559//6492 3535//6492 3544//6492 
f 3544//6493 3535//6493 3524//6493 
f 3535//6494 3515//6494 3524//6494 
f 3524//6495 3515//6495 3500//6495 
f 3515//6496 3491//6496 3500//6496 
f 3500//6497 3491//6497 3480//6497 
f 3491//6498 3467//6498 3480//6498 
f 3480//6499 3467//6499 3456//6499 
f 3467//6500 3447//6500 3456//6500 
f 3456//6501 3447//6501 3432//6501 
f 3447//6502 3423//6502 3432//6502 
f 3432//6503 3423//6503 3412//6503 
f 3423//6504 3403//6504 3412//6504 
f 3412//6505 3403//6505 3388//6505 
f 3403//6506 3379//6506 3388//6506 
f 3388//6507 3379//6507 3364//6507 
f 3379//6508 3355//6508 3364//6508 
f 3364//6509 3355//6509 3265//6509 
f 3355//6510 3218//6510 3265//6510 
f 3265//6511 3218//6511 2746//6511 
f 3218//6512 2716//6512 2746//6512 
f 2716//6513 1923//6513 2746//6513 
f 2746//6514 1923//6514 1918//6514 
f 1923//6515 1186//6515 1918//6515 
f 1918//6516 1186//6516 1154//6516 
f 1186//6517 684//6517 1154//6517 
f 1154//6518 684//6518 635//6518 
f 684//6519 547//6519 635//6519 
f 635//6520 547//6520 536//6520 
f 547//6521 523//6521 536//6521 
f 536//6522 523//6522 512//6522 
f 523//6523 499//6523 512//6523 
f 512//6524 499//6524 488//6524 
f 499//6525 479//6525 488//6525 
f 488//6526 479//6526 468//6526 
f 479//6527 455//6527 468//6527 
f 468//6528 455//6528 444//6528 
f 455//6529 435//6529 444//6529 
f 444//6530 435//6530 420//6530 
f 435//6531 411//6531 420//6531 
f 420//6532 411//6532 400//6532 
f 411//6533 387//6533 400//6533 
f 400//6534 387//6534 376//6534 
f 387//6535 367//6535 376//6535 
f 376//6536 367//6536 356//6536 
f 367//6537 343//6537 356//6537 
f 356//6538 343//6538 332//6538 
f 343//6539 323//6539 332//6539 
f 332//6540 323//6540 308//6540 
f 323//6541 299//6541 308//6541 
f 308//6542 299//6542 288//6542 
f 299//6543 279//6543 288//6543 
f 271//6544 260//6544 279//6544 
f 288//6545 279//6545 260//6545 
f 247//6546 236//6546 271//6546 
f 260//6547 271//6547 236//6547 
f 223//6548 208//6548 247//6548 
f 236//6549 247//6549 208//6549 
f 199//6550 180//6550 223//6550 
f 208//6551 223//6551 180//6551 
f 171//6552 148//6552 199//6552 
f 163//6553 112//6553 171//6553 
f 180//6554 199//6554 148//6554 
f 139//6555 96//6555 163//6555 
f 131//6556 76//6556 139//6556 
f 148//6557 171//6557 112//6557 
f 127//6558 60//6558 131//6558 
f 135//6559 143//6559 84//6559 
f 84//6560 68//6560 135//6560 
f 112//6561 163//6561 96//6561 
f 127//6562 135//6562 68//6562 
f 96//6563 139//6563 76//6563 
f 68//6564 52//6564 127//6564 
f 76//6565 131//6565 60//6565 
f 60//6566 127//6566 52//6566 
f 3837//6567 3780//6567 3853//6567 
f 3821//6568 3772//6568 3837//6568 
f 3845//6569 3853//6569 3780//6569 
f 3801//6570 3764//6570 3821//6570 
f 3780//6571 3776//6571 3845//6571 
f 3785//6572 3740//6572 3801//6572 
f 3829//6573 3845//6573 3776//6573 
f 3776//6574 3768//6574 3829//6574 
f 3780//6575 3837//6575 3772//6575 
f 3772//6576 3821//6576 3764//6576 
f 3749//6577 3732//6577 3785//6577 
f 3764//6578 3801//6578 3740//6578 
f 3740//6579 3785//6579 3732//6579 
f 3717//6580 3704//6580 3749//6580 
f 3732//6581 3749//6581 3704//6581 
f 3689//6582 3680//6582 3717//6582 
f 3704//6583 3717//6583 3680//6583 
f 3665//6584 3656//6584 3689//6584 
f 3680//6585 3689//6585 3656//6585 
f 3641//6586 3632//6586 3665//6586 
f 3656//6587 3665//6587 3632//6587 
f 3632//6588 3641//6588 3624//6588 
f 3641//6589 3613//6589 3624//6589 
f 3624//6590 3613//6590 3604//6590 
f 3613//6591 3593//6591 3604//6591 
f 3604//6592 3593//6592 3580//6592 
f 3593//6593 3569//6593 3580//6593 
f 3580//6594 3569//6594 3560//6594 
f 3569//6595 3545//6595 3560//6595 
f 3560//6596 3545//6596 3536//6596 
f 3545//6597 3525//6597 3536//6597 
f 3536//6598 3525//6598 3516//6598 
f 3525//6599 3501//6599 3516//6599 
f 3516//6600 3501//6600 3492//6600 
f 3501//6601 3481//6601 3492//6601 
f 3492//6602 3481//6602 3468//6602 
f 3481//6603 3457//6603 3468//6603 
f 3468//6604 3457//6604 3448//6604 
f 3457//6605 3433//6605 3448//6605 
f 3448//6606 3433//6606 3424//6606 
f 3433//6607 3413//6607 3424//6607 
f 3424//6608 3413//6608 3404//6608 
f 3413//6609 3389//6609 3404//6609 
f 3404//6610 3389//6610 3380//6610 
f 3389//6611 3365//6611 3380//6611 
f 3380//6612 3365//6612 3356//6612 
f 3365//6613 3266//6613 3356//6613 
f 3356//6614 3266//6614 3219//6614 
f 3266//6615 2747//6615 3219//6615 
f 3219//6616 2747//6616 2717//6616 
f 2747//6617 1919//6617 2717//6617 
f 2717//6618 1919//6618 1924//6618 
f 1924//6619 1919//6619 1187//6619 
f 1919//6620 1155//6620 1187//6620 
f 1187//6621 1155//6621 685//6621 
f 1155//6622 636//6622 685//6622 
f 685//6623 636//6623 548//6623 
f 636//6624 537//6624 548//6624 
f 548//6625 537//6625 524//6625 
f 537//6626 513//6626 524//6626 
f 524//6627 513//6627 500//6627 
f 513//6628 489//6628 500//6628 
f 500//6629 489//6629 480//6629 
f 489//6630 469//6630 480//6630 
f 480//6631 469//6631 456//6631 
f 469//6632 445//6632 456//6632 
f 456//6633 445//6633 436//6633 
f 445//6634 421//6634 436//6634 
f 436//6635 421//6635 412//6635 
f 421//6636 401//6636 412//6636 
f 412//6637 401//6637 388//6637 
f 401//6638 377//6638 388//6638 
f 388//6639 377//6639 368//6639 
f 377//6640 357//6640 368//6640 
f 368//6641 357//6641 344//6641 
f 357//6642 333//6642 344//6642 
f 344//6643 333//6643 324//6643 
f 333//6644 309//6644 324//6644 
f 324//6645 309//6645 300//6645 
f 309//6646 289//6646 300//6646 
f 300//6647 289//6647 280//6647 
f 289//6648 261//6648 280//6648 
f 272//6649 280//6649 261//6649 
f 261//6650 237//6650 272//6650 
f 248//6651 272//6651 237//6651 
f 237//6652 209//6652 248//6652 
f 224//6653 248//6653 209//6653 
f 209//6654 181//6654 224//6654 
f 200//6655 224//6655 181//6655 
f 181//6656 149//6656 200//6656 
f 172//6657 200//6657 149//6657 
f 149//6658 113//6658 172//6658 
f 164//6659 172//6659 113//6659 
f 113//6660 97//6660 164//6660 
f 97//6661 77//6661 140//6661 
f 140//6662 164//6662 97//6662 
f 3809//6663 3829//6663 3768//6663 
f 3768//6664 3744//6664 3809//6664 
f 3793//6665 3809//6665 3744//6665 
f 3744//6666 3736//6666 3793//6666 
f 3757//6667 3793//6667 3736//6667 
f 3736//6668 3708//6668 3757//6668 
f 3725//6669 3757//6669 3708//6669 
f 3708//6670 3684//6670 3725//6670 
f 3697//6671 3725//6671 3684//6671 
f 3684//6672 3660//6672 3697//6672 
f 3671//6673 3697//6673 3660//6673 
f 3660//6674 3636//6674 3671//6674 
f 3647//6675 3671//6675 3636//6675 
f 3636//6676 3628//6676 3647//6676 
f 3647//6677 3628//6677 3619//6677 
f 3628//6678 3608//6678 3619//6678 
f 3619//6679 3608//6679 3599//6679 
f 3608//6680 3584//6680 3599//6680 
f 3599//6681 3584//6681 3575//6681 
f 3584//6682 3564//6682 3575//6682 
f 3575//6683 3564//6683 3551//6683 
f 3564//6684 3540//6684 3551//6684 
f 3551//6685 3540//6685 3531//6685 
f 3540//6686 3520//6686 3531//6686 
f 3531//6687 3520//6687 3507//6687 
f 3520//6688 3496//6688 3507//6688 
f 3507//6689 3496//6689 3487//6689 
f 3496//6690 3472//6690 3487//6690 
f 3487//6691 3472//6691 3463//6691 
f 3472//6692 3452//6692 3463//6692 
f 3463//6693 3452//6693 3439//6693 
f 3452//6694 3428//6694 3439//6694 
f 3439//6695 3428//6695 3419//6695 
f 3428//6696 3408//6696 3419//6696 
f 3419//6697 3408//6697 3395//6697 
f 3408//6698 3384//6698 3395//6698 
f 3395//6699 3384//6699 3371//6699 
f 3384//6700 3360//6700 3371//6700 
f 3371//6701 3360//6701 3272//6701 
f 3360//6702 3223//6702 3272//6702 
f 3272//6703 3223//6703 2753//6703 
f 3223//6704 2721//6704 2753//6704 
f 2721//6705 1984//6705 2753//6705 
f 2753//6706 1984//6706 1989//6706 
f 1984//6707 1191//6707 1989//6707 
f 1989//6708 1191//6708 1161//6708 
f 1191//6709 689//6709 1161//6709 
f 1161//6710 689//6710 642//6710 
f 689//6711 552//6711 642//6711 
f 642//6712 552//6712 543//6712 
f 552//6713 528//6713 543//6713 
f 543//6714 528//6714 519//6714 
f 528//6715 504//6715 519//6715 
f 519//6716 504//6716 495//6716 
f 504//6717 484//6717 495//6717 
f 495//6718 484//6718 475//6718 
f 484//6719 460//6719 475//6719 
f 475//6720 460//6720 451//6720 
f 460//6721 440//6721 451//6721 
f 451//6722 440//6722 427//6722 
f 440//6723 416//6723 427//6723 
f 427//6724 416//6724 407//6724 
f 416//6725 392//6725 407//6725 
f 407//6726 392//6726 383//6726 
f 392//6727 372//6727 383//6727 
f 383//6728 372//6728 363//6728 
f 372//6729 348//6729 363//6729 
f 363//6730 348//6730 339//6730 
f 348//6731 328//6731 339//6731 
f 339//6732 328//6732 315//6732 
f 328//6733 304//6733 315//6733 
f 315//6734 304//6734 295//6734 
f 304//6735 284//6735 295//6735 
f 276//6736 267//6736 284//6736 
f 295//6737 284//6737 267//6737 
f 252//6738 243//6738 276//6738 
f 267//6739 276//6739 243//6739 
f 228//6740 217//6740 252//6740 
f 243//6741 252//6741 217//6741 
f 204//6742 189//6742 228//6742 
f 217//6743 228//6743 189//6743 
f 176//6744 157//6744 204//6744 
f 168//6745 121//6745 176//6745 
f 189//6746 204//6746 157//6746 
f 144//6747 105//6747 168//6747 
f 136//6748 85//6748 144//6748 
f 157//6749 176//6749 121//6749 
f 128//6750 69//6750 136//6750 
f 132//6751 140//6751 77//6751 
f 77//6752 61//6752 132//6752 
f 121//6753 168//6753 105//6753 
f 128//6754 132//6754 61//6754 
f 105//6755 144//6755 85//6755 
f 61//6756 53//6756 128//6756 
f 85//6757 136//6757 69//6757 
f 69//6758 128//6758 53//6758 
f 3384//6759 3383//6759 3360//6759 
f 3359//6760 3360//6760 3383//6760 
f 3380//6761 3379//6761 3404//6761 
f 3403//6762 3404//6762 3379//6762 
f 3768//6763 3776//6763 3767//6763 
f 3775//6764 3767//6764 3776//6764 
f 3776//6765 3780//6765 3775//6765 
f 3779//6766 3775//6766 3780//6766 
f 3764//6767 3740//6767 3763//6767 
f 3739//6768 3763//6768 3740//6768 
f 3540//6769 3539//6769 3520//6769 
f 3519//6770 3520//6770 3539//6770 
f 3472//6771 3471//6771 3452//6771 
f 3451//6772 3452//6772 3471//6772 
f 3520//6773 3519//6773 3496//6773 
f 3495//6774 3496//6774 3519//6774 
f 3732//6775 3704//6775 3731//6775 
f 3703//6776 3731//6776 3704//6776 
f 3604//6777 3580//6777 3603//6777 
f 3579//6778 3603//6778 3580//6778 
f 347//6779 327//6779 348//6779 
f 328//6780 348//6780 327//6780 
f 3408//6781 3407//6781 3384//6781 
f 3383//6782 3384//6782 3407//6782 
f 3684//6783 3708//6783 3683//6783 
f 3707//6784 3683//6784 3708//6784 
f 2717//6785 2716//6785 3219//6785 
f 3218//6786 3219//6786 2716//6786 
f 484//6787 483//6787 460//6787 
f 459//6788 460//6788 483//6788 
f 3740//6789 3732//6789 3739//6789 
f 3731//6790 3739//6790 3732//6790 
f 3356//6791 3355//6791 3380//6791 
f 3379//6792 3380//6792 3355//6792 
f 548//6793 547//6793 685//6793 
f 684//6794 685//6794 547//6794 
f 3564//6795 3563//6795 3540//6795 
f 3539//6796 3540//6796 3563//6796 
f 3448//6797 3447//6797 3468//6797 
f 3467//6798 3468//6798 3447//6798 
f 436//6799 435//6799 456//6799 
f 455//6800 456//6800 435//6800 
f 3680//6801 3656//6801 3679//6801 
f 3655//6802 3679//6802 3656//6802 
f 3780//6803 3772//6803 3779//6803 
f 3771//6804 3779//6804 3772//6804 
f 528//6805 527//6805 504//6805 
f 503//6806 504//6806 527//6806 
f 3360//6807 3359//6807 3223//6807 
f 3222//6808 3223//6808 3359//6808 
f 3580//6809 3560//6809 3579//6809 
f 3559//6810 3579//6810 3560//6810 
f 3428//6811 3427//6811 3408//6811 
f 3407//6812 3408//6812 3427//6812 
f 392//6813 391//6813 372//6813 
f 371//6814 372//6814 391//6814 
f 3424//6815 3423//6815 3448//6815 
f 3447//6816 3448//6816 3423//6816 
f 689//6817 688//6817 552//6817 
f 551//6818 552//6818 688//6818 
f 127//6819 131//6819 128//6819 
f 132//6820 128//6820 131//6820 
f 3223//6821 3222//6821 2721//6821 
f 2720//6822 2721//6822 3222//6822 
f 3496//6823 3495//6823 3472//6823 
f 3471//6824 3472//6824 3495//6824 
f 2721//6825 2720//6825 1984//6825 
f 1983//6826 1984//6826 2720//6826 
f 3708//6827 3736//6827 3707//6827 
f 3735//6828 3707//6828 3736//6828 
f 3608//6829 3628//6829 3607//6829 
f 3627//6830 3607//6830 3628//6830 
f 440//6831 439//6831 416//6831 
f 415//6832 416//6832 439//6832 
f 500//6833 499//6833 524//6833 
f 523//6834 524//6834 499//6834 
f 460//6835 459//6835 440//6835 
f 439//6836 440//6836 459//6836 
f 344//6837 343//6837 368//6837 
f 367//6838 368//6838 343//6838 
f 227//6839 203//6839 228//6839 
f 204//6840 228//6840 203//6840 
f 171//6841 199//6841 172//6841 
f 200//6842 172//6842 199//6842 
f 388//6843 387//6843 412//6843 
f 411//6844 412//6844 387//6844 
f 299//6845 323//6845 300//6845 
f 324//6846 300//6846 323//6846 
f 203//6847 175//6847 204//6847 
f 176//6848 204//6848 175//6848 
f 3219//6849 3218//6849 3356//6849 
f 3355//6850 3356//6850 3218//6850 
f 1191//6851 1190//6851 689//6851 
f 688//6852 689//6852 1190//6852 
f 167//6853 143//6853 168//6853 
f 144//6854 168//6854 143//6854 
f 368//6855 367//6855 388//6855 
f 387//6856 388//6856 367//6856 
f 223//6857 247//6857 224//6857 
f 248//6858 224//6858 247//6858 
f 1984//6859 1983//6859 1191//6859 
f 1190//6860 1191//6860 1983//6860 
f 3660//6861 3684//6861 3659//6861 
f 3683//6862 3659//6862 3684//6862 
f 3584//6863 3608//6863 3583//6863 
f 3607//6864 3583//6864 3608//6864 
f 3636//6865 3660//6865 3635//6865 
f 3659//6866 3635//6866 3660//6866 
f 303//6867 283//6867 304//6867 
f 284//6868 304//6868 283//6868 
f 3736//6869 3744//6869 3735//6869 
f 3743//6870 3735//6870 3744//6870 
f 251//6871 227//6871 252//6871 
f 228//6872 252//6872 227//6872 
f 3564//6873 3584//6873 3563//6873 
f 3583//6874 3563//6874 3584//6874 
f 372//6875 371//6875 348//6875 
f 347//6876 348//6876 371//6876 
f 524//6877 523//6877 548//6877 
f 547//6878 548//6878 523//6878 
f 3704//6879 3680//6879 3703//6879 
f 3679//6880 3703//6880 3680//6880 
f 3516//6881 3515//6881 3536//6881 
f 3535//6882 3536//6882 3515//6882 
f 3772//6883 3764//6883 3771//6883 
f 3763//6884 3771//6884 3764//6884 
f 552//6885 551//6885 528//6885 
f 527//6886 528//6886 551//6886 
f 275//6887 251//6887 276//6887 
f 252//6888 276//6888 251//6888 
f 3628//6889 3636//6889 3627//6889 
f 3635//6890 3627//6890 3636//6890 
f 271//6891 279//6891 272//6891 
f 280//6892 272//6892 279//6892 
f 327//6893 303//6893 328//6893 
f 304//6894 328//6894 303//6894 
f 3452//6895 3451//6895 3428//6895 
f 3427//6896 3428//6896 3451//6896 
f 3624//6897 3604//6897 3623//6897 
f 3603//6898 3623//6898 3604//6898 
f 3404//6899 3403//6899 3424//6899 
f 3423//6900 3424//6900 3403//6900 
f 1924//6901 1923//6901 2717//6901 
f 2716//6902 2717//6902 1923//6902 
f 163//6903 171//6903 164//6903 
f 172//6904 164//6904 171//6904 
f 416//6905 415//6905 392//6905 
f 391//6906 392//6906 415//6906 
f 199//6907 223//6907 200//6907 
f 224//6908 200//6908 223//6908 
f 3744//6909 3768//6909 3743//6909 
f 3767//6910 3743//6910 3768//6910 
f 504//6911 503//6911 484//6911 
f 483//6912 484//6912 503//6912 
f 279//6913 299//6913 280//6913 
f 300//6914 280//6914 299//6914 
f 480//6915 479//6915 500//6915 
f 499//6916 500//6916 479//6916 
f 3492//6917 3491//6917 3516//6917 
f 3515//6918 3516//6918 3491//6918 
f 143//6919 135//6919 144//6919 
f 136//6920 144//6920 135//6920 
f 135//6921 127//6921 136//6921 
f 128//6922 136//6922 127//6922 
f 1187//6923 1186//6923 1924//6923 
f 1923//6924 1924//6924 1186//6924 
f 3536//6925 3535//6925 3560//6925 
f 3559//6926 3560//6926 3535//6926 
f 3656//6927 3632//6927 3655//6927 
f 3631//6928 3655//6928 3632//6928 
f 175//6929 167//6929 176//6929 
f 168//6930 176//6930 167//6930 
f 3632//6931 3624//6931 3631//6931 
f 3623//6932 3631//6932 3624//6932 
f 3468//6933 3467//6933 3492//6933 
f 3491//6934 3492//6934 3467//6934 
f 323//6935 343//6935 324//6935 
f 344//6936 324//6936 343//6936 
f 283//6937 275//6937 284//6937 
f 276//6938 284//6938 275//6938 
f 685//6939 684//6939 1187//6939 
f 1186//6940 1187//6940 684//6940 
f 139//6941 163//6941 140//6941 
f 164//6942 140//6942 163//6942 
f 131//6943 139//6943 132//6943 
f 140//6944 132//6944 139//6944 
f 412//6945 411//6945 436//6945 
f 435//6946 436//6946 411//6946 
f 456//6947 455//6947 480//6947 
f 479//6948 480//6948 455//6948 
f 247//6949 271//6949 248//6949 
f 272//6950 248//6950 271//6950 
f 3848//6951 3781//6951 3856//6951 
f 3832//6952 3777//6952 3848//6952 
f 3840//6953 3856//6953 3781//6953 
f 3812//6954 3769//6954 3832//6954 
f 3781//6955 3773//6955 3840//6955 
f 3796//6956 3745//6956 3812//6956 
f 3824//6957 3840//6957 3773//6957 
f 3773//6958 3765//6958 3824//6958 
f 3781//6959 3848//6959 3777//6959 
f 3777//6960 3832//6960 3769//6960 
f 3760//6961 3737//6961 3796//6961 
f 3769//6962 3812//6962 3745//6962 
f 3745//6963 3796//6963 3737//6963 
f 3728//6964 3709//6964 3760//6964 
f 3737//6965 3760//6965 3709//6965 
f 3700//6966 3685//6966 3728//6966 
f 3709//6967 3728//6967 3685//6967 
f 3672//6968 3661//6968 3700//6968 
f 3685//6969 3700//6969 3661//6969 
f 3648//6970 3637//6970 3672//6970 
f 3661//6971 3672//6971 3637//6971 
f 3637//6972 3648//6972 3629//6972 
f 3648//6973 3620//6973 3629//6973 
f 3629//6974 3620//6974 3609//6974 
f 3620//6975 3600//6975 3609//6975 
f 3609//6976 3600//6976 3585//6976 
f 3600//6977 3576//6977 3585//6977 
f 3585//6978 3576//6978 3565//6978 
f 3576//6979 3552//6979 3565//6979 
f 3565//6980 3552//6980 3541//6980 
f 3552//6981 3532//6981 3541//6981 
f 3541//6982 3532//6982 3521//6982 
f 3532//6983 3508//6983 3521//6983 
f 3521//6984 3508//6984 3497//6984 
f 3508//6985 3488//6985 3497//6985 
f 3497//6986 3488//6986 3473//6986 
f 3488//6987 3464//6987 3473//6987 
f 3473//6988 3464//6988 3453//6988 
f 3464//6989 3440//6989 3453//6989 
f 3453//6990 3440//6990 3429//6990 
f 3440//6991 3420//6991 3429//6991 
f 3429//6992 3420//6992 3409//6992 
f 3420//6993 3396//6993 3409//6993 
f 3409//6994 3396//6994 3385//6994 
f 3396//6995 3372//6995 3385//6995 
f 3385//6996 3372//6996 3361//6996 
f 3372//6997 3273//6997 3361//6997 
f 3361//6998 3273//6998 3224//6998 
f 3273//6999 2754//6999 3224//6999 
f 3224//7000 2754//7000 2722//7000 
f 2754//7001 1990//7001 2722//7001 
f 2722//7002 1990//7002 1985//7002 
f 1985//7003 1990//7003 1192//7003 
f 1990//7004 1162//7004 1192//7004 
f 1192//7005 1162//7005 690//7005 
f 1162//7006 643//7006 690//7006 
f 690//7007 643//7007 553//7007 
f 643//7008 544//7008 553//7008 
f 553//7009 544//7009 529//7009 
f 544//7010 520//7010 529//7010 
f 529//7011 520//7011 505//7011 
f 520//7012 496//7012 505//7012 
f 505//7013 496//7013 485//7013 
f 496//7014 476//7014 485//7014 
f 485//7015 476//7015 461//7015 
f 476//7016 452//7016 461//7016 
f 461//7017 452//7017 441//7017 
f 452//7018 428//7018 441//7018 
f 441//7019 428//7019 417//7019 
f 428//7020 408//7020 417//7020 
f 417//7021 408//7021 393//7021 
f 408//7022 384//7022 393//7022 
f 393//7023 384//7023 373//7023 
f 384//7024 364//7024 373//7024 
f 373//7025 364//7025 349//7025 
f 364//7026 340//7026 349//7026 
f 349//7027 340//7027 329//7027 
f 340//7028 316//7028 329//7028 
f 329//7029 316//7029 305//7029 
f 316//7030 296//7030 305//7030 
f 305//7031 296//7031 285//7031 
f 296//7032 268//7032 285//7032 
f 277//7033 285//7033 268//7033 
f 268//7034 244//7034 277//7034 
f 253//7035 277//7035 244//7035 
f 244//7036 220//7036 253//7036 
f 229//7037 253//7037 220//7037 
f 220//7038 192//7038 229//7038 
f 205//7039 229//7039 192//7039 
f 192//7040 160//7040 205//7040 
f 177//7041 205//7041 160//7041 
f 160//7042 124//7042 177//7042 
f 169//7043 177//7043 124//7043 
f 124//7044 108//7044 169//7044 
f 108//7045 88//7045 145//7045 
f 145//7046 169//7046 108//7046 
f 3804//7047 3824//7047 3765//7047 
f 3765//7048 3741//7048 3804//7048 
f 3788//7049 3804//7049 3741//7049 
f 3741//7050 3733//7050 3788//7050 
f 3752//7051 3788//7051 3733//7051 
f 3733//7052 3705//7052 3752//7052 
f 3720//7053 3752//7053 3705//7053 
f 3705//7054 3681//7054 3720//7054 
f 3692//7055 3720//7055 3681//7055 
f 3681//7056 3657//7056 3692//7056 
f 3666//7057 3692//7057 3657//7057 
f 3657//7058 3633//7058 3666//7058 
f 3642//7059 3666//7059 3633//7059 
f 3633//7060 3625//7060 3642//7060 
f 3642//7061 3625//7061 3614//7061 
f 3625//7062 3605//7062 3614//7062 
f 3614//7063 3605//7063 3594//7063 
f 3605//7064 3581//7064 3594//7064 
f 3594//7065 3581//7065 3570//7065 
f 3581//7066 3561//7066 3570//7066 
f 3570//7067 3561//7067 3546//7067 
f 3561//7068 3537//7068 3546//7068 
f 3546//7069 3537//7069 3526//7069 
f 3537//7070 3517//7070 3526//7070 
f 3526//7071 3517//7071 3502//7071 
f 3517//7072 3493//7072 3502//7072 
f 3502//7073 3493//7073 3482//7073 
f 3493//7074 3469//7074 3482//7074 
f 3482//7075 3469//7075 3458//7075 
f 3469//7076 3449//7076 3458//7076 
f 3458//7077 3449//7077 3434//7077 
f 3449//7078 3425//7078 3434//7078 
f 3434//7079 3425//7079 3414//7079 
f 3425//7080 3405//7080 3414//7080 
f 3414//7081 3405//7081 3390//7081 
f 3405//7082 3381//7082 3390//7082 
f 3390//7083 3381//7083 3366//7083 
f 3381//7084 3357//7084 3366//7084 
f 3366//7085 3357//7085 3267//7085 
f 3357//7086 3220//7086 3267//7086 
f 3267//7087 3220//7087 2748//7087 
f 3220//7088 2718//7088 2748//7088 
f 2718//7089 1925//7089 2748//7089 
f 2748//7090 1925//7090 1920//7090 
f 1925//7091 1188//7091 1920//7091 
f 1920//7092 1188//7092 1156//7092 
f 1188//7093 686//7093 1156//7093 
f 1156//7094 686//7094 637//7094 
f 686//7095 549//7095 637//7095 
f 637//7096 549//7096 538//7096 
f 549//7097 525//7097 538//7097 
f 538//7098 525//7098 514//7098 
f 525//7099 501//7099 514//7099 
f 514//7100 501//7100 490//7100 
f 501//7101 481//7101 490//7101 
f 490//7102 481//7102 470//7102 
f 481//7103 457//7103 470//7103 
f 470//7104 457//7104 446//7104 
f 457//7105 437//7105 446//7105 
f 446//7106 437//7106 422//7106 
f 437//7107 413//7107 422//7107 
f 422//7108 413//7108 402//7108 
f 413//7109 389//7109 402//7109 
f 402//7110 389//7110 378//7110 
f 389//7111 369//7111 378//7111 
f 378//7112 369//7112 358//7112 
f 369//7113 345//7113 358//7113 
f 358//7114 345//7114 334//7114 
f 345//7115 325//7115 334//7115 
f 334//7116 325//7116 310//7116 
f 325//7117 301//7117 310//7117 
f 310//7118 301//7118 290//7118 
f 301//7119 281//7119 290//7119 
f 273//7120 262//7120 281//7120 
f 290//7121 281//7121 262//7121 
f 249//7122 238//7122 273//7122 
f 262//7123 273//7123 238//7123 
f 225//7124 212//7124 249//7124 
f 238//7125 249//7125 212//7125 
f 201//7126 184//7126 225//7126 
f 212//7127 225//7127 184//7127 
f 173//7128 152//7128 201//7128 
f 165//7129 116//7129 173//7129 
f 184//7130 201//7130 152//7130 
f 141//7131 100//7131 165//7131 
f 133//7132 80//7132 141//7132 
f 152//7133 173//7133 116//7133 
f 129//7134 64//7134 133//7134 
f 137//7135 145//7135 88//7135 
f 88//7136 72//7136 137//7136 
f 116//7137 165//7137 100//7137 
f 129//7138 137//7138 72//7138 
f 100//7139 141//7139 80//7139 
f 72//7140 56//7140 129//7140 
f 80//7141 133//7141 64//7141 
f 64//7142 129//7142 56//7142 
f 3841//7143 3782//7143 3857//7143 
f 3825//7144 3774//7144 3841//7144 
f 3849//7145 3857//7145 3782//7145 
f 3805//7146 3766//7146 3825//7146 
f 3782//7147 3778//7147 3849//7147 
f 3789//7148 3742//7148 3805//7148 
f 3833//7149 3849//7149 3778//7149 
f 3778//7150 3770//7150 3833//7150 
f 3782//7151 3841//7151 3774//7151 
f 3774//7152 3825//7152 3766//7152 
f 3753//7153 3734//7153 3789//7153 
f 3766//7154 3805//7154 3742//7154 
f 3742//7155 3789//7155 3734//7155 
f 3721//7156 3706//7156 3753//7156 
f 3734//7157 3753//7157 3706//7157 
f 3693//7158 3682//7158 3721//7158 
f 3706//7159 3721//7159 3682//7159 
f 3667//7160 3658//7160 3693//7160 
f 3682//7161 3693//7161 3658//7161 
f 3643//7162 3634//7162 3667//7162 
f 3658//7163 3667//7163 3634//7163 
f 3634//7164 3643//7164 3626//7164 
f 3643//7165 3615//7165 3626//7165 
f 3626//7166 3615//7166 3606//7166 
f 3615//7167 3595//7167 3606//7167 
f 3606//7168 3595//7168 3582//7168 
f 3595//7169 3571//7169 3582//7169 
f 3582//7170 3571//7170 3562//7170 
f 3571//7171 3547//7171 3562//7171 
f 3562//7172 3547//7172 3538//7172 
f 3547//7173 3527//7173 3538//7173 
f 3538//7174 3527//7174 3518//7174 
f 3527//7175 3503//7175 3518//7175 
f 3518//7176 3503//7176 3494//7176 
f 3503//7177 3483//7177 3494//7177 
f 3494//7178 3483//7178 3470//7178 
f 3483//7179 3459//7179 3470//7179 
f 3470//7180 3459//7180 3450//7180 
f 3459//7181 3435//7181 3450//7181 
f 3450//7182 3435//7182 3426//7182 
f 3435//7183 3415//7183 3426//7183 
f 3426//7184 3415//7184 3406//7184 
f 3415//7185 3391//7185 3406//7185 
f 3406//7186 3391//7186 3382//7186 
f 3391//7187 3367//7187 3382//7187 
f 3382//7188 3367//7188 3358//7188 
f 3367//7189 3268//7189 3358//7189 
f 3358//7190 3268//7190 3221//7190 
f 3268//7191 2749//7191 3221//7191 
f 3221//7192 2749//7192 2719//7192 
f 2749//7193 1921//7193 2719//7193 
f 2719//7194 1921//7194 1926//7194 
f 1926//7195 1921//7195 1189//7195 
f 1921//7196 1157//7196 1189//7196 
f 1189//7197 1157//7197 687//7197 
f 1157//7198 638//7198 687//7198 
f 687//7199 638//7199 550//7199 
f 638//7200 539//7200 550//7200 
f 550//7201 539//7201 526//7201 
f 539//7202 515//7202 526//7202 
f 526//7203 515//7203 502//7203 
f 515//7204 491//7204 502//7204 
f 502//7205 491//7205 482//7205 
f 491//7206 471//7206 482//7206 
f 482//7207 471//7207 458//7207 
f 471//7208 447//7208 458//7208 
f 458//7209 447//7209 438//7209 
f 447//7210 423//7210 438//7210 
f 438//7211 423//7211 414//7211 
f 423//7212 403//7212 414//7212 
f 414//7213 403//7213 390//7213 
f 403//7214 379//7214 390//7214 
f 390//7215 379//7215 370//7215 
f 379//7216 359//7216 370//7216 
f 370//7217 359//7217 346//7217 
f 359//7218 335//7218 346//7218 
f 346//7219 335//7219 326//7219 
f 335//7220 311//7220 326//7220 
f 326//7221 311//7221 302//7221 
f 311//7222 291//7222 302//7222 
f 302//7223 291//7223 282//7223 
f 291//7224 263//7224 282//7224 
f 274//7225 282//7225 263//7225 
f 263//7226 239//7226 274//7226 
f 250//7227 274//7227 239//7227 
f 239//7228 213//7228 250//7228 
f 226//7229 250//7229 213//7229 
f 213//7230 185//7230 226//7230 
f 202//7231 226//7231 185//7231 
f 185//7232 153//7232 202//7232 
f 174//7233 202//7233 153//7233 
f 153//7234 117//7234 174//7234 
f 166//7235 174//7235 117//7235 
f 117//7236 101//7236 166//7236 
f 101//7237 81//7237 142//7237 
f 142//7238 166//7238 101//7238 
f 3813//7239 3833//7239 3770//7239 
f 3770//7240 3746//7240 3813//7240 
f 3797//7241 3813//7241 3746//7241 
f 3746//7242 3738//7242 3797//7242 
f 3761//7243 3797//7243 3738//7243 
f 3738//7244 3710//7244 3761//7244 
f 3729//7245 3761//7245 3710//7245 
f 3710//7246 3686//7246 3729//7246 
f 3701//7247 3729//7247 3686//7247 
f 3686//7248 3662//7248 3701//7248 
f 3673//7249 3701//7249 3662//7249 
f 3662//7250 3638//7250 3673//7250 
f 3649//7251 3673//7251 3638//7251 
f 3638//7252 3630//7252 3649//7252 
f 3649//7253 3630//7253 3621//7253 
f 3630//7254 3610//7254 3621//7254 
f 3621//7255 3610//7255 3601//7255 
f 3610//7256 3586//7256 3601//7256 
f 3601//7257 3586//7257 3577//7257 
f 3586//7258 3566//7258 3577//7258 
f 3577//7259 3566//7259 3553//7259 
f 3566//7260 3542//7260 3553//7260 
f 3553//7261 3542//7261 3533//7261 
f 3542//7262 3522//7262 3533//7262 
f 3533//7263 3522//7263 3509//7263 
f 3522//7264 3498//7264 3509//7264 
f 3509//7265 3498//7265 3489//7265 
f 3498//7266 3474//7266 3489//7266 
f 3489//7267 3474//7267 3465//7267 
f 3474//7268 3454//7268 3465//7268 
f 3465//7269 3454//7269 3441//7269 
f 3454//7270 3430//7270 3441//7270 
f 3441//7271 3430//7271 3421//7271 
f 3430//7272 3410//7272 3421//7272 
f 3421//7273 3410//7273 3397//7273 
f 3410//7274 3386//7274 3397//7274 
f 3397//7275 3386//7275 3373//7275 
f 3386//7276 3362//7276 3373//7276 
f 3373//7277 3362//7277 3274//7277 
f 3362//7278 3225//7278 3274//7278 
f 3274//7279 3225//7279 2755//7279 
f 3225//7280 2723//7280 2755//7280 
f 2723//7281 1986//7281 2755//7281 
f 2755//7282 1986//7282 1991//7282 
f 1986//7283 1193//7283 1991//7283 
f 1991//7284 1193//7284 1163//7284 
f 1193//7285 691//7285 1163//7285 
f 1163//7286 691//7286 644//7286 
f 691//7287 554//7287 644//7287 
f 644//7288 554//7288 545//7288 
f 554//7289 530//7289 545//7289 
f 545//7290 530//7290 521//7290 
f 530//7291 506//7291 521//7291 
f 521//7292 506//7292 497//7292 
f 506//7293 486//7293 497//7293 
f 497//7294 486//7294 477//7294 
f 486//7295 462//7295 477//7295 
f 477//7296 462//7296 453//7296 
f 462//7297 442//7297 453//7297 
f 453//7298 442//7298 429//7298 
f 442//7299 418//7299 429//7299 
f 429//7300 418//7300 409//7300 
f 418//7301 394//7301 409//7301 
f 409//7302 394//7302 385//7302 
f 394//7303 374//7303 385//7303 
f 385//7304 374//7304 365//7304 
f 374//7305 350//7305 365//7305 
f 365//7306 350//7306 341//7306 
f 350//7307 330//7307 341//7307 
f 341//7308 330//7308 317//7308 
f 330//7309 306//7309 317//7309 
f 317//7310 306//7310 297//7310 
f 306//7311 286//7311 297//7311 
f 278//7312 269//7312 286//7312 
f 297//7313 286//7313 269//7313 
f 254//7314 245//7314 278//7314 
f 269//7315 278//7315 245//7315 
f 230//7316 221//7316 254//7316 
f 245//7317 254//7317 221//7317 
f 206//7318 193//7318 230//7318 
f 221//7319 230//7319 193//7319 
f 178//7320 161//7320 206//7320 
f 170//7321 125//7321 178//7321 
f 193//7322 206//7322 161//7322 
f 146//7323 109//7323 170//7323 
f 138//7324 89//7324 146//7324 
f 161//7325 178//7325 125//7325 
f 130//7326 73//7326 138//7326 
f 134//7327 142//7327 81//7327 
f 81//7328 65//7328 134//7328 
f 125//7329 170//7329 109//7329 
f 130//7330 134//7330 65//7330 
f 109//7331 146//7331 89//7331 
f 65//7332 57//7332 130//7332 
f 89//7333 138//7333 73//7333 
f 73//7334 130//7334 57//7334 
f 3386//7335 3385//7335 3362//7335 
f 3361//7336 3362//7336 3385//7336 
f 3382//7337 3381//7337 3406//7337 
f 3405//7338 3406//7338 3381//7338 
f 3770//7339 3778//7339 3769//7339 
f 3777//7340 3769//7340 3778//7340 
f 3778//7341 3782//7341 3777//7341 
f 3781//7342 3777//7342 3782//7342 
f 3766//7343 3742//7343 3765//7343 
f 3741//7344 3765//7344 3742//7344 
f 3542//7345 3541//7345 3522//7345 
f 3521//7346 3522//7346 3541//7346 
f 3474//7347 3473//7347 3454//7347 
f 3453//7348 3454//7348 3473//7348 
f 3522//7349 3521//7349 3498//7349 
f 3497//7350 3498//7350 3521//7350 
f 3734//7351 3706//7351 3733//7351 
f 3705//7352 3733//7352 3706//7352 
f 3606//7353 3582//7353 3605//7353 
f 3581//7354 3605//7354 3582//7354 
f 349//7355 329//7355 350//7355 
f 330//7356 350//7356 329//7356 
f 3410//7357 3409//7357 3386//7357 
f 3385//7358 3386//7358 3409//7358 
f 3686//7359 3710//7359 3685//7359 
f 3709//7360 3685//7360 3710//7360 
f 2719//7361 2718//7361 3221//7361 
f 3220//7362 3221//7362 2718//7362 
f 486//7363 485//7363 462//7363 
f 461//7364 462//7364 485//7364 
f 3742//7365 3734//7365 3741//7365 
f 3733//7366 3741//7366 3734//7366 
f 3358//7367 3357//7367 3382//7367 
f 3381//7368 3382//7368 3357//7368 
f 550//7369 549//7369 687//7369 
f 686//7370 687//7370 549//7370 
f 3566//7371 3565//7371 3542//7371 
f 3541//7372 3542//7372 3565//7372 
f 3450//7373 3449//7373 3470//7373 
f 3469//7374 3470//7374 3449//7374 
f 438//7375 437//7375 458//7375 
f 457//7376 458//7376 437//7376 
f 3682//7377 3658//7377 3681//7377 
f 3657//7378 3681//7378 3658//7378 
f 3782//7379 3774//7379 3781//7379 
f 3773//7380 3781//7380 3774//7380 
f 530//7381 529//7381 506//7381 
f 505//7382 506//7382 529//7382 
f 3362//7383 3361//7383 3225//7383 
f 3224//7384 3225//7384 3361//7384 
f 3582//7385 3562//7385 3581//7385 
f 3561//7386 3581//7386 3562//7386 
f 3430//7387 3429//7387 3410//7387 
f 3409//7388 3410//7388 3429//7388 
f 394//7389 393//7389 374//7389 
f 373//7390 374//7390 393//7390 
f 3426//7391 3425//7391 3450//7391 
f 3449//7392 3450//7392 3425//7392 
f 691//7393 690//7393 554//7393 
f 553//7394 554//7394 690//7394 
f 129//7395 133//7395 130//7395 
f 134//7396 130//7396 133//7396 
f 3225//7397 3224//7397 2723//7397 
f 2722//7398 2723//7398 3224//7398 
f 3498//7399 3497//7399 3474//7399 
f 3473//7400 3474//7400 3497//7400 
f 2723//7401 2722//7401 1986//7401 
f 1985//7402 1986//7402 2722//7402 
f 3710//7403 3738//7403 3709//7403 
f 3737//7404 3709//7404 3738//7404 
f 3610//7405 3630//7405 3609//7405 
f 3629//7406 3609//7406 3630//7406 
f 442//7407 441//7407 418//7407 
f 417//7408 418//7408 441//7408 
f 502//7409 501//7409 526//7409 
f 525//7410 526//7410 501//7410 
f 462//7411 461//7411 442//7411 
f 441//7412 442//7412 461//7412 
f 346//7413 345//7413 370//7413 
f 369//7414 370//7414 345//7414 
f 229//7415 205//7415 230//7415 
f 206//7416 230//7416 205//7416 
f 173//7417 201//7417 174//7417 
f 202//7418 174//7418 201//7418 
f 390//7419 389//7419 414//7419 
f 413//7420 414//7420 389//7420 
f 301//7421 325//7421 302//7421 
f 326//7422 302//7422 325//7422 
f 205//7423 177//7423 206//7423 
f 178//7424 206//7424 177//7424 
f 3221//7425 3220//7425 3358//7425 
f 3357//7426 3358//7426 3220//7426 
f 1193//7427 1192//7427 691//7427 
f 690//7428 691//7428 1192//7428 
f 169//7429 145//7429 170//7429 
f 146//7430 170//7430 145//7430 
f 370//7431 369//7431 390//7431 
f 389//7432 390//7432 369//7432 
f 225//7433 249//7433 226//7433 
f 250//7434 226//7434 249//7434 
f 1986//7435 1985//7435 1193//7435 
f 1192//7436 1193//7436 1985//7436 
f 3662//7437 3686//7437 3661//7437 
f 3685//7438 3661//7438 3686//7438 
f 3586//7439 3610//7439 3585//7439 
f 3609//7440 3585//7440 3610//7440 
f 3638//7441 3662//7441 3637//7441 
f 3661//7442 3637//7442 3662//7442 
f 305//7443 285//7443 306//7443 
f 286//7444 306//7444 285//7444 
f 3738//7445 3746//7445 3737//7445 
f 3745//7446 3737//7446 3746//7446 
f 253//7447 229//7447 254//7447 
f 230//7448 254//7448 229//7448 
f 3566//7449 3586//7449 3565//7449 
f 3585//7450 3565//7450 3586//7450 
f 374//7451 373//7451 350//7451 
f 349//7452 350//7452 373//7452 
f 526//7453 525//7453 550//7453 
f 549//7454 550//7454 525//7454 
f 3706//7455 3682//7455 3705//7455 
f 3681//7456 3705//7456 3682//7456 
f 3518//7457 3517//7457 3538//7457 
f 3537//7458 3538//7458 3517//7458 
f 3774//7459 3766//7459 3773//7459 
f 3765//7460 3773//7460 3766//7460 
f 554//7461 553//7461 530//7461 
f 529//7462 530//7462 553//7462 
f 277//7463 253//7463 278//7463 
f 254//7464 278//7464 253//7464 
f 3630//7465 3638//7465 3629//7465 
f 3637//7466 3629//7466 3638//7466 
f 273//7467 281//7467 274//7467 
f 282//7468 274//7468 281//7468 
f 329//7469 305//7469 330//7469 
f 306//7470 330//7470 305//7470 
f 3454//7471 3453//7471 3430//7471 
f 3429//7472 3430//7472 3453//7472 
f 3626//7473 3606//7473 3625//7473 
f 3605//7474 3625//7474 3606//7474 
f 3406//7475 3405//7475 3426//7475 
f 3425//7476 3426//7476 3405//7476 
f 1926//7477 1925//7477 2719//7477 
f 2718//7478 2719//7478 1925//7478 
f 165//7479 173//7479 166//7479 
f 174//7480 166//7480 173//7480 
f 418//7481 417//7481 394//7481 
f 393//7482 394//7482 417//7482 
f 201//7483 225//7483 202//7483 
f 226//7484 202//7484 225//7484 
f 3746//7485 3770//7485 3745//7485 
f 3769//7486 3745//7486 3770//7486 
f 506//7487 505//7487 486//7487 
f 485//7488 486//7488 505//7488 
f 281//7489 301//7489 282//7489 
f 302//7490 282//7490 301//7490 
f 482//7491 481//7491 502//7491 
f 501//7492 502//7492 481//7492 
f 3494//7493 3493//7493 3518//7493 
f 3517//7494 3518//7494 3493//7494 
f 145//7495 137//7495 146//7495 
f 138//7496 146//7496 137//7496 
f 137//7497 129//7497 138//7497 
f 130//7498 138//7498 129//7498 
f 1189//7499 1188//7499 1926//7499 
f 1925//7500 1926//7500 1188//7500 
f 3538//7501 3537//7501 3562//7501 
f 3561//7502 3562//7502 3537//7502 
f 3658//7503 3634//7503 3657//7503 
f 3633//7504 3657//7504 3634//7504 
f 177//7505 169//7505 178//7505 
f 170//7506 178//7506 169//7506 
f 3634//7507 3626//7507 3633//7507 
f 3625//7508 3633//7508 3626//7508 
f 3470//7509 3469//7509 3494//7509 
f 3493//7510 3494//7510 3469//7510 
f 325//7511 345//7511 326//7511 
f 346//7512 326//7512 345//7512 
f 285//7513 277//7513 286//7513 
f 278//7514 286//7514 277//7514 
f 687//7515 686//7515 1189//7515 
f 1188//7516 1189//7516 686//7516 
f 141//7517 165//7517 142//7517 
f 166//7518 142//7518 165//7518 
f 133//7519 141//7519 134//7519 
f 142//7520 134//7520 141//7520 
f 414//7521 413//7521 438//7521 
f 437//7522 438//7522 413//7522 
f 458//7523 457//7523 482//7523 
f 481//7524 482//7524 457//7524 
f 249//7525 273//7525 250//7525 
f 274//7526 250//7526 273//7526 
f 2586//7527 2585//7527 2693//7527 
f 2692//7528 2693//7528 2585//7528 
f 3347//7529 3351//7529 3348//7529 
f 3352//7530 3348//7530 3351//7530 
f 592//7531 588//7531 591//7531 
f 587//7532 591//7532 588//7532 
f 778//7533 777//7533 852//7533 
f 851//7534 852//7534 777//7534 
f 2693//7535 2692//7535 2805//7535 
f 2804//7536 2805//7536 2692//7536 
f 934//7537 933//7537 1012//7537 
f 1011//7538 1012//7538 933//7538 
f 594//7539 598//7539 593//7539 
f 597//7540 593//7540 598//7540 
f 584//7541 580//7541 583//7541 
f 579//7542 583//7542 580//7542 
f 2179//7543 2178//7543 1928//7543 
f 1927//7544 1928//7544 2178//7544 
f 3317//7545 3313//7545 3318//7545 
f 3314//7546 3318//7546 3313//7546 
f 2805//7547 2804//7547 2900//7547 
f 2899//7548 2900//7548 2804//7548 
f 1219//7549 1218//7549 1326//7549 
f 1325//7550 1326//7550 1218//7550 
f 3343//7551 3347//7551 3344//7551 
f 3348//7552 3344//7552 3347//7552 
f 1982//7553 1981//7553 2181//7553 
f 2180//7554 2181//7554 1981//7554 
f 570//7555 574//7555 569//7555 
f 573//7556 569//7556 574//7556 
f 3311//7557 3315//7557 3312//7557 
f 3316//7558 3312//7558 3315//7558 
f 710//7559 709//7559 620//7559 
f 619//7560 620//7560 709//7560 
f 3325//7561 3321//7561 3326//7561 
f 3322//7562 3326//7562 3321//7562 
f 1105//7563 1104//7563 1010//7563 
f 1009//7564 1010//7564 1104//7564 
f 712//7565 711//7565 778//7565 
f 777//7566 778//7566 711//7566 
f 2803//7567 2802//7567 2691//7567 
f 2690//7568 2691//7568 2802//7568 
f 562//7569 566//7569 561//7569 
f 565//7570 561//7570 566//7570 
f 622//7571 621//7571 712//7571 
f 711//7572 712//7572 621//7572 
f 1012//7573 1011//7573 1107//7573 
f 1106//7574 1107//7574 1011//7574 
f 1729//7575 1728//7575 1573//7575 
f 1572//7576 1573//7576 1728//7576 
f 2335//7577 2334//7577 2179//7577 
f 2178//7578 2179//7578 2334//7578 
f 3339//7579 3343//7579 3340//7579 
f 3344//7580 3340//7580 3343//7580 
f 3313//7581 3309//7581 3314//7581 
f 3310//7582 3314//7582 3309//7582 
f 588//7583 584//7583 587//7583 
f 583//7584 587//7584 584//7584 
f 3351//7585 3353//7585 3352//7585 
f 3354//7586 3352//7586 3353//7586 
f 932//7587 931//7587 850//7587 
f 849//7588 850//7588 931//7588 
f 572//7589 568//7589 571//7589 
f 567//7590 571//7590 568//7590 
f 576//7591 572//7591 575//7591 
f 571//7592 575//7592 572//7592 
f 1107//7593 1106//7593 1219//7593 
f 1218//7594 1219//7594 1106//7594 
f 560//7595 556//7595 559//7595 
f 555//7596 559//7596 556//7596 
f 558//7597 562//7597 557//7597 
f 561//7598 557//7598 562//7598 
f 590//7599 594//7599 589//7599 
f 593//7600 589//7600 594//7600 
f 3327//7601 3331//7601 3328//7601 
f 3332//7602 3328//7602 3331//7602 
f 1326//7603 1325//7603 1442//7603 
f 1441//7604 1442//7604 1325//7604 
f 3345//7605 3341//7605 3346//7605 
f 3342//7606 3346//7606 3341//7606 
f 580//7607 576//7607 579//7607 
f 575//7608 579//7608 576//7608 
f 598//7609 620//7609 597//7609 
f 619//7610 597//7610 620//7610 
f 3337//7611 3333//7611 3338//7611 
f 3334//7612 3338//7612 3333//7612 
f 3315//7613 3319//7613 3316//7613 
f 3320//7614 3316//7614 3319//7614 
f 596//7615 592//7615 595//7615 
f 591//7616 595//7616 592//7616 
f 3132//7617 3131//7617 3058//7617 
f 3057//7618 3058//7618 3131//7618 
f 3349//7619 3345//7619 3350//7619 
f 3346//7620 3350//7620 3345//7620 
f 3198//7621 3197//7621 3132//7621 
f 3131//7622 3132//7622 3197//7622 
f 3353//7623 3349//7623 3354//7623 
f 3350//7624 3354//7624 3349//7624 
f 2691//7625 2690//7625 2584//7625 
f 2583//7626 2584//7626 2690//7626 
f 3060//7627 3059//7627 3134//7627 
f 3133//7628 3134//7628 3059//7628 
f 3319//7629 3323//7629 3320//7629 
f 3324//7630 3320//7630 3323//7630 
f 566//7631 570//7631 565//7631 
f 569//7632 565//7632 570//7632 
f 3331//7633 3335//7633 3332//7633 
f 3336//7634 3332//7634 3335//7634 
f 2978//7635 2977//7635 3060//7635 
f 3059//7636 3060//7636 2977//7636 
f 2976//7637 2975//7637 2898//7637 
f 2897//7638 2898//7638 2975//7638 
f 1731//7639 1730//7639 1982//7639 
f 1981//7640 1982//7640 1730//7640 
f 3058//7641 3057//7641 2976//7641 
f 2975//7642 2976//7642 3057//7642 
f 564//7643 560//7643 563//7643 
f 559//7644 563//7644 560//7644 
f 3353//7645 3351//7645 3349//7645 
f 3351//7646 3347//7646 3349//7646 
f 3349//7647 3347//7647 3345//7647 
f 3347//7648 3343//7648 3345//7648 
f 3345//7649 3343//7649 3341//7649 
f 3343//7650 3339//7650 3341//7650 
f 3341//7651 3339//7651 3337//7651 
f 3339//7652 3335//7652 3337//7652 
f 3337//7653 3335//7653 3333//7653 
f 3335//7654 3331//7654 3333//7654 
f 3333//7655 3331//7655 3329//7655 
f 3331//7656 3327//7656 3329//7656 
f 3329//7657 3327//7657 3325//7657 
f 3327//7658 3323//7658 3325//7658 
f 3325//7659 3323//7659 3321//7659 
f 3323//7660 3319//7660 3321//7660 
f 3321//7661 3319//7661 3317//7661 
f 3319//7662 3315//7662 3317//7662 
f 3317//7663 3315//7663 3313//7663 
f 3315//7664 3311//7664 3313//7664 
f 3313//7665 3311//7665 3309//7665 
f 3311//7666 3289//7666 3309//7666 
f 3309//7667 3289//7667 3287//7667 
f 3289//7668 3199//7668 3287//7668 
f 3287//7669 3199//7669 3197//7669 
f 3199//7670 3133//7670 3197//7670 
f 3197//7671 3133//7671 3131//7671 
f 3133//7672 3059//7672 3131//7672 
f 3131//7673 3059//7673 3057//7673 
f 3059//7674 2977//7674 3057//7674 
f 3057//7675 2977//7675 2975//7675 
f 2977//7676 2899//7676 2975//7676 
f 2975//7677 2899//7677 2897//7677 
f 2899//7678 2804//7678 2897//7678 
f 2897//7679 2804//7679 2802//7679 
f 2804//7680 2692//7680 2802//7680 
f 2802//7681 2692//7681 2690//7681 
f 2692//7682 2585//7682 2690//7682 
f 2690//7683 2585//7683 2583//7683 
f 2585//7684 2469//7684 2583//7684 
f 2583//7685 2469//7685 2467//7685 
f 2469//7686 2336//7686 2467//7686 
f 2467//7687 2336//7687 2334//7687 
f 2336//7688 2180//7688 2334//7688 
f 2334//7689 2180//7689 2178//7689 
f 2180//7690 1981//7690 2178//7690 
f 2178//7691 1981//7691 1927//7691 
f 1981//7692 1730//7692 1927//7692 
f 1927//7693 1730//7693 1728//7693 
f 1730//7694 1574//7694 1728//7694 
f 1728//7695 1574//7695 1572//7695 
f 1574//7696 1441//7696 1572//7696 
f 1572//7697 1441//7697 1439//7697 
f 1441//7698 1325//7698 1439//7698 
f 1439//7699 1325//7699 1323//7699 
f 1325//7700 1218//7700 1323//7700 
f 1323//7701 1218//7701 1216//7701 
f 1218//7702 1106//7702 1216//7702 
f 1216//7703 1106//7703 1104//7703 
f 1106//7704 1011//7704 1104//7704 
f 1104//7705 1011//7705 1009//7705 
f 1011//7706 933//7706 1009//7706 
f 1009//7707 933//7707 931//7707 
f 933//7708 851//7708 931//7708 
f 931//7709 851//7709 849//7709 
f 851//7710 777//7710 849//7710 
f 849//7711 777//7711 775//7711 
f 777//7712 711//7712 775//7712 
f 775//7713 711//7713 709//7713 
f 711//7714 621//7714 709//7714 
f 709//7715 621//7715 619//7715 
f 621//7716 599//7716 619//7716 
f 619//7717 599//7717 597//7717 
f 599//7718 595//7718 597//7718 
f 597//7719 595//7719 593//7719 
f 595//7720 591//7720 593//7720 
f 593//7721 591//7721 589//7721 
f 591//7722 587//7722 589//7722 
f 589//7723 587//7723 585//7723 
f 587//7724 583//7724 585//7724 
f 585//7725 583//7725 581//7725 
f 583//7726 579//7726 581//7726 
f 581//7727 579//7727 577//7727 
f 579//7728 575//7728 577//7728 
f 577//7729 575//7729 573//7729 
f 575//7730 571//7730 573//7730 
f 573//7731 571//7731 569//7731 
f 571//7732 567//7732 569//7732 
f 569//7733 567//7733 565//7733 
f 567//7734 563//7734 565//7734 
f 565//7735 563//7735 561//7735 
f 563//7736 559//7736 561//7736 
f 561//7737 559//7737 557//7737 
f 555//7738 557//7738 559//7738 
f 3134//7739 3133//7739 3200//7739 
f 3199//7740 3200//7740 3133//7740 
f 2468//7741 2467//7741 2335//7741 
f 2334//7742 2335//7742 2467//7742 
f 3289//7743 3311//7743 3290//7743 
f 3312//7744 3290//7744 3311//7744 
f 622//7745 600//7745 621//7745 
f 599//7746 621//7746 600//7746 
f 852//7747 851//7747 934//7747 
f 933//7748 934//7748 851//7748 
f 850//7749 849//7749 776//7749 
f 775//7750 776//7750 849//7750 
f 3321//7751 3317//7751 3322//7751 
f 3318//7752 3322//7752 3317//7752 
f 3341//7753 3337//7753 3342//7753 
f 3338//7754 3342//7754 3337//7754 
f 3323//7755 3327//7755 3324//7755 
f 3328//7756 3324//7756 3327//7756 
f 1324//7757 1323//7757 1217//7757 
f 1216//7758 1217//7758 1323//7758 
f 2898//7759 2897//7759 2803//7759 
f 2802//7760 2803//7760 2897//7760 
f 3335//7761 3339//7761 3336//7761 
f 3340//7762 3336//7762 3339//7762 
f 1442//7763 1441//7763 1575//7763 
f 1574//7764 1575//7764 1441//7764 
f 2181//7765 2180//7765 2337//7765 
f 2336//7766 2337//7766 2180//7766 
f 3200//7767 3199//7767 3290//7767 
f 3289//7768 3290//7768 3199//7768 
f 1575//7769 1574//7769 1731//7769 
f 1730//7770 1731//7770 1574//7770 
f 574//7771 578//7771 573//7771 
f 577//7772 573//7772 578//7772 
f 1928//7773 1927//7773 1729//7773 
f 1728//7774 1729//7774 1927//7774 
f 3329//7775 3325//7775 3330//7775 
f 3326//7776 3330//7776 3325//7776 
f 600//7777 596//7777 599//7777 
f 595//7778 599//7778 596//7778 
f 3288//7779 3287//7779 3198//7779 
f 3197//7780 3198//7780 3287//7780 
f 2470//7781 2469//7781 2586//7781 
f 2585//7782 2586//7782 2469//7782 
f 578//7783 582//7783 577//7783 
f 581//7784 577//7784 582//7784 
f 568//7785 564//7785 567//7785 
f 563//7786 567//7786 564//7786 
f 1573//7787 1572//7787 1440//7787 
f 1439//7788 1440//7788 1572//7788 
f 586//7789 590//7789 585//7789 
f 589//7790 585//7790 590//7790 
f 2584//7791 2583//7791 2468//7791 
f 2467//7792 2468//7792 2583//7792 
f 556//7793 558//7793 555//7793 
f 557//7794 555//7794 558//7794 
f 2337//7795 2336//7795 2470//7795 
f 2469//7796 2470//7796 2336//7796 
f 1217//7797 1216//7797 1105//7797 
f 1104//7798 1105//7798 1216//7798 
f 1010//7799 1009//7799 932//7799 
f 931//7800 932//7800 1009//7800 
f 776//7801 775//7801 710//7801 
f 709//7802 710//7802 775//7802 
f 2900//7803 2899//7803 2978//7803 
f 2977//7804 2978//7804 2899//7804 
f 3333//7805 3329//7805 3334//7805 
f 3330//7806 3334//7806 3329//7806 
f 1440//7807 1439//7807 1324//7807 
f 1323//7808 1324//7808 1439//7808 
f 3309//7809 3287//7809 3310//7809 
f 3288//7810 3310//7810 3287//7810 
f 582//7811 586//7811 581//7811 
f 585//7812 581//7812 586//7812 
